#VRML V2.0 utf8
# 3D model generated by easyeda2kicad.py (https://github.com/uPesy/easyeda2kicad.py)

Shape{
    appearance Appearance {
        material  Material 	{
            diffuseColor 0.396078431372549 0.396078431372549 0.396078431372549
            specularColor 0.027450980392156862 0.027450980392156862 0.027450980392156862
            ambientIntensity 0.2
            transparency 0
            shininess 0.5
        }
    }
    geometry IndexedFaceSet {
        ccw TRUE
        solid FALSE
        coord DEF co Coordinate {
            point [
                -2.1161 -2.6421 0.9126, -2.1161 -2.4841 1.0706, -2.7559 -2.6421 0.9126, -2.5492 -2.4841 1.0706, -2.5492 -1.5814 1.9732, -1.8209 -2.4841 1.0706, -1.8209 -2.6421 0.9126, -1.3681 -2.4841 1.0706, -1.1811 -2.6421 0.9126, -1.3681 -1.5814 1.9732, -1.1811 -0.9718 2.5829, -2.7559 -0.9718 2.5829, -1.1811 -2.317 6.1869, -0.9843 -2.317 6.7774, -2.7559 -2.317 6.1869, -2.9528 -2.317 6.7774, -2.7559 -2.317 4.2184, -2.9528 -2.317 4.0215, -1.1811 -2.317 4.2184, -0.9843 -2.317 4.0215, -2.3299 0.5078 0.0, -2.3299 0.3674 0.0, -2.338 0.3654 0.0, -2.2343 3.0906 0.0, -1.9534 3.0906 0.0, -1.9534 1.8054 0.0, -2.2343 3.6024 0.0, -2.3299 4.1732 0.0, -1.9534 3.6024 0.0, -1.9534 4.1732 0.0, -1.7028 3.6024 0.0, -0.9843 4.1732 0.0, -1.7028 3.0906 0.0, -0.9843 1.8054 0.0, -1.9534 -1.3636 0.0, -0.9843 -1.3636 0.0, -1.7028 -2.3031 0.0, -1.7028 -2.815 0.0, -0.9843 -3.204 0.0, -1.9534 -2.815 0.0, -1.9534 -3.204 0.0, -2.2343 -2.815 0.0, -2.3299 -3.204 0.0, -2.2343 -2.3031 0.0, -2.3299 -1.3636 0.0, -1.9534 -2.3031 0.0, -2.1793 0.4722 0.0, -2.1979 0.3952 0.0, -2.3169 0.5056 0.0, -2.2823 0.377 0.0, -2.3254 0.3685 0.0, -2.3444 0.3615 0.0, -2.3444 0.3611 0.0, -2.9528 0.3346 0.0, -2.3444 0.3607 0.0, -2.3443 0.3603 0.0, -2.338 0.3346 0.0, -2.344 0.36 0.0, -2.3436 0.3596 0.0, -2.3427 0.3591 0.0, -2.3414 0.3588 0.0, -2.3434 0.3629 0.0, -2.344 0.3623 0.0, -2.3419 0.5103 0.0, -2.3434 0.5134 0.0, -2.3435 0.513 0.0, -2.341 0.5149 0.0, -2.3419 0.5146 0.0, -2.9528 1.8054 0.0, -2.3426 0.5143 0.0, -2.3431 0.5139 0.0, -2.3442 0.3619 0.0, -2.3427 0.5109 0.0, -2.3432 0.5114 0.0, -2.3434 0.5119 0.0, -2.339 0.3651 0.0, -2.341 0.3644 0.0, -2.3423 0.3636 0.0, -2.338 1.8054 0.0, -2.338 0.5154 0.0, -2.3396 0.5151 0.0, -2.34 0.5096 0.0, -2.3396 0.5095 0.0, -2.338 0.5092 0.0, -2.3436 0.5127 0.0, -2.3436 0.5124 0.0, -2.2823 0.3561 0.0, -2.2772 0.3589 0.0, -2.2525 0.3663 0.0, -2.3276 0.3572 0.0, -2.3039 0.3544 0.0, -2.3299 0.3346 0.0, -2.276 0.5148 0.0, -2.2796 0.5172 0.0, -2.2659 0.5112 0.0, -1.9573 0.4387 0.0, -2.2002 0.4936 0.0, -2.2286 0.5004 0.0, -2.242 0.5035 0.0, -2.2552 0.5072 0.0, -2.2929 0.3536 0.0, -2.2877 0.3538 0.0, -1.9534 0.3346 0.0, -2.2845 0.3549 0.0, -2.3299 1.8054 0.0, -2.2274 0.3725 0.0, -1.9573 0.4308 0.0, -2.2847 0.5202 0.0, -2.2894 0.5197 0.0, -2.2977 0.5192 0.0, -2.282 0.5192 0.0, -2.2829 0.5198 0.0, -2.2836 0.52 0.0, -2.3248 0.5169 0.0, -2.3299 0.5163 0.0, -2.3344 0.5157 0.0, -2.3375 0.5155 0.0, -2.2994 0.5191 0.0, -2.338 0.3583 0.0, -2.3355 0.358 0.0, -2.3299 0.3574 0.0, -2.3028 0.1458 0.0, -2.3025 0.1461 0.0, -1.9534 0.1238 0.0, -2.3063 0.1452 0.0, -2.3057 0.145 0.0, -2.3299 0.1238 0.0, -1.9709 0.2545 0.0, -1.974 0.2673 0.0, -1.9793 0.2775 0.0, -1.9872 0.2866 0.0, -1.9996 0.2955 0.0, -2.0205 0.3038 0.0, -2.3052 0.1449 0.0, -2.3047 0.1449 0.0, -2.3039 0.1453 0.0, -1.9698 0.2369 0.0, -1.9708 0.2244 0.0, -1.9824 0.1451 0.0, -1.9835 0.1447 0.0, -1.9849 0.1445 0.0, -2.3023 0.1463 0.0, -2.3021 0.1468 0.0, -2.0054 0.1673 0.0, -2.3021 0.147 0.0, -2.3019 0.1482 0.0, -2.3021 0.1504 0.0, -2.3021 0.1582 0.0, -2.3021 0.1673 0.0, -2.27 0.2991 0.0, -2.2904 0.2878 0.0, -2.3023 0.278 0.0, -2.3101 0.2679 0.0, -2.3128 0.2626 0.0, -2.331 0.1698 0.0, -2.3299 0.1682 0.0, -2.3284 0.1661 0.0, -2.3208 0.158 0.0, -1.9805 0.1786 0.0, -1.9794 0.1905 0.0, -1.9732 0.212 0.0, -2.3092 0.1472 0.0, -2.308 0.1463 0.0, -2.307 0.1456 0.0, -1.9815 0.1458 0.0, -1.9805 0.1469 0.0, -1.9823 0.1572 0.0, -1.9911 0.1473 0.0, -1.993 0.1498 0.0, -2.0015 0.1599 0.0, -1.9894 0.1459 0.0, -1.9876 0.1449 0.0, -1.9864 0.1446 0.0, -1.9823 0.169 0.0, -1.9814 0.1738 0.0, -2.0821 0.3128 0.0, -2.1657 0.3157 0.0, -2.2335 0.3097 0.0, -2.3163 0.2509 0.0, -2.3214 0.2149 0.0, -2.3243 0.19 0.0, -2.0036 0.1635 0.0, -2.318 0.1554 0.0, -2.3107 0.1486 0.0, -2.3314 0.1729 0.0, -2.3316 0.1724 0.0, -2.338 0.1238 0.0, -2.3315 0.1709 0.0, -2.3268 0.1807 0.0, -2.3299 0.1755 0.0, -2.3303 0.1748 0.0, -2.3033 -0.1183 0.0, -2.3152 -0.128 0.0, -2.3299 -0.0743 0.0, -1.9534 -0.0743 0.0, -1.9703 -0.1065 0.0, -2.1215 -0.1065 0.0, -2.3233 -0.1391 0.0, -2.3288 -0.1524 0.0, -2.3299 -0.1597 0.0, -1.9641 -0.1716 0.0, -1.9684 -0.1551 0.0, -1.9703 -0.115 0.0, -1.9755 -0.1422 0.0, -2.0251 -0.2371 0.0, -1.9957 -0.2234 0.0, -1.9534 -0.2762 0.0, -2.1912 -0.098 0.0, -2.2583 -0.1023 0.0, -2.2846 -0.109 0.0, -2.3299 -0.1754 0.0, -2.3297 -0.1798 0.0, -2.3299 -0.2762 0.0, -2.3247 -0.1946 0.0, -2.3167 -0.2076 0.0, -1.9864 -0.1302 0.0, -1.9947 -0.124 0.0, -2.0037 -0.119 0.0, -2.1748 -0.2379 0.0, -2.2206 -0.1099 0.0, -2.0771 -0.2348 0.0, -2.1906 -0.1071 0.0, -2.0577 -0.2313 0.0, -1.981 -0.211 0.0, -1.9706 -0.1971 0.0, -1.9661 -0.1884 0.0, -2.3118 -0.1716 0.0, -2.2557 -0.2239 0.0, -2.1215 -0.1172 0.0, -2.0418 -0.122 0.0, -1.9644 -0.1811 0.0, -2.2994 -0.1366 0.0, -2.29 -0.1283 0.0, -2.0182 -0.218 0.0, -2.0019 -0.2077 0.0, -1.9929 -0.1986 0.0, -2.3038 -0.1951 0.0, -2.296 -0.2034 0.0, -2.2794 -0.215 0.0, -2.3108 -0.159 0.0, -2.3063 -0.1467 0.0, -2.2755 -0.1208 0.0, -2.2379 -0.1125 0.0, -2.3059 -0.2174 0.0, -2.282 -0.2309 0.0, -2.2312 -0.2463 0.0, -2.2263 -0.2472 0.0, -2.1192 -0.2539 0.0, -2.087 -0.2509 0.0, -2.3084 -0.1878 0.0, -2.3108 -0.1804 0.0, -2.016 -0.1291 0.0, -2.0014 -0.1367 0.0, -1.9934 -0.1436 0.0, -1.9828 -0.1671 0.0, -1.9835 -0.1789 0.0, -1.9869 -0.189 0.0, -1.9871 -0.1526 0.0, -1.9839 -0.1614 0.0, -2.338 -0.0743 0.0, -2.3305 -0.1637 0.0, -2.338 -0.2762 0.0, -2.0162 -0.4037 0.0, -2.2892 -0.3219 0.0, -2.288 -0.3194 0.0, -1.9534 -0.417 0.0, -1.9805 -0.3953 0.0, -1.9932 -0.4013 0.0, -2.0093 -0.4036 0.0, -2.3135 -0.2962 0.0, -2.3147 -0.2968 0.0, -2.3054 -0.3 0.0, -2.3074 -0.2981 0.0, -2.3089 -0.2972 0.0, -2.3113 -0.2965 0.0, -2.3077 -0.42 0.0, -2.3027 -0.4196 0.0, -2.3205 -0.4215 0.0, -2.2693 -0.4185 0.0, -2.305 -0.4037 0.0, -2.3013 -0.3601 0.0, -2.2982 -0.3394 0.0, -2.2966 -0.3325 0.0, -2.2997 -0.3062 0.0, -2.2946 -0.3284 0.0, -2.2917 -0.3248 0.0, -2.0145 -0.4185 0.0, -1.9869 -0.4189 0.0, -1.9596 -0.423 0.0, -2.3233 -0.4215 0.0, -2.3187 -0.3249 0.0, -2.3229 -0.3651 0.0, -2.3153 -0.2973 0.0, -2.3158 -0.2981 0.0, -2.3163 -0.2993 0.0, -2.3165 -0.3015 0.0, -2.3168 -0.3119 0.0, -2.3237 -0.3755 0.0, -2.326 -0.3992 0.0, -2.3271 -0.4123 0.0, -2.3275 -0.4189 0.0, -2.327 -0.4195 0.0, -2.328 -0.4153 0.0, -2.328 -0.4169 0.0, -2.3279 -0.418 0.0, -2.3262 -0.4203 0.0, -2.3246 -0.4211 0.0, -1.9539 -0.4241 0.0, -1.9534 -0.4236 0.0, -1.9494 -0.4202 0.0, -0.9843 -0.2762 0.0, -2.3299 -3.593 0.0, -1.9534 -3.593 0.0, -0.9843 -3.593 0.0, -2.338 -1.3636 0.0, -2.338 -3.204 0.0, -2.338 -3.593 0.0, -2.3285 -0.0373 0.0, -2.3279 -0.0387 0.0, -2.3269 -0.04 0.0, -2.3257 -0.041 0.0, -2.3075 0.1017 0.0, -2.3079 0.1011 0.0, -1.9808 -0.0507 0.0, -1.9804 -0.0506 0.0, -1.9801 -0.0504 0.0, -1.9794 -0.0491 0.0, -1.9792 -0.0482 0.0, -2.1289 -0.0203 0.0, -2.1227 0.0273 0.0, -2.0043 -0.0203 0.0, -2.1187 0.0469 0.0, -2.1079 0.0703 0.0, -1.9879 0.0868 0.0, -1.9891 0.0777 0.0, -2.3048 0.1031 0.0, -2.306 0.1028 0.0, -2.307 0.1022 0.0, -2.3288 -0.0358 0.0, -2.3287 -0.033 0.0, -1.9908 0.0644 0.0, -1.9924 0.051 0.0, -2.1108 0.0652 0.0, -2.1142 0.0595 0.0, -1.9619 0.0732 0.0, -1.9788 0.0895 0.0, -2.1295 0.0893 0.0, -1.9874 0.0893 0.0, -1.9877 0.0884 0.0, -2.1314 0.0888 0.0, -2.1322 0.0883 0.0, -2.2818 0.085 0.0, -2.1332 0.0872 0.0, -2.1337 0.0862 0.0, -1.9798 -0.05 0.0, -1.9797 -0.0499 0.0, -1.9853 0.0915 0.0, -1.986 0.0911 0.0, -1.9868 0.0903 0.0, -2.2994 0.1009 0.0, -2.3014 0.1024 0.0, -2.3026 0.1029 0.0, -2.3037 0.1032 0.0, -1.9831 0.0917 0.0, -1.9839 0.0918 0.0, -1.9847 0.0917 0.0, -2.126 0.088 0.0, -2.1273 0.0887 0.0, -2.1285 0.0892 0.0, -2.1487 -0.0203 0.0, -2.3021 -0.0203 0.0, -2.2903 0.0641 0.0, -2.3208 0.0035 0.0, -2.3254 -0.0225 0.0, -2.3277 -0.0289 0.0, -2.324 -0.0417 0.0, -2.3218 -0.0421 0.0, -2.3175 -0.0418 0.0, -1.9872 -0.05 0.0, -1.985 -0.0506 0.0, -1.9835 -0.0507 0.0, -1.9793 -0.0466 0.0, -1.9794 -0.0458 0.0, -1.9811 -0.035 0.0, -2.1339 0.0853 0.0, -2.134 0.0839 0.0, -2.2846 0.08 0.0, -2.2882 0.0723 0.0, -2.3082 0.1002 0.0, -2.3084 0.0979 0.0, -2.3084 0.0975 0.0, -1.9824 -0.0507 0.0, -1.9812 -0.0508 0.0, -1.9823 -0.0254 0.0, -1.9823 -0.0157 0.0, -1.9823 -0.0141 0.0, -1.9766 0.0301 0.0, -1.9726 0.0496 0.0, -1.9807 0.0906 0.0, -1.9821 0.0913 0.0, -2.1305 0.0892 0.0, -2.1244 0.0868 0.0, -2.3089 0.089 0.0, -2.3142 0.0462 0.0, -1.9973 -0.0427 0.0, -1.9928 -0.0464 0.0, -1.9897 -0.0487 0.0, -1.982 -0.003 0.0, -1.9805 0.008 0.0, -1.967 0.0652 0.0, -1.9652 0.0681 0.0, -2.3032 -0.0382 0.0, -2.2885 -0.0367 0.0, -2.2778 -0.0367 0.0, -2.0043 -0.0367 0.0, -2.2636 -0.0361 0.0, -2.2707 -0.0364 0.0, -2.9528 0.1238 0.0, -2.9528 -0.0743 0.0, -2.9528 -0.2762 0.0, -2.9528 -1.3636 0.0, -2.9528 -3.204 0.0, -2.9528 -3.593 0.0, -0.9843 0.3346 0.0, -0.9843 0.1238 0.0, -0.9843 -0.0743 0.0, -2.9528 4.1732 0.0, -2.338 4.1732 0.0, -2.9528 -4.1732 2.1654, -0.9843 -4.1732 2.1654, -2.7559 -4.034 2.3045, -2.7559 -2.9205 3.4181, -1.1811 -4.034 2.3045, -1.1811 -2.9205 3.4181, -2.7559 0.1885 9.2829, -2.7559 1.0236 10.1181, -2.9528 1.0236 10.1181, -2.7559 -0.6467 8.4478, -1.1811 0.1885 9.2829, -1.1811 -0.6467 8.4478, -1.1811 1.0236 10.1181, -0.9843 1.0236 10.1181, -1.1811 -2.0943 7.0002, -2.7559 -2.0943 7.0002, -0.9843 2.5984 10.1181, -2.9528 2.5984 10.1181, -2.9528 2.5984 10.5118, -0.9843 2.5984 10.5118, -2.9528 4.1732 10.5118, -0.9843 4.1732 10.5118, -1.1811 1.5804 7.891, -2.7559 1.5804 7.891, -1.1811 2.4156 8.7262, -2.7559 2.4156 8.7262, -1.1811 -0.7024 5.6082, -2.7559 -0.7024 5.6082, -1.3681 0.2467 6.5573, -1.3681 0.021 6.3316, -2.5492 0.2467 6.5573, -2.7559 1.302 7.6126, -2.5492 0.021 6.3316, -2.1161 0.2467 6.5573, -2.1161 0.4808 6.7914, -2.5492 0.4808 6.7914, -2.5492 0.6923 7.0029, -1.1811 1.302 7.6126, -1.3681 0.6923 7.0029, -1.3681 0.4808 6.7914, -1.8209 0.4808 6.7914, -1.8209 0.2467 6.5573, -1.1811 -0.424 8.2251, -2.7559 -0.424 8.2251, -1.1811 0.1328 8.7818, -2.7559 0.1328 8.7818, -1.1811 -1.9093 3.8107, -2.7559 -1.9093 3.8107, -1.1811 -0.9251 4.795, -2.7559 -0.9251 4.795, -2.1161 -2.6904 0.9609, -1.8209 -2.6904 0.9609, -1.1811 -2.6978 3.1954, -2.7559 -2.6978 3.1954, -1.1811 -2.141 3.7522, -2.7559 -2.141 3.7522, -2.2343 3.6024 0.3937, -1.7028 3.6024 0.3937, -2.2343 3.0906 0.3937, -1.7028 3.0906 0.3937, -1.8209 3.4843 0.3937, -1.8209 3.2087 0.3937, -2.1161 3.2087 0.3937, -2.1161 3.4843 0.3937, -2.2343 -2.3031 0.3937, -1.7028 -2.3031 0.3937, -2.2343 -2.815 0.3937, -1.7028 -2.815 0.3937, -1.8209 -2.4213 0.3937, -1.8209 -2.6969 0.3937, -2.1161 -2.6969 0.3937, -2.1161 -2.4213 0.3937, -2.2823 0.377 0.0039, -2.1979 0.3952 0.0039, -2.3254 0.3685 0.0039, -2.339 0.3651 0.0039, -2.341 0.3644 0.0039, -2.3423 0.3636 0.0039, -2.3434 0.3629 0.0039, -2.344 0.3623 0.0039, -2.3442 0.3619 0.0039, -2.3444 0.3615 0.0039, -2.3444 0.3611 0.0039, -2.3444 0.3607 0.0039, -2.3443 0.3603 0.0039, -2.344 0.36 0.0039, -2.3436 0.3596 0.0039, -2.3427 0.3591 0.0039, -2.3414 0.3588 0.0039, -2.3355 0.358 0.0039, -2.3276 0.3572 0.0039, -2.3039 0.3544 0.0039, -2.2929 0.3536 0.0039, -2.2877 0.3538 0.0039, -2.2845 0.3549 0.0039, -2.2823 0.3561 0.0039, -2.2772 0.3589 0.0039, -2.2525 0.3663 0.0039, -2.2274 0.3725 0.0039, -1.9573 0.4308 0.0039, -1.9573 0.4387 0.0039, -2.2002 0.4936 0.0039, -2.2286 0.5004 0.0039, -2.242 0.5035 0.0039, -2.2552 0.5072 0.0039, -2.2659 0.5112 0.0039, -2.276 0.5148 0.0039, -2.2796 0.5172 0.0039, -2.282 0.5192 0.0039, -2.2829 0.5198 0.0039, -2.2836 0.52 0.0039, -2.2847 0.5202 0.0039, -2.2894 0.5197 0.0039, -2.2977 0.5192 0.0039, -2.2994 0.5191 0.0039, -2.3248 0.5169 0.0039, -2.3344 0.5157 0.0039, -2.3375 0.5155 0.0039, -2.3396 0.5151 0.0039, -2.341 0.5149 0.0039, -2.3419 0.5146 0.0039, -2.3426 0.5143 0.0039, -2.3431 0.5139 0.0039, -2.3434 0.5134 0.0039, -2.3435 0.513 0.0039, -2.3436 0.5127 0.0039, -2.3436 0.5124 0.0039, -2.3434 0.5119 0.0039, -2.3432 0.5114 0.0039, -2.3427 0.5109 0.0039, -2.3419 0.5103 0.0039, -2.34 0.5096 0.0039, -2.3396 0.5095 0.0039, -2.3169 0.5056 0.0039, -2.1793 0.4722 0.0039, -2.0117 0.4348 0.0039, -2.1781 0.3979 0.0039, -2.1708 0.471 0.0039, -2.1561 0.4557 0.0039, -2.1657 0.4415 0.0039, -2.1684 0.4366 0.0039, -2.1735 0.4202 0.0039, -2.1781 0.3979 0.0, -2.0117 0.4348 0.0, -2.1735 0.4202 0.0, -2.1684 0.4366 0.0, -2.1657 0.4415 0.0, -2.1561 0.4557 0.0, -2.1708 0.471 0.0, -1.993 0.1498 0.0039, -2.0015 0.1599 0.0039, -1.9911 0.1473 0.0039, -1.9894 0.1459 0.0039, -1.9876 0.1449 0.0039, -1.9864 0.1446 0.0039, -1.9849 0.1445 0.0039, -1.9835 0.1447 0.0039, -1.9824 0.1451 0.0039, -1.9815 0.1458 0.0039, -1.9805 0.1469 0.0039, -1.9823 0.1572 0.0039, -1.9823 0.169 0.0039, -1.9814 0.1738 0.0039, -1.9805 0.1786 0.0039, -1.9794 0.1905 0.0039, -1.9732 0.212 0.0039, -1.9708 0.2244 0.0039, -1.9698 0.2369 0.0039, -1.9709 0.2545 0.0039, -1.974 0.2673 0.0039, -1.9793 0.2775 0.0039, -1.9872 0.2866 0.0039, -1.9996 0.2955 0.0039, -2.0205 0.3038 0.0039, -2.0821 0.3128 0.0039, -2.1657 0.3157 0.0039, -2.2335 0.3097 0.0039, -2.27 0.2991 0.0039, -2.2904 0.2878 0.0039, -2.3023 0.278 0.0039, -2.3101 0.2679 0.0039, -2.3128 0.2626 0.0039, -2.3163 0.2509 0.0039, -2.3214 0.2149 0.0039, -2.3243 0.19 0.0039, -2.3268 0.1807 0.0039, -2.3303 0.1748 0.0039, -2.3314 0.1729 0.0039, -2.3316 0.1724 0.0039, -2.3315 0.1709 0.0039, -2.331 0.1698 0.0039, -2.3284 0.1661 0.0039, -2.3208 0.158 0.0039, -2.318 0.1554 0.0039, -2.3107 0.1486 0.0039, -2.3092 0.1472 0.0039, -2.308 0.1463 0.0039, -2.307 0.1456 0.0039, -2.3063 0.1452 0.0039, -2.3057 0.145 0.0039, -2.3052 0.1449 0.0039, -2.3047 0.1449 0.0039, -2.3039 0.1453 0.0039, -2.3028 0.1458 0.0039, -2.3025 0.1461 0.0039, -2.3023 0.1463 0.0039, -2.3021 0.1468 0.0039, -2.3021 0.147 0.0039, -2.3019 0.1482 0.0039, -2.3021 0.1504 0.0039, -2.3021 0.1582 0.0039, -2.3021 0.1673 0.0039, -2.0054 0.1673 0.0039, -2.0036 0.1635 0.0039, -2.301 0.2007 0.0039, -2.3014 0.1919 0.0039, -2.301 0.1832 0.0039, -2.0015 0.1832 0.0039, -1.9969 0.1939 0.0039, -1.9914 0.218 0.0039, -1.9896 0.2426 0.0039, -1.9924 0.2576 0.0039, -2.2927 0.2557 0.0039, -2.2887 0.2648 0.0039, -2.2833 0.2717 0.0039, -2.275 0.2781 0.0039, -2.2481 0.2899 0.0039, -2.2982 0.2256 0.0039, -2.2959 0.243 0.0039, -1.9967 0.2685 0.0039, -2.0016 0.2752 0.0039, -2.0097 0.282 0.0039, -2.0219 0.2883 0.0039, -2.0389 0.2932 0.0039, -2.1159 0.2999 0.0039, -2.1908 0.2992 0.0039, -2.2982 0.2256 0.0, -2.301 0.2007 0.0, -2.2959 0.243 0.0, -2.2927 0.2557 0.0, -2.2887 0.2648 0.0, -2.2833 0.2717 0.0, -2.275 0.2781 0.0, -2.2481 0.2899 0.0, -2.1908 0.2992 0.0, -2.1159 0.2999 0.0, -2.0389 0.2932 0.0, -2.0219 0.2883 0.0, -2.0097 0.282 0.0, -2.0016 0.2752 0.0, -1.9967 0.2685 0.0, -1.9924 0.2576 0.0, -1.9896 0.2426 0.0, -1.9914 0.218 0.0, -1.9969 0.1939 0.0, -2.0015 0.1832 0.0, -2.301 0.1832 0.0, -2.3014 0.1919 0.0, -2.1227 0.0273 0.0039, -2.1289 -0.0203 0.0039, -2.1187 0.0469 0.0039, -2.1142 0.0595 0.0039, -2.1108 0.0652 0.0039, -2.1079 0.0703 0.0039, -2.1244 0.0868 0.0039, -2.126 0.088 0.0039, -2.1273 0.0887 0.0039, -2.1285 0.0892 0.0039, -2.1295 0.0893 0.0039, -2.1305 0.0892 0.0039, -2.1314 0.0888 0.0039, -2.1322 0.0883 0.0039, -2.1332 0.0872 0.0039, -2.1337 0.0862 0.0039, -2.1339 0.0853 0.0039, -2.134 0.0839 0.0039, -2.1487 -0.0203 0.0039, -2.3021 -0.0203 0.0039, -2.2903 0.0641 0.0039, -2.2882 0.0723 0.0039, -2.2846 0.08 0.0039, -2.2818 0.085 0.0039, -2.2994 0.1009 0.0039, -2.3014 0.1024 0.0039, -2.3026 0.1029 0.0039, -2.3037 0.1032 0.0039, -2.3048 0.1031 0.0039, -2.306 0.1028 0.0039, -2.307 0.1022 0.0039, -2.3075 0.1017 0.0039, -2.3079 0.1011 0.0039, -2.3082 0.1002 0.0039, -2.3084 0.0979 0.0039, -2.3084 0.0975 0.0039, -2.3089 0.089 0.0039, -2.3142 0.0462 0.0039, -2.3208 0.0035 0.0039, -2.3254 -0.0225 0.0039, -2.3277 -0.0289 0.0039, -2.3287 -0.033 0.0039, -2.3288 -0.0358 0.0039, -2.3285 -0.0373 0.0039, -2.3279 -0.0387 0.0039, -2.3269 -0.04 0.0039, -2.3257 -0.041 0.0039, -2.324 -0.0417 0.0039, -2.3218 -0.0421 0.0039, -2.3175 -0.0418 0.0039, -2.3032 -0.0382 0.0039, -2.2885 -0.0367 0.0039, -2.2778 -0.0367 0.0039, -2.2707 -0.0364 0.0039, -2.2636 -0.0361 0.0039, -2.0043 -0.0367 0.0039, -1.9973 -0.0427 0.0039, -1.9928 -0.0464 0.0039, -1.9897 -0.0487 0.0039, -1.9872 -0.05 0.0039, -1.985 -0.0506 0.0039, -1.9835 -0.0507 0.0039, -1.9824 -0.0507 0.0039, -1.9812 -0.0508 0.0039, -1.9808 -0.0507 0.0039, -1.9804 -0.0506 0.0039, -1.9801 -0.0504 0.0039, -1.9798 -0.05 0.0039, -1.9797 -0.0499 0.0039, -1.9794 -0.0491 0.0039, -1.9792 -0.0482 0.0039, -1.9793 -0.0466 0.0039, -1.9794 -0.0458 0.0039, -1.9811 -0.035 0.0039, -1.9823 -0.0254 0.0039, -1.9823 -0.0157 0.0039, -1.9823 -0.0141 0.0039, -1.982 -0.003 0.0039, -1.9805 0.008 0.0039, -1.9766 0.0301 0.0039, -1.9726 0.0496 0.0039, -1.967 0.0652 0.0039, -1.9652 0.0681 0.0039, -1.9619 0.0732 0.0039, -1.9788 0.0895 0.0039, -1.9807 0.0906 0.0039, -1.9821 0.0913 0.0039, -1.9831 0.0917 0.0039, -1.9839 0.0918 0.0039, -1.9847 0.0917 0.0039, -1.9853 0.0915 0.0039, -1.986 0.0911 0.0039, -1.9868 0.0903 0.0039, -1.9874 0.0893 0.0039, -1.9877 0.0884 0.0039, -1.9879 0.0868 0.0039, -1.9891 0.0777 0.0039, -1.9908 0.0644 0.0039, -1.9924 0.051 0.0039, -2.0043 -0.0203 0.0039, -1.9703 -0.1065 0.0039, -1.9703 -0.115 0.0039, -2.1215 -0.1065 0.0039, -2.1215 -0.1172 0.0039, -2.0418 -0.122 0.0039, -2.016 -0.1291 0.0039, -2.0014 -0.1367 0.0039, -1.9934 -0.1436 0.0039, -1.9871 -0.1526 0.0039, -1.9839 -0.1614 0.0039, -1.9828 -0.1671 0.0039, -1.9835 -0.1789 0.0039, -1.9869 -0.189 0.0039, -1.9929 -0.1986 0.0039, -2.0019 -0.2077 0.0039, -2.0182 -0.218 0.0039, -2.0577 -0.2313 0.0039, -2.0771 -0.2348 0.0039, -2.1748 -0.2379 0.0039, -2.2557 -0.2239 0.0039, -2.2794 -0.215 0.0039, -2.296 -0.2034 0.0039, -2.3038 -0.1951 0.0039, -2.3084 -0.1878 0.0039, -2.3108 -0.1804 0.0039, -2.3118 -0.1716 0.0039, -2.3108 -0.159 0.0039, -2.3063 -0.1467 0.0039, -2.2994 -0.1366 0.0039, -2.29 -0.1283 0.0039, -2.2755 -0.1208 0.0039, -2.2379 -0.1125 0.0039, -2.2206 -0.1099 0.0039, -2.1906 -0.1071 0.0039, -2.1912 -0.098 0.0039, -2.2583 -0.1023 0.0039, -2.2846 -0.109 0.0039, -2.3033 -0.1183 0.0039, -2.3152 -0.128 0.0039, -2.3233 -0.1391 0.0039, -2.3288 -0.1524 0.0039, -2.3305 -0.1637 0.0039, -2.3297 -0.1798 0.0039, -2.3247 -0.1946 0.0039, -2.3167 -0.2076 0.0039, -2.3059 -0.2174 0.0039, -2.282 -0.2309 0.0039, -2.2312 -0.2463 0.0039, -2.2263 -0.2472 0.0039, -2.1192 -0.2539 0.0039, -2.087 -0.2509 0.0039, -2.0251 -0.2371 0.0039, -1.9957 -0.2234 0.0039, -1.981 -0.211 0.0039, -1.9706 -0.1971 0.0039, -1.9661 -0.1884 0.0039, -1.9644 -0.1811 0.0039, -1.9641 -0.1716 0.0039, -1.9684 -0.1551 0.0039, -1.9755 -0.1422 0.0039, -1.9864 -0.1302 0.0039, -1.9947 -0.124 0.0039, -2.0037 -0.119 0.0039, -1.9805 -0.3953 0.0039, -1.9494 -0.4202 0.0039, -1.9932 -0.4013 0.0039, -2.0093 -0.4036 0.0039, -2.0162 -0.4037 0.0039, -2.305 -0.4037 0.0039, -2.3013 -0.3601 0.0039, -2.2982 -0.3394 0.0039, -2.2966 -0.3325 0.0039, -2.2946 -0.3284 0.0039, -2.2917 -0.3248 0.0039, -2.2892 -0.3219 0.0039, -2.288 -0.3194 0.0039, -2.2997 -0.3062 0.0039, -2.3054 -0.3 0.0039, -2.3074 -0.2981 0.0039, -2.3089 -0.2972 0.0039, -2.3113 -0.2965 0.0039, -2.3135 -0.2962 0.0039, -2.3147 -0.2968 0.0039, -2.3153 -0.2973 0.0039, -2.3158 -0.2981 0.0039, -2.3163 -0.2993 0.0039, -2.3165 -0.3015 0.0039, -2.3168 -0.3119 0.0039, -2.3187 -0.3249 0.0039, -2.3229 -0.3651 0.0039, -2.3237 -0.3755 0.0039, -2.326 -0.3992 0.0039, -2.3271 -0.4123 0.0039, -2.328 -0.4153 0.0039, -2.328 -0.4169 0.0039, -2.3279 -0.418 0.0039, -2.3275 -0.4189 0.0039, -2.327 -0.4195 0.0039, -2.3262 -0.4203 0.0039, -2.3246 -0.4211 0.0039, -2.3233 -0.4215 0.0039, -2.3205 -0.4215 0.0039, -2.3077 -0.42 0.0039, -2.3027 -0.4196 0.0039, -2.2693 -0.4185 0.0039, -2.0145 -0.4185 0.0039, -1.9869 -0.4189 0.0039, -1.9596 -0.423 0.0039, -1.9539 -0.4241 0.0039, -1.9539 -0.4241 0.0039
            ]
        }
        coordIndex [
            0,1,2,-1,2,1,3,-1,2,3,4,-1,5,6,7,-1,7,6,8,-1,7,8,9,-1,9,8,10,-1,9,10,4,-1,4,10,11,-1,4,11,2,-1,12,13,14,-1,14,13,15,-1,14,15,16,-1,16,15,17,-1,16,17,18,-1,18,17,19,-1,18,19,12,-1,12,19,13,-1,20,21,22,-1,23,24,25,-1,26,27,28,-1,28,27,29,-1,28,29,30,-1,30,29,31,-1,30,31,32,-1,32,31,33,-1,32,33,24,-1,34,35,36,-1,36,35,37,-1,37,35,38,-1,37,38,39,-1,39,38,40,-1,39,40,41,-1,41,40,42,-1,41,42,43,-1,43,42,44,-1,43,44,45,-1,46,47,48,-1,48,47,49,-1,48,49,20,-1,20,49,50,-1,20,50,21,-1,51,52,53,-1,53,52,54,-1,53,54,55,-1,56,55,57,-1,57,58,56,-1,56,58,59,-1,56,59,60,-1,61,62,63,-1,64,65,53,-1,66,67,68,-1,68,67,69,-1,68,69,53,-1,53,69,70,-1,53,70,64,-1,62,71,63,-1,63,71,51,-1,63,51,72,-1,72,51,53,-1,72,53,73,-1,73,53,74,-1,75,76,63,-1,63,76,77,-1,63,77,61,-1,78,79,68,-1,68,79,80,-1,68,80,66,-1,63,81,75,-1,75,81,82,-1,75,82,22,-1,22,82,83,-1,22,83,20,-1,65,84,53,-1,53,84,85,-1,53,85,74,-1,86,87,88,-1,89,90,91,-1,92,93,94,-1,94,93,95,-1,94,95,96,-1,96,97,94,-1,94,97,98,-1,94,98,99,-1,90,100,91,-1,91,100,101,-1,91,101,102,-1,102,101,103,-1,102,95,25,-1,25,95,104,-1,25,104,23,-1,86,88,103,-1,103,88,105,-1,103,105,102,-1,102,105,106,-1,102,106,95,-1,107,108,109,-1,93,110,95,-1,95,110,111,-1,95,111,104,-1,104,111,112,-1,104,112,107,-1,113,114,104,-1,104,114,115,-1,104,115,78,-1,78,115,116,-1,78,116,79,-1,107,109,104,-1,104,109,117,-1,104,117,113,-1,60,118,56,-1,56,118,119,-1,56,119,91,-1,91,119,120,-1,91,120,89,-1,121,122,123,-1,124,125,126,-1,127,128,102,-1,102,128,129,-1,129,130,102,-1,102,130,131,-1,102,131,132,-1,125,133,126,-1,126,133,134,-1,126,134,123,-1,123,134,135,-1,123,135,121,-1,127,102,136,-1,136,102,123,-1,136,123,137,-1,138,123,139,-1,139,123,140,-1,141,142,143,-1,143,142,144,-1,143,144,145,-1,145,146,143,-1,143,146,147,-1,143,147,148,-1,91,149,150,-1,150,151,91,-1,91,151,152,-1,91,152,153,-1,154,155,126,-1,126,155,156,-1,126,156,157,-1,158,159,123,-1,123,159,160,-1,123,160,137,-1,161,162,126,-1,126,162,163,-1,126,163,124,-1,138,164,123,-1,123,164,165,-1,123,165,166,-1,167,122,168,-1,168,122,169,-1,167,170,122,-1,122,170,171,-1,122,171,123,-1,123,171,172,-1,123,172,140,-1,166,173,123,-1,123,173,174,-1,123,174,158,-1,132,175,102,-1,102,175,176,-1,102,176,91,-1,91,176,177,-1,91,177,149,-1,153,178,91,-1,91,178,179,-1,91,179,180,-1,141,143,122,-1,122,143,181,-1,122,181,169,-1,157,182,126,-1,126,182,183,-1,126,183,161,-1,184,185,56,-1,56,185,186,-1,186,185,187,-1,186,187,154,-1,180,188,91,-1,91,188,189,-1,91,189,56,-1,56,189,190,-1,56,190,184,-1,191,192,193,-1,194,195,196,-1,192,197,193,-1,193,197,198,-1,193,198,199,-1,200,201,202,-1,202,201,203,-1,204,205,206,-1,207,208,193,-1,193,208,209,-1,193,209,191,-1,210,211,212,-1,212,211,213,-1,212,213,214,-1,203,215,202,-1,202,215,216,-1,202,216,217,-1,218,219,220,-1,220,219,221,-1,220,221,222,-1,205,223,206,-1,206,223,224,-1,206,224,225,-1,226,218,227,-1,193,194,207,-1,207,194,196,-1,207,196,221,-1,221,196,228,-1,221,228,222,-1,222,228,229,-1,225,230,206,-1,206,230,200,-1,206,200,194,-1,194,200,202,-1,194,202,195,-1,218,231,232,-1,233,222,234,-1,234,222,235,-1,236,227,237,-1,237,227,238,-1,226,239,218,-1,218,239,240,-1,218,240,231,-1,232,241,218,-1,218,241,242,-1,218,242,219,-1,214,243,212,-1,212,243,244,-1,212,244,245,-1,245,246,212,-1,212,246,247,-1,212,247,206,-1,206,247,248,-1,206,248,204,-1,236,249,227,-1,227,249,250,-1,227,250,226,-1,229,251,222,-1,222,251,252,-1,222,252,253,-1,254,255,222,-1,222,255,256,-1,222,256,235,-1,253,257,222,-1,222,257,258,-1,222,258,254,-1,259,260,261,-1,261,260,210,-1,262,263,264,-1,206,265,266,-1,266,267,206,-1,206,267,268,-1,206,268,262,-1,212,269,270,-1,271,272,206,-1,206,272,273,-1,206,273,212,-1,212,273,274,-1,212,274,269,-1,275,276,277,-1,277,276,278,-1,279,280,262,-1,262,280,281,-1,262,281,282,-1,262,264,206,-1,206,264,283,-1,206,283,271,-1,282,284,262,-1,262,284,285,-1,262,285,263,-1,286,287,288,-1,44,289,277,-1,212,290,291,-1,270,292,212,-1,212,292,293,-1,212,293,294,-1,278,286,277,-1,277,286,288,-1,277,288,44,-1,44,288,34,-1,44,34,45,-1,45,34,36,-1,294,295,212,-1,212,295,296,-1,212,296,290,-1,291,297,212,-1,212,297,298,-1,212,298,299,-1,44,300,301,-1,299,302,212,-1,212,302,303,-1,212,303,44,-1,44,303,304,-1,44,304,300,-1,301,305,44,-1,44,305,306,-1,44,306,289,-1,288,307,34,-1,34,307,308,-1,34,308,35,-1,35,308,309,-1,35,309,310,-1,311,42,312,-1,312,42,40,-1,312,40,313,-1,313,40,38,-1,210,212,261,-1,261,212,44,-1,261,44,314,-1,314,44,42,-1,314,42,315,-1,315,42,311,-1,315,311,316,-1,317,318,193,-1,193,318,319,-1,193,319,320,-1,126,321,322,-1,323,324,194,-1,194,324,325,-1,194,326,327,-1,328,329,330,-1,330,329,331,-1,332,333,334,-1,335,336,126,-1,126,336,337,-1,126,337,321,-1,317,193,338,-1,338,193,126,-1,338,126,339,-1,334,340,332,-1,332,340,341,-1,332,341,342,-1,342,341,330,-1,342,330,343,-1,343,330,331,-1,194,344,123,-1,123,344,345,-1,346,347,348,-1,349,350,351,-1,351,350,352,-1,351,352,353,-1,325,354,194,-1,194,354,355,-1,194,355,326,-1,356,357,346,-1,346,357,358,-1,346,358,347,-1,123,351,359,-1,359,360,123,-1,123,360,361,-1,123,361,126,-1,126,361,362,-1,126,362,335,-1,363,364,123,-1,123,364,365,-1,366,367,348,-1,348,367,368,-1,348,368,346,-1,369,370,371,-1,372,373,126,-1,126,373,374,-1,126,374,339,-1,320,375,193,-1,193,375,376,-1,193,376,377,-1,193,378,194,-1,194,378,379,-1,194,379,380,-1,327,381,194,-1,194,381,382,-1,194,382,383,-1,353,384,351,-1,351,384,385,-1,351,385,386,-1,386,385,369,-1,386,369,387,-1,387,369,371,-1,322,388,126,-1,126,388,389,-1,126,389,390,-1,380,391,194,-1,194,391,392,-1,194,392,323,-1,383,393,194,-1,194,393,394,-1,194,394,395,-1,194,396,397,-1,345,398,123,-1,123,398,399,-1,123,399,363,-1,365,356,123,-1,123,356,346,-1,123,346,351,-1,351,346,400,-1,351,400,349,-1,333,332,348,-1,348,332,401,-1,348,401,366,-1,390,402,126,-1,126,402,403,-1,126,403,372,-1,404,405,193,-1,193,405,406,-1,193,406,378,-1,395,407,194,-1,194,407,408,-1,194,408,396,-1,397,409,194,-1,194,409,410,-1,194,410,344,-1,377,411,193,-1,193,411,412,-1,193,412,413,-1,414,404,415,-1,415,404,193,-1,415,193,416,-1,416,193,413,-1,154,126,186,-1,186,126,193,-1,186,193,259,-1,259,193,199,-1,259,199,260,-1,55,56,53,-1,53,56,186,-1,53,186,417,-1,417,186,259,-1,417,259,418,-1,418,259,261,-1,418,261,419,-1,419,261,314,-1,419,314,420,-1,420,314,315,-1,420,315,421,-1,421,315,316,-1,421,316,422,-1,24,33,25,-1,25,33,423,-1,25,423,102,-1,102,423,424,-1,102,424,123,-1,123,424,425,-1,123,425,194,-1,194,425,310,-1,194,310,206,-1,206,310,309,-1,206,309,265,-1,68,426,78,-1,78,426,427,-1,78,427,104,-1,104,427,27,-1,104,27,23,-1,23,27,26,-1,428,422,316,-1,312,313,429,-1,428,316,429,-1,429,316,311,-1,429,311,312,-1,428,430,431,-1,430,428,432,-1,432,428,429,-1,432,429,433,-1,433,429,19,-1,433,19,431,-1,431,19,17,-1,431,17,428,-1,434,435,436,-1,436,15,434,-1,434,15,437,-1,434,437,438,-1,438,437,439,-1,440,438,441,-1,441,438,439,-1,441,439,13,-1,13,439,442,-1,13,442,15,-1,15,442,443,-1,15,443,437,-1,441,444,440,-1,440,444,445,-1,440,445,435,-1,435,445,436,-1,446,445,447,-1,447,445,444,-1,448,446,449,-1,449,446,447,-1,427,426,448,-1,449,31,29,-1,449,29,448,-1,448,29,27,-1,448,27,427,-1,446,448,445,-1,445,448,426,-1,436,445,15,-1,15,445,426,-1,15,426,17,-1,17,426,68,-1,17,68,53,-1,53,417,17,-1,17,417,418,-1,17,418,419,-1,422,428,421,-1,421,428,17,-1,421,17,420,-1,420,17,419,-1,441,31,444,-1,444,31,449,-1,444,449,447,-1,19,429,313,-1,313,38,19,-1,19,38,35,-1,19,35,310,-1,310,425,19,-1,19,425,424,-1,19,424,423,-1,441,13,31,-1,31,13,19,-1,31,19,33,-1,33,19,423,-1,438,450,434,-1,434,450,451,-1,450,452,451,-1,451,452,453,-1,452,440,453,-1,453,440,435,-1,440,452,438,-1,438,452,450,-1,453,435,451,-1,451,435,434,-1,442,454,443,-1,443,454,455,-1,456,457,454,-1,458,459,455,-1,454,457,455,-1,455,457,460,-1,455,460,458,-1,461,462,458,-1,458,462,463,-1,458,463,459,-1,459,463,464,-1,459,464,465,-1,465,464,466,-1,465,466,467,-1,468,469,467,-1,467,469,456,-1,467,456,465,-1,465,456,454,-1,470,439,471,-1,471,439,437,-1,472,465,470,-1,470,465,454,-1,470,454,439,-1,439,454,442,-1,437,443,471,-1,471,443,455,-1,471,455,473,-1,473,455,459,-1,18,474,16,-1,16,474,475,-1,474,476,475,-1,475,476,477,-1,476,12,477,-1,477,12,14,-1,476,474,12,-1,12,474,18,-1,475,477,16,-1,16,477,14,-1,0,2,478,-1,478,2,430,-1,478,430,479,-1,479,430,432,-1,479,432,6,-1,6,432,8,-1,480,433,481,-1,481,433,431,-1,482,10,480,-1,480,10,8,-1,480,8,433,-1,433,8,432,-1,431,430,481,-1,481,430,2,-1,481,2,483,-1,483,2,11,-1,473,472,471,-1,471,472,470,-1,465,472,459,-1,459,472,473,-1,483,482,481,-1,481,482,480,-1,10,482,11,-1,11,482,483,-1,484,26,485,-1,485,26,28,-1,485,28,30,-1,484,486,26,-1,26,486,23,-1,23,486,24,-1,24,486,487,-1,24,487,32,-1,487,485,32,-1,32,485,30,-1,488,485,489,-1,489,485,487,-1,489,487,490,-1,490,487,486,-1,490,486,491,-1,491,486,484,-1,491,484,488,-1,488,484,485,-1,492,43,493,-1,493,43,45,-1,493,45,36,-1,492,494,43,-1,43,494,41,-1,41,494,39,-1,39,494,495,-1,39,495,37,-1,495,493,37,-1,37,493,36,-1,496,493,497,-1,497,493,495,-1,497,495,498,-1,498,495,494,-1,498,494,499,-1,499,494,492,-1,499,492,496,-1,496,492,493,-1,500,49,501,-1,501,49,47,-1,502,50,500,-1,500,50,49,-1,503,75,22,-1,503,22,502,-1,502,22,21,-1,502,21,50,-1,75,503,504,-1,75,504,76,-1,76,504,505,-1,76,505,77,-1,77,505,506,-1,77,506,61,-1,61,506,507,-1,61,507,62,-1,62,507,508,-1,62,508,71,-1,71,508,509,-1,71,509,51,-1,51,509,510,-1,51,510,52,-1,52,510,511,-1,52,511,54,-1,54,511,512,-1,54,512,55,-1,55,512,513,-1,55,513,57,-1,57,513,514,-1,57,514,58,-1,58,514,515,-1,58,515,59,-1,59,515,516,-1,59,516,60,-1,60,516,118,-1,118,516,517,-1,118,517,119,-1,119,517,120,-1,120,517,518,-1,120,518,89,-1,519,90,518,-1,518,90,89,-1,90,519,520,-1,90,520,100,-1,100,520,521,-1,100,521,101,-1,101,521,522,-1,101,522,103,-1,103,522,523,-1,103,523,86,-1,524,87,523,-1,523,87,86,-1,87,524,525,-1,87,525,88,-1,88,525,526,-1,88,526,105,-1,527,106,526,-1,526,106,105,-1,528,95,527,-1,527,95,106,-1,529,96,528,-1,528,96,95,-1,530,97,529,-1,529,97,96,-1,97,530,531,-1,97,531,98,-1,98,531,532,-1,98,532,99,-1,533,94,532,-1,532,94,99,-1,94,533,534,-1,94,534,92,-1,92,534,535,-1,92,535,93,-1,93,535,536,-1,93,536,110,-1,110,536,537,-1,110,537,111,-1,111,537,538,-1,111,538,112,-1,112,538,539,-1,112,539,107,-1,107,539,540,-1,107,540,108,-1,108,540,541,-1,108,541,109,-1,109,541,542,-1,109,542,117,-1,543,113,542,-1,542,113,117,-1,113,543,114,-1,114,543,544,-1,114,544,115,-1,116,115,545,-1,545,115,544,-1,116,545,79,-1,79,545,546,-1,79,546,80,-1,80,546,547,-1,80,547,66,-1,66,547,548,-1,66,548,67,-1,67,548,549,-1,67,549,69,-1,69,549,550,-1,69,550,70,-1,70,550,551,-1,70,551,64,-1,64,551,552,-1,64,552,65,-1,65,552,553,-1,65,553,84,-1,84,553,554,-1,84,554,85,-1,85,554,555,-1,85,555,74,-1,74,555,556,-1,74,556,73,-1,73,556,557,-1,73,557,72,-1,72,557,558,-1,72,558,63,-1,63,558,559,-1,63,559,81,-1,81,559,560,-1,81,560,82,-1,560,561,48,-1,48,20,560,-1,560,20,83,-1,560,83,82,-1,562,46,561,-1,561,46,48,-1,562,501,46,-1,46,501,47,-1,563,527,564,-1,564,527,526,-1,562,565,566,-1,536,535,561,-1,561,535,534,-1,561,534,533,-1,566,567,562,-1,562,567,568,-1,562,568,501,-1,501,568,569,-1,525,500,526,-1,526,500,501,-1,526,501,564,-1,564,501,569,-1,547,546,559,-1,559,546,560,-1,533,532,561,-1,561,532,531,-1,561,531,562,-1,562,531,530,-1,562,530,565,-1,565,530,529,-1,565,529,563,-1,563,529,528,-1,563,528,527,-1,500,519,502,-1,502,519,518,-1,502,518,503,-1,503,518,517,-1,503,517,504,-1,504,517,516,-1,504,516,505,-1,542,541,561,-1,561,541,540,-1,561,540,539,-1,525,524,500,-1,500,524,523,-1,500,523,522,-1,546,545,560,-1,560,545,544,-1,560,544,561,-1,561,544,543,-1,561,543,542,-1,522,521,500,-1,500,521,520,-1,500,520,519,-1,554,553,559,-1,539,538,561,-1,561,538,537,-1,561,537,536,-1,554,559,555,-1,515,507,516,-1,516,507,506,-1,516,506,505,-1,553,552,559,-1,559,552,551,-1,559,551,550,-1,515,514,507,-1,507,514,513,-1,507,513,508,-1,508,513,509,-1,550,549,559,-1,559,549,548,-1,559,548,547,-1,558,557,559,-1,559,557,556,-1,559,556,555,-1,509,513,510,-1,510,513,512,-1,510,512,511,-1,564,570,563,-1,563,570,571,-1,570,564,569,-1,570,569,572,-1,572,569,568,-1,572,568,573,-1,573,568,567,-1,573,567,574,-1,566,575,567,-1,567,575,574,-1,565,576,566,-1,566,576,575,-1,571,576,563,-1,563,576,565,-1,577,168,578,-1,578,168,169,-1,168,577,579,-1,168,579,167,-1,167,579,580,-1,167,580,170,-1,170,580,581,-1,170,581,171,-1,171,581,582,-1,171,582,172,-1,172,582,583,-1,172,583,140,-1,140,583,584,-1,140,584,139,-1,139,584,585,-1,139,585,138,-1,138,585,586,-1,138,586,164,-1,164,586,587,-1,164,587,165,-1,588,166,587,-1,587,166,165,-1,589,173,588,-1,588,173,166,-1,173,589,590,-1,173,590,174,-1,174,590,591,-1,174,591,158,-1,592,159,591,-1,591,159,158,-1,593,160,592,-1,592,160,159,-1,160,593,594,-1,160,594,137,-1,137,594,595,-1,137,595,136,-1,136,595,596,-1,136,596,127,-1,127,596,597,-1,127,597,128,-1,128,597,598,-1,128,598,129,-1,129,598,599,-1,129,599,130,-1,130,599,600,-1,130,600,131,-1,131,600,601,-1,131,601,132,-1,132,601,602,-1,132,602,175,-1,175,602,603,-1,175,603,176,-1,176,603,604,-1,176,604,177,-1,177,604,605,-1,177,605,149,-1,149,605,606,-1,149,606,150,-1,150,606,607,-1,150,607,151,-1,151,607,608,-1,151,608,152,-1,152,608,609,-1,152,609,153,-1,153,609,610,-1,153,610,178,-1,178,610,611,-1,178,611,179,-1,612,180,611,-1,611,180,179,-1,188,180,613,-1,613,180,612,-1,188,613,189,-1,189,613,614,-1,189,614,190,-1,190,614,615,-1,190,615,184,-1,184,615,616,-1,184,616,185,-1,185,616,617,-1,185,617,187,-1,187,617,618,-1,187,618,154,-1,154,618,155,-1,155,618,619,-1,155,619,156,-1,156,619,620,-1,156,620,157,-1,157,620,621,-1,157,621,182,-1,622,183,621,-1,621,183,182,-1,183,622,623,-1,183,623,161,-1,161,623,624,-1,161,624,162,-1,162,624,625,-1,162,625,163,-1,163,625,626,-1,163,626,124,-1,124,626,627,-1,124,627,125,-1,125,627,628,-1,125,628,133,-1,133,628,629,-1,133,629,134,-1,134,629,630,-1,134,630,135,-1,135,630,631,-1,135,631,121,-1,121,631,632,-1,121,632,122,-1,122,632,633,-1,122,633,141,-1,141,633,634,-1,141,634,142,-1,142,634,635,-1,142,635,144,-1,144,635,636,-1,144,636,145,-1,145,636,637,-1,145,637,146,-1,638,147,637,-1,637,147,146,-1,639,148,638,-1,638,148,147,-1,640,143,639,-1,639,143,148,-1,143,640,641,-1,143,641,181,-1,181,641,578,-1,181,578,169,-1,642,643,612,-1,612,643,644,-1,614,613,639,-1,589,588,645,-1,614,639,615,-1,625,624,637,-1,613,612,639,-1,639,612,644,-1,639,644,640,-1,640,644,645,-1,640,645,641,-1,641,645,588,-1,641,588,578,-1,578,588,577,-1,646,647,593,-1,593,647,594,-1,594,647,648,-1,594,648,595,-1,624,623,637,-1,637,623,622,-1,637,622,638,-1,638,622,621,-1,638,621,639,-1,639,621,620,-1,639,620,619,-1,581,580,588,-1,588,580,579,-1,588,579,577,-1,593,592,646,-1,646,592,591,-1,646,591,645,-1,645,591,590,-1,645,590,589,-1,595,648,596,-1,596,648,649,-1,596,649,597,-1,628,627,637,-1,637,627,626,-1,637,626,625,-1,650,608,651,-1,651,608,607,-1,651,607,652,-1,652,607,606,-1,652,606,653,-1,653,606,654,-1,642,612,655,-1,655,612,611,-1,655,611,656,-1,656,611,610,-1,656,610,650,-1,650,610,609,-1,650,609,608,-1,636,635,630,-1,630,635,634,-1,630,634,631,-1,631,634,633,-1,631,633,632,-1,587,586,588,-1,588,586,585,-1,588,585,584,-1,584,583,588,-1,588,583,582,-1,588,582,581,-1,597,649,598,-1,598,649,657,-1,598,657,599,-1,599,657,658,-1,599,658,600,-1,600,658,659,-1,600,659,601,-1,616,615,617,-1,617,615,639,-1,617,639,618,-1,618,639,619,-1,636,630,637,-1,637,630,629,-1,637,629,628,-1,659,660,601,-1,601,660,661,-1,601,661,602,-1,602,661,662,-1,602,662,603,-1,603,662,663,-1,603,663,604,-1,604,663,654,-1,604,654,605,-1,605,654,606,-1,655,664,642,-1,642,664,665,-1,664,655,656,-1,664,656,666,-1,666,656,650,-1,666,650,667,-1,667,650,651,-1,667,651,668,-1,668,651,652,-1,668,652,669,-1,669,652,653,-1,669,653,670,-1,670,653,654,-1,670,654,671,-1,671,654,663,-1,671,663,672,-1,672,663,662,-1,672,662,673,-1,673,662,661,-1,673,661,674,-1,674,661,660,-1,674,660,675,-1,675,660,659,-1,675,659,676,-1,676,659,658,-1,676,658,677,-1,677,658,657,-1,677,657,678,-1,678,657,649,-1,678,649,679,-1,679,649,648,-1,679,648,680,-1,680,648,647,-1,680,647,681,-1,681,647,646,-1,681,646,682,-1,645,683,646,-1,646,683,682,-1,644,684,645,-1,645,684,683,-1,684,644,643,-1,684,643,685,-1,685,643,642,-1,685,642,665,-1,686,329,687,-1,687,329,328,-1,329,686,688,-1,329,688,331,-1,331,688,689,-1,331,689,343,-1,343,689,690,-1,343,690,342,-1,691,332,690,-1,690,332,342,-1,692,401,691,-1,691,401,332,-1,401,692,693,-1,401,693,366,-1,366,693,694,-1,366,694,367,-1,367,694,695,-1,367,695,368,-1,368,695,696,-1,368,696,346,-1,346,696,697,-1,346,697,400,-1,400,697,698,-1,400,698,349,-1,349,698,699,-1,349,699,350,-1,350,699,700,-1,350,700,352,-1,352,700,701,-1,352,701,353,-1,353,701,702,-1,353,702,384,-1,384,702,703,-1,384,703,385,-1,704,369,703,-1,703,369,385,-1,705,370,704,-1,704,370,369,-1,706,371,705,-1,705,371,370,-1,371,706,707,-1,371,707,387,-1,387,707,708,-1,387,708,386,-1,709,351,708,-1,708,351,386,-1,710,359,709,-1,709,359,351,-1,359,710,711,-1,359,711,360,-1,360,711,712,-1,360,712,361,-1,361,712,713,-1,361,713,362,-1,362,713,714,-1,362,714,335,-1,335,714,715,-1,335,715,336,-1,336,715,716,-1,336,716,337,-1,337,716,717,-1,337,717,321,-1,321,717,718,-1,321,718,322,-1,322,718,719,-1,322,719,388,-1,388,719,720,-1,388,720,389,-1,389,720,721,-1,389,721,390,-1,722,402,721,-1,721,402,390,-1,402,722,723,-1,402,723,403,-1,403,723,724,-1,403,724,372,-1,725,373,724,-1,724,373,372,-1,373,725,726,-1,373,726,374,-1,374,726,727,-1,374,727,339,-1,339,727,728,-1,339,728,338,-1,338,728,729,-1,338,729,317,-1,317,729,730,-1,317,730,318,-1,318,730,731,-1,318,731,319,-1,319,731,732,-1,319,732,320,-1,320,732,733,-1,320,733,375,-1,375,733,734,-1,375,734,376,-1,376,734,735,-1,376,735,377,-1,377,735,736,-1,377,736,411,-1,411,736,737,-1,411,737,412,-1,738,413,737,-1,737,413,412,-1,413,738,739,-1,413,739,416,-1,416,739,740,-1,416,740,415,-1,741,414,740,-1,740,414,415,-1,414,741,742,-1,414,742,404,-1,404,742,743,-1,404,743,405,-1,405,743,744,-1,405,744,406,-1,406,744,745,-1,406,745,378,-1,378,745,746,-1,378,746,379,-1,379,746,747,-1,379,747,380,-1,380,747,748,-1,380,748,391,-1,391,748,749,-1,391,749,392,-1,392,749,750,-1,392,750,323,-1,323,750,751,-1,323,751,324,-1,324,751,752,-1,324,752,325,-1,325,752,753,-1,325,753,354,-1,354,753,754,-1,354,754,355,-1,355,754,755,-1,355,755,326,-1,326,755,756,-1,326,756,327,-1,327,756,757,-1,327,757,381,-1,381,757,758,-1,381,758,382,-1,759,383,758,-1,758,383,382,-1,383,759,760,-1,383,760,393,-1,393,760,761,-1,393,761,394,-1,762,395,761,-1,761,395,394,-1,395,762,763,-1,395,763,407,-1,407,763,764,-1,407,764,408,-1,765,396,764,-1,764,396,408,-1,396,765,766,-1,396,766,397,-1,397,766,767,-1,397,767,409,-1,409,767,768,-1,409,768,410,-1,769,344,768,-1,768,344,410,-1,770,345,769,-1,769,345,344,-1,345,770,771,-1,345,771,398,-1,398,771,772,-1,398,772,399,-1,399,772,773,-1,399,773,363,-1,363,773,774,-1,363,774,364,-1,364,774,775,-1,364,775,365,-1,365,775,776,-1,365,776,356,-1,356,776,777,-1,356,777,357,-1,357,777,778,-1,357,778,358,-1,358,778,779,-1,358,779,347,-1,347,779,780,-1,347,780,348,-1,348,780,781,-1,348,781,333,-1,782,334,781,-1,781,334,333,-1,334,782,783,-1,334,783,340,-1,340,783,784,-1,340,784,341,-1,785,330,784,-1,784,330,341,-1,785,687,330,-1,330,687,328,-1,722,707,706,-1,690,689,703,-1,722,721,710,-1,710,721,720,-1,738,737,705,-1,705,737,736,-1,705,736,735,-1,785,741,687,-1,687,741,740,-1,707,722,708,-1,708,722,710,-1,708,710,709,-1,729,728,705,-1,705,728,727,-1,705,727,726,-1,749,748,785,-1,785,748,747,-1,726,725,705,-1,705,725,724,-1,705,724,706,-1,706,724,723,-1,706,723,722,-1,735,734,705,-1,705,734,733,-1,705,733,732,-1,689,688,703,-1,703,688,686,-1,703,686,704,-1,773,772,778,-1,781,771,770,-1,713,712,711,-1,686,687,704,-1,704,687,740,-1,704,740,705,-1,705,740,739,-1,705,739,738,-1,695,694,702,-1,702,694,703,-1,691,690,692,-1,692,690,703,-1,692,703,693,-1,693,703,694,-1,785,753,752,-1,744,743,785,-1,785,743,742,-1,785,742,741,-1,778,772,779,-1,785,763,762,-1,720,719,710,-1,710,719,718,-1,710,718,717,-1,732,731,705,-1,705,731,730,-1,705,730,729,-1,762,761,785,-1,785,761,760,-1,785,760,759,-1,717,716,710,-1,710,716,715,-1,710,715,711,-1,711,715,714,-1,711,714,713,-1,752,751,785,-1,785,751,750,-1,785,750,749,-1,771,781,772,-1,772,781,780,-1,772,780,779,-1,777,776,775,-1,770,769,781,-1,781,769,768,-1,781,768,782,-1,782,768,767,-1,782,767,783,-1,783,767,766,-1,783,766,784,-1,784,766,765,-1,784,765,785,-1,785,765,764,-1,785,764,763,-1,759,758,785,-1,785,758,757,-1,785,757,756,-1,702,701,695,-1,695,701,700,-1,695,700,699,-1,747,746,785,-1,785,746,745,-1,785,745,744,-1,777,775,778,-1,778,775,774,-1,778,774,773,-1,756,755,785,-1,785,755,754,-1,785,754,753,-1,698,697,699,-1,699,697,696,-1,699,696,695,-1,786,195,787,-1,787,195,202,-1,788,196,786,-1,786,196,195,-1,789,228,788,-1,788,228,196,-1,228,789,790,-1,228,790,229,-1,229,790,791,-1,229,791,251,-1,251,791,792,-1,251,792,252,-1,252,792,793,-1,252,793,253,-1,253,793,794,-1,253,794,257,-1,257,794,795,-1,257,795,258,-1,258,795,796,-1,258,796,254,-1,254,796,797,-1,254,797,255,-1,255,797,798,-1,255,798,256,-1,256,798,799,-1,256,799,235,-1,235,799,800,-1,235,800,234,-1,234,800,801,-1,234,801,233,-1,233,801,802,-1,233,802,222,-1,222,802,803,-1,222,803,220,-1,220,803,804,-1,220,804,218,-1,218,804,805,-1,218,805,227,-1,227,805,806,-1,227,806,238,-1,238,806,807,-1,238,807,237,-1,237,807,808,-1,237,808,236,-1,236,808,809,-1,236,809,249,-1,249,809,810,-1,249,810,250,-1,250,810,811,-1,250,811,226,-1,226,811,812,-1,226,812,239,-1,239,812,813,-1,239,813,240,-1,240,813,814,-1,240,814,231,-1,231,814,815,-1,231,815,232,-1,232,815,816,-1,232,816,241,-1,241,816,817,-1,241,817,242,-1,242,817,818,-1,242,818,219,-1,819,221,818,-1,818,221,219,-1,820,207,819,-1,819,207,221,-1,207,820,821,-1,207,821,208,-1,208,821,822,-1,208,822,209,-1,209,822,823,-1,209,823,191,-1,191,823,824,-1,191,824,192,-1,192,824,825,-1,192,825,197,-1,197,825,826,-1,197,826,198,-1,198,826,199,-1,199,826,827,-1,199,827,260,-1,260,827,210,-1,210,827,828,-1,210,828,211,-1,211,828,829,-1,211,829,213,-1,213,829,830,-1,213,830,214,-1,214,830,831,-1,214,831,243,-1,243,831,832,-1,243,832,244,-1,244,832,833,-1,244,833,245,-1,245,833,834,-1,245,834,246,-1,246,834,835,-1,246,835,247,-1,247,835,836,-1,247,836,248,-1,248,836,837,-1,248,837,204,-1,204,837,838,-1,204,838,205,-1,205,838,839,-1,205,839,223,-1,223,839,840,-1,223,840,224,-1,224,840,841,-1,224,841,225,-1,225,841,842,-1,225,842,230,-1,230,842,843,-1,230,843,200,-1,200,843,844,-1,200,844,201,-1,201,844,845,-1,201,845,203,-1,203,845,846,-1,203,846,215,-1,215,846,847,-1,215,847,216,-1,848,217,847,-1,847,217,216,-1,848,787,217,-1,217,787,202,-1,788,786,848,-1,848,786,787,-1,789,788,790,-1,790,788,848,-1,790,848,791,-1,791,848,792,-1,832,831,807,-1,847,794,848,-1,848,794,793,-1,848,793,792,-1,807,831,808,-1,808,831,830,-1,808,830,809,-1,809,830,829,-1,809,829,810,-1,810,829,828,-1,810,828,811,-1,811,828,827,-1,811,827,812,-1,812,827,826,-1,812,826,813,-1,813,826,825,-1,813,825,814,-1,814,825,824,-1,814,824,815,-1,815,824,823,-1,815,823,816,-1,816,823,822,-1,816,822,817,-1,817,822,821,-1,817,821,818,-1,818,821,820,-1,818,820,819,-1,805,804,834,-1,847,846,794,-1,794,846,845,-1,794,845,795,-1,795,845,844,-1,795,844,796,-1,796,844,843,-1,796,843,797,-1,807,806,832,-1,832,806,805,-1,832,805,833,-1,833,805,834,-1,843,842,797,-1,797,842,841,-1,797,841,798,-1,798,841,840,-1,798,840,799,-1,799,840,839,-1,799,839,800,-1,800,839,838,-1,800,838,801,-1,801,838,837,-1,801,837,802,-1,802,837,803,-1,803,837,836,-1,803,836,804,-1,804,836,835,-1,804,835,834,-1,849,266,850,-1,850,266,265,-1,850,265,309,-1,266,849,851,-1,266,851,267,-1,267,851,852,-1,267,852,268,-1,268,852,853,-1,268,853,262,-1,854,279,853,-1,853,279,262,-1,279,854,855,-1,279,855,280,-1,280,855,856,-1,280,856,281,-1,281,856,857,-1,281,857,282,-1,282,857,858,-1,282,858,284,-1,284,858,859,-1,284,859,285,-1,285,859,860,-1,285,860,263,-1,263,860,861,-1,263,861,264,-1,264,861,862,-1,264,862,283,-1,283,862,863,-1,283,863,271,-1,271,863,864,-1,271,864,272,-1,272,864,865,-1,272,865,273,-1,273,865,866,-1,273,866,274,-1,274,866,867,-1,274,867,269,-1,269,867,868,-1,269,868,270,-1,270,868,869,-1,270,869,292,-1,292,869,870,-1,292,870,293,-1,293,870,871,-1,293,871,294,-1,294,871,872,-1,294,872,295,-1,295,872,873,-1,295,873,296,-1,296,873,874,-1,296,874,290,-1,290,874,875,-1,290,875,291,-1,291,875,876,-1,291,876,297,-1,877,298,876,-1,876,298,297,-1,878,299,877,-1,877,299,298,-1,299,878,879,-1,299,879,302,-1,302,879,880,-1,302,880,303,-1,303,880,881,-1,303,881,304,-1,304,881,882,-1,304,882,300,-1,300,882,883,-1,300,883,301,-1,301,883,884,-1,301,884,305,-1,305,884,885,-1,305,885,306,-1,306,885,886,-1,306,886,289,-1,289,886,887,-1,289,887,277,-1,277,887,888,-1,277,888,275,-1,275,888,889,-1,275,889,276,-1,890,278,889,-1,889,278,276,-1,891,286,890,-1,890,286,278,-1,286,891,892,-1,286,892,287,-1,287,892,893,-1,287,893,288,-1,894,307,893,-1,893,307,288,-1,307,894,308,-1,308,894,850,-1,308,850,309,-1,864,863,872,-1,872,863,862,-1,872,862,861,-1,861,860,872,-1,872,860,859,-1,872,859,873,-1,873,859,858,-1,873,858,874,-1,891,890,854,-1,854,890,889,-1,854,889,888,-1,858,857,874,-1,874,857,856,-1,874,856,875,-1,875,856,855,-1,850,894,849,-1,849,894,893,-1,849,893,851,-1,851,893,892,-1,851,892,852,-1,852,892,891,-1,852,891,853,-1,853,891,854,-1,888,887,854,-1,854,887,886,-1,854,886,885,-1,866,871,870,-1,871,866,872,-1,872,866,865,-1,872,865,864,-1,885,884,854,-1,854,884,883,-1,854,883,882,-1,882,881,854,-1,854,881,880,-1,854,880,879,-1,879,878,854,-1,854,878,877,-1,854,877,855,-1,855,877,876,-1,855,876,875,-1,870,869,866,-1,866,869,868,-1,866,868,867,-1,575,576,571,-1,571,570,572,-1,572,573,571,-1,571,573,574,-1,571,574,575,-1,681,682,673,-1,683,684,682,-1,682,684,685,-1,682,685,665,-1,681,673,680,-1,665,664,682,-1,682,664,666,-1,682,666,667,-1,680,673,679,-1,679,673,674,-1,679,674,675,-1,667,668,682,-1,682,668,669,-1,682,669,670,-1,675,676,679,-1,679,676,677,-1,679,677,678,-1,670,671,682,-1,682,671,672,-1,682,672,673,-1,
        ]
    }
}
Shape{
    appearance Appearance {
        material  Material 	{
            diffuseColor 0.6470588235294118 0.6196078431372549 0.5882352941176471
            specularColor 0.45098039215686275 0.43529411764705883 0.4117647058823529
            ambientIntensity 0.2
            transparency 0
            shininess 0.5
        }
    }
    geometry IndexedFaceSet {
        ccw TRUE
        solid FALSE
        coord DEF co Coordinate {
            point [
                -1.8209 3.4843 -1.1811, -1.8996 3.4055 -1.5748, -2.1161 3.4843 -1.1811, -2.0374 3.4055 -1.5748, -1.8996 3.2874 -1.5748, -1.8209 3.2087 -1.1811, -2.1161 3.2087 -1.1811, -2.0374 3.2874 -1.5748, -2.1161 3.2087 0.3937, -1.8209 3.2087 0.3937, -1.8209 3.4843 0.3937, -2.1161 3.4843 0.3937, -2.5492 0.5782 7.2507, -1.3681 0.5782 7.2507, -1.3681 0.6355 7.1779, -2.5492 0.6355 7.1779, -1.3681 0.6743 7.0938, -2.5492 0.6743 7.0938, -1.3681 0.6923 7.0029, -2.5492 0.6923 7.0029, -1.3681 0.2467 6.5573, -1.8209 0.2467 6.5573, -1.3681 0.2493 6.6421, -1.8209 0.2493 6.6421, -1.3681 0.2699 6.7243, -1.8209 0.2699 6.7243, -1.3681 0.3077 6.8003, -1.8209 0.3077 6.8003, -1.3681 0.3608 6.8663, -1.8209 0.3608 6.8663, -1.3681 0.166 7.0612, -2.5492 0.166 7.0612, -2.5492 0.0685 6.9376, -1.3681 0.0685 6.9376, -2.5492 0.0027 6.7947, -1.3681 0.0027 6.7947, -2.5492 -0.028 6.6403, -1.3681 -0.028 6.6403, -2.5492 -0.0218 6.483, -1.3681 -0.0218 6.483, -2.5492 0.021 6.3316, -1.3681 0.021 6.3316, -2.1161 0.2467 6.5573, -2.5492 0.2467 6.5573, -2.1161 0.2493 6.6421, -2.5492 0.2493 6.6421, -2.1161 0.2699 6.7243, -2.5492 0.2699 6.7243, -2.1161 0.3077 6.8003, -2.5492 0.3077 6.8003, -2.1161 0.3608 6.8663, -2.5492 0.3608 6.8663, -1.3681 0.3833 6.8888, -1.8209 0.3833 6.8888, -1.3681 0.4808 6.7914, -1.8209 0.4808 6.7914, -2.1161 0.3833 6.8888, -2.5492 0.3833 6.8888, -2.1161 0.4808 6.7914, -2.5492 0.4808 6.7914, -1.3681 0.4139 6.9418, -1.3681 0.4021 6.9133, -1.3681 -0.3544 8.1833, -1.3681 -0.5493 7.9884, -1.3681 0.3833 7.0558, -1.3681 0.4021 7.0314, -1.3681 0.4139 7.0029, -1.3681 0.4179 6.9723, -2.5492 0.4021 6.9133, -2.5492 -0.5493 7.9884, -2.5492 -0.3544 8.1833, -2.5492 0.3833 7.0558, -2.5492 0.4021 7.0314, -2.5492 0.4139 7.0029, -2.5492 0.4179 6.9723, -2.5492 0.4139 6.9418, -1.8209 -2.4213 -1.1811, -1.8996 -2.5 -1.5748, -2.1161 -2.4213 -1.1811, -2.0374 -2.5 -1.5748, -1.8996 -2.6181 -1.5748, -1.8209 -2.6969 -1.1811, -2.1161 -2.6969 -1.1811, -2.0374 -2.6181 -1.5748, -2.1161 -2.6969 0.3937, -1.8209 -2.6969 0.3937, -1.8209 -2.4213 0.3937, -2.1161 -2.4213 0.3937, -2.1161 -2.6904 0.9609, -1.8209 -2.6904 0.9609, -1.8209 -2.6683 1.0368, -2.1161 -2.6683 1.0368, -1.8209 -2.6315 1.1068, -2.1161 -2.6315 1.1068, -1.8209 -2.5815 1.168, -2.1161 -2.5815 1.168, -2.5492 -1.6956 2.221, -1.3681 -1.6956 2.221, -1.3681 -1.6382 2.1483, -2.5492 -1.6382 2.1483, -1.3681 -1.5995 2.0641, -2.5492 -1.5995 2.0641, -1.3681 -1.5814 1.9732, -2.5492 -1.5814 1.9732, -1.3681 -2.5815 1.168, -1.3681 -2.4841 1.0706, -1.8209 -2.4841 1.0706, -2.5492 -2.5815 1.168, -2.1161 -2.4841 1.0706, -2.5492 -2.4841 1.0706, -1.3681 -1.8904 1.8591, -1.3681 -1.8717 1.8836, -1.3681 -1.8599 1.9121, -1.3681 -2.6282 3.1536, -1.3681 -2.823 2.9588, -1.3681 -1.8904 2.0262, -1.3681 -1.8717 2.0017, -1.3681 -1.8599 1.9732, -1.3681 -1.8558 1.9426, -2.5492 -1.8904 1.8591, -2.5492 -1.8717 1.8836, -2.5492 -2.823 2.9588, -2.5492 -2.6282 3.1536, -2.5492 -1.8904 2.0262, -2.5492 -1.8717 2.0017, -2.5492 -1.8599 1.9732, -2.5492 -1.8558 1.9426, -2.5492 -1.8599 1.9121, -2.1161 -2.6421 0.9126, -1.8209 -2.6421 0.9126, -1.8209 -2.6421 0.9126
            ]
        }
        coordIndex [
            0,1,2,-1,2,1,3,-1,1,0,4,-1,4,0,5,-1,2,3,6,-1,6,3,7,-1,6,7,5,-1,5,7,4,-1,6,5,8,-1,8,5,9,-1,1,4,3,-1,3,4,7,-1,10,0,11,-1,11,0,2,-1,5,0,9,-1,9,0,10,-1,11,2,8,-1,8,2,6,-1,12,13,14,-1,12,14,15,-1,15,14,16,-1,15,16,17,-1,17,16,18,-1,17,18,19,-1,20,21,22,-1,22,21,23,-1,22,23,24,-1,24,23,25,-1,24,25,26,-1,26,25,27,-1,26,27,28,-1,28,27,29,-1,30,31,32,-1,30,32,33,-1,33,32,34,-1,33,34,35,-1,35,34,36,-1,35,36,37,-1,37,36,38,-1,37,38,39,-1,39,38,40,-1,39,40,41,-1,42,43,44,-1,44,43,45,-1,44,45,46,-1,46,45,47,-1,46,47,48,-1,48,47,49,-1,48,49,50,-1,50,49,51,-1,41,20,39,-1,39,20,22,-1,28,30,26,-1,26,30,33,-1,26,33,24,-1,24,33,35,-1,24,35,22,-1,22,35,37,-1,22,37,39,-1,31,51,32,-1,32,51,49,-1,32,49,34,-1,34,49,47,-1,34,47,36,-1,36,47,45,-1,36,45,38,-1,38,45,43,-1,38,43,40,-1,52,53,54,-1,54,53,55,-1,56,57,58,-1,58,57,59,-1,18,60,54,-1,54,60,61,-1,54,61,52,-1,62,63,13,-1,13,63,64,-1,13,64,14,-1,14,64,65,-1,14,65,16,-1,16,65,66,-1,16,66,18,-1,18,66,67,-1,18,67,60,-1,59,57,68,-1,59,68,19,-1,69,70,71,-1,71,70,12,-1,71,12,72,-1,72,12,15,-1,72,15,73,-1,73,15,17,-1,73,17,74,-1,74,17,19,-1,74,19,75,-1,75,19,68,-1,46,58,44,-1,44,58,42,-1,46,48,58,-1,58,48,50,-1,58,50,56,-1,53,29,55,-1,55,29,27,-1,27,25,55,-1,55,25,23,-1,55,23,21,-1,63,62,69,-1,69,62,70,-1,63,69,64,-1,64,69,71,-1,56,50,53,-1,53,50,29,-1,53,52,61,-1,68,57,56,-1,56,53,68,-1,68,53,61,-1,68,61,75,-1,75,61,60,-1,75,60,74,-1,74,60,67,-1,74,67,73,-1,73,67,66,-1,73,66,72,-1,72,66,65,-1,72,65,71,-1,71,65,64,-1,30,28,29,-1,30,29,31,-1,31,29,50,-1,31,50,51,-1,62,13,70,-1,70,13,12,-1,76,77,78,-1,78,77,79,-1,77,76,80,-1,80,76,81,-1,78,79,82,-1,82,79,83,-1,82,83,81,-1,81,83,80,-1,82,81,84,-1,84,81,85,-1,77,80,79,-1,79,80,83,-1,86,76,87,-1,87,76,78,-1,81,76,85,-1,85,76,86,-1,87,78,84,-1,84,78,82,-1,88,89,90,-1,88,90,91,-1,91,90,92,-1,91,92,93,-1,93,92,94,-1,93,94,95,-1,96,97,98,-1,96,98,99,-1,99,98,100,-1,99,100,101,-1,101,100,102,-1,101,102,103,-1,104,94,105,-1,105,94,106,-1,95,107,108,-1,108,107,109,-1,104,105,110,-1,110,105,102,-1,110,102,111,-1,111,102,112,-1,113,114,97,-1,97,114,115,-1,97,115,98,-1,98,115,116,-1,98,116,100,-1,100,116,117,-1,100,117,102,-1,102,117,118,-1,102,118,112,-1,109,107,103,-1,103,107,119,-1,103,119,120,-1,121,122,123,-1,123,122,96,-1,123,96,124,-1,124,96,99,-1,124,99,125,-1,125,99,101,-1,125,101,126,-1,126,101,103,-1,126,103,127,-1,127,103,120,-1,93,95,108,-1,93,108,91,-1,91,108,128,-1,91,128,88,-1,89,129,90,-1,90,129,106,-1,90,106,92,-1,92,106,94,-1,114,113,121,-1,121,113,122,-1,114,121,115,-1,115,121,123,-1,94,104,110,-1,94,110,95,-1,95,110,119,-1,95,119,107,-1,119,110,120,-1,120,110,111,-1,120,111,127,-1,127,111,112,-1,127,112,126,-1,126,112,118,-1,126,118,125,-1,125,118,117,-1,125,117,124,-1,124,117,116,-1,124,116,123,-1,123,116,115,-1,113,97,122,-1,122,97,96,-1,
        ]
    }
}
Shape{
    appearance Appearance {
        material  Material 	{
            diffuseColor 0.396078431372549 0.396078431372549 0.396078431372549
            specularColor 0.027450980392156862 0.027450980392156862 0.027450980392156862
            ambientIntensity 0.2
            transparency 0
            shininess 0.5
        }
    }
    geometry IndexedFaceSet {
        ccw TRUE
        solid FALSE
        coord DEF co Coordinate {
            point [
                -4.0846 -2.6421 0.9126, -4.0846 -2.4841 1.0706, -4.7244 -2.6421 0.9126, -4.5177 -2.4841 1.0706, -4.5177 -1.5814 1.9732, -3.7894 -2.4841 1.0706, -3.7894 -2.6421 0.9126, -3.3366 -2.4841 1.0706, -3.1496 -2.6421 0.9126, -3.3366 -1.5814 1.9732, -3.1496 -0.9718 2.5829, -4.7244 -0.9718 2.5829, -3.1496 -2.317 6.1869, -2.9528 -2.317 6.7774, -4.7244 -2.317 6.1869, -5.1181 -2.317 6.7774, -4.7244 -2.317 4.2184, -5.1181 -2.317 4.0215, -3.1496 -2.317 4.2184, -2.9528 -2.317 4.0215, -4.2984 0.5078 0.0, -4.2984 0.3674 0.0, -4.3065 0.3654 0.0, -4.2028 3.0906 0.0, -3.9219 3.0906 0.0, -3.9219 1.8054 0.0, -4.2028 3.6024 0.0, -4.2984 4.1732 0.0, -3.9219 3.6024 0.0, -3.9219 4.1732 0.0, -3.6713 3.6024 0.0, -2.9528 4.1732 0.0, -3.6713 3.0906 0.0, -2.9528 1.8054 0.0, -3.9219 -1.3636 0.0, -2.9528 -1.3636 0.0, -3.6713 -2.3031 0.0, -3.6713 -2.815 0.0, -2.9528 -3.204 0.0, -3.9219 -2.815 0.0, -3.9219 -3.204 0.0, -4.2028 -2.815 0.0, -4.2984 -3.204 0.0, -4.2028 -2.3031 0.0, -4.2984 -1.3636 0.0, -3.9219 -2.3031 0.0, -4.1478 0.4722 0.0, -4.1665 0.3952 0.0, -4.2854 0.5056 0.0, -4.2508 0.377 0.0, -4.2939 0.3685 0.0, -4.3129 0.3615 0.0, -4.3129 0.3611 0.0, -5.1181 0.3346 0.0, -4.3129 0.3607 0.0, -4.3128 0.3603 0.0, -4.3065 0.3346 0.0, -4.3125 0.36 0.0, -4.3121 0.3596 0.0, -4.3112 0.3591 0.0, -4.3099 0.3588 0.0, -4.3119 0.3629 0.0, -4.3125 0.3623 0.0, -4.3104 0.5103 0.0, -4.3119 0.5134 0.0, -4.312 0.513 0.0, -4.3095 0.5149 0.0, -4.3104 0.5146 0.0, -5.1181 1.8054 0.0, -4.3111 0.5143 0.0, -4.3116 0.5139 0.0, -4.3127 0.3619 0.0, -4.3112 0.5109 0.0, -4.3117 0.5114 0.0, -4.3119 0.5119 0.0, -4.3075 0.3651 0.0, -4.3095 0.3644 0.0, -4.3108 0.3636 0.0, -4.3065 1.8054 0.0, -4.3065 0.5154 0.0, -4.3081 0.5151 0.0, -4.3085 0.5096 0.0, -4.3081 0.5095 0.0, -4.3065 0.5092 0.0, -4.3121 0.5127 0.0, -4.3121 0.5124 0.0, -4.2508 0.3561 0.0, -4.2457 0.3589 0.0, -4.221 0.3663 0.0, -4.2961 0.3572 0.0, -4.2724 0.3544 0.0, -4.2984 0.3346 0.0, -4.2445 0.5148 0.0, -4.2481 0.5172 0.0, -4.2344 0.5112 0.0, -3.9259 0.4387 0.0, -4.1687 0.4936 0.0, -4.1971 0.5004 0.0, -4.2105 0.5035 0.0, -4.2237 0.5072 0.0, -4.2614 0.3536 0.0, -4.2562 0.3538 0.0, -3.9219 0.3346 0.0, -4.253 0.3549 0.0, -4.2984 1.8054 0.0, -4.1959 0.3725 0.0, -3.9259 0.4308 0.0, -4.2532 0.5202 0.0, -4.2579 0.5197 0.0, -4.2662 0.5192 0.0, -4.2505 0.5192 0.0, -4.2514 0.5198 0.0, -4.2521 0.52 0.0, -4.2933 0.5169 0.0, -4.2984 0.5163 0.0, -4.3029 0.5157 0.0, -4.306 0.5155 0.0, -4.2679 0.5191 0.0, -4.3065 0.3583 0.0, -4.304 0.358 0.0, -4.2984 0.3574 0.0, -4.2713 0.1458 0.0, -4.271 0.1461 0.0, -3.9219 0.1238 0.0, -4.2748 0.1452 0.0, -4.2742 0.145 0.0, -4.2984 0.1238 0.0, -3.9394 0.2545 0.0, -3.9425 0.2673 0.0, -3.9478 0.2775 0.0, -3.9557 0.2866 0.0, -3.9681 0.2955 0.0, -3.989 0.3038 0.0, -4.2737 0.1449 0.0, -4.2733 0.1449 0.0, -4.2724 0.1453 0.0, -3.9383 0.2369 0.0, -3.9393 0.2244 0.0, -3.9509 0.1451 0.0, -3.952 0.1447 0.0, -3.9534 0.1445 0.0, -4.2708 0.1463 0.0, -4.2706 0.1468 0.0, -3.9739 0.1673 0.0, -4.2706 0.147 0.0, -4.2704 0.1482 0.0, -4.2706 0.1504 0.0, -4.2706 0.1582 0.0, -4.2706 0.1673 0.0, -4.2385 0.2991 0.0, -4.2589 0.2878 0.0, -4.2708 0.278 0.0, -4.2786 0.2679 0.0, -4.2813 0.2626 0.0, -4.2995 0.1698 0.0, -4.2984 0.1682 0.0, -4.2969 0.1661 0.0, -4.2893 0.158 0.0, -3.949 0.1786 0.0, -3.9479 0.1905 0.0, -3.9417 0.212 0.0, -4.2777 0.1472 0.0, -4.2765 0.1463 0.0, -4.2756 0.1456 0.0, -3.95 0.1458 0.0, -3.949 0.1469 0.0, -3.9508 0.1572 0.0, -3.9596 0.1473 0.0, -3.9615 0.1498 0.0, -3.97 0.1599 0.0, -3.9579 0.1459 0.0, -3.9561 0.1449 0.0, -3.9549 0.1446 0.0, -3.9508 0.169 0.0, -3.9499 0.1738 0.0, -4.0506 0.3128 0.0, -4.1342 0.3157 0.0, -4.202 0.3097 0.0, -4.2848 0.2509 0.0, -4.2899 0.2149 0.0, -4.2928 0.19 0.0, -3.9721 0.1635 0.0, -4.2865 0.1554 0.0, -4.2792 0.1486 0.0, -4.2999 0.1729 0.0, -4.3001 0.1724 0.0, -4.3065 0.1238 0.0, -4.3 0.1709 0.0, -4.2953 0.1807 0.0, -4.2984 0.1755 0.0, -4.2989 0.1748 0.0, -4.2718 -0.1183 0.0, -4.2837 -0.128 0.0, -4.2984 -0.0743 0.0, -3.9219 -0.0743 0.0, -3.9389 -0.1065 0.0, -4.09 -0.1065 0.0, -4.2918 -0.1391 0.0, -4.2973 -0.1524 0.0, -4.2984 -0.1597 0.0, -3.9326 -0.1716 0.0, -3.9369 -0.1551 0.0, -3.9389 -0.115 0.0, -3.944 -0.1422 0.0, -3.9936 -0.2371 0.0, -3.9642 -0.2234 0.0, -3.9219 -0.2762 0.0, -4.1597 -0.098 0.0, -4.2268 -0.1023 0.0, -4.2531 -0.109 0.0, -4.2984 -0.1754 0.0, -4.2982 -0.1798 0.0, -4.2984 -0.2762 0.0, -4.2932 -0.1946 0.0, -4.2852 -0.2076 0.0, -3.9549 -0.1302 0.0, -3.9632 -0.124 0.0, -3.9722 -0.119 0.0, -4.1433 -0.2379 0.0, -4.1891 -0.1099 0.0, -4.0456 -0.2348 0.0, -4.1592 -0.1071 0.0, -4.0262 -0.2313 0.0, -3.9495 -0.211 0.0, -3.9391 -0.1971 0.0, -3.9346 -0.1884 0.0, -4.2803 -0.1716 0.0, -4.2242 -0.2239 0.0, -4.09 -0.1172 0.0, -4.0103 -0.122 0.0, -3.9329 -0.1811 0.0, -4.2679 -0.1366 0.0, -4.2585 -0.1283 0.0, -3.9867 -0.218 0.0, -3.9704 -0.2077 0.0, -3.9614 -0.1986 0.0, -4.2723 -0.1951 0.0, -4.2645 -0.2034 0.0, -4.2479 -0.215 0.0, -4.2793 -0.159 0.0, -4.2748 -0.1467 0.0, -4.244 -0.1208 0.0, -4.2064 -0.1125 0.0, -4.2744 -0.2174 0.0, -4.2505 -0.2309 0.0, -4.1997 -0.2463 0.0, -4.1948 -0.2472 0.0, -4.0877 -0.2539 0.0, -4.0555 -0.2509 0.0, -4.2769 -0.1878 0.0, -4.2793 -0.1804 0.0, -3.9845 -0.1291 0.0, -3.9699 -0.1367 0.0, -3.9619 -0.1436 0.0, -3.9513 -0.1671 0.0, -3.952 -0.1789 0.0, -3.9554 -0.189 0.0, -3.9556 -0.1526 0.0, -3.9524 -0.1614 0.0, -4.3065 -0.0743 0.0, -4.299 -0.1637 0.0, -4.3065 -0.2762 0.0, -3.9847 -0.4037 0.0, -4.2577 -0.3219 0.0, -4.2565 -0.3194 0.0, -3.9219 -0.417 0.0, -3.949 -0.3953 0.0, -3.9617 -0.4013 0.0, -3.9778 -0.4036 0.0, -4.282 -0.2962 0.0, -4.2832 -0.2968 0.0, -4.274 -0.3 0.0, -4.2759 -0.2981 0.0, -4.2774 -0.2972 0.0, -4.2798 -0.2965 0.0, -4.2762 -0.42 0.0, -4.2712 -0.4196 0.0, -4.289 -0.4215 0.0, -4.2378 -0.4185 0.0, -4.2735 -0.4037 0.0, -4.2698 -0.3601 0.0, -4.2667 -0.3394 0.0, -4.2651 -0.3325 0.0, -4.2682 -0.3062 0.0, -4.2631 -0.3284 0.0, -4.2602 -0.3248 0.0, -3.983 -0.4185 0.0, -3.9554 -0.4189 0.0, -3.9281 -0.423 0.0, -4.2918 -0.4215 0.0, -4.2872 -0.3249 0.0, -4.2914 -0.3651 0.0, -4.2838 -0.2973 0.0, -4.2843 -0.2981 0.0, -4.2848 -0.2993 0.0, -4.2851 -0.3015 0.0, -4.2853 -0.3119 0.0, -4.2922 -0.3755 0.0, -4.2945 -0.3992 0.0, -4.2956 -0.4123 0.0, -4.296 -0.4189 0.0, -4.2956 -0.4195 0.0, -4.2965 -0.4153 0.0, -4.2966 -0.4169 0.0, -4.2964 -0.418 0.0, -4.2947 -0.4203 0.0, -4.2931 -0.4211 0.0, -3.9224 -0.4241 0.0, -3.9219 -0.4236 0.0, -3.9179 -0.4202 0.0, -2.9528 -0.2762 0.0, -4.2984 -3.593 0.0, -3.9219 -3.593 0.0, -2.9528 -3.593 0.0, -4.3065 -1.3636 0.0, -4.3065 -3.204 0.0, -4.3065 -3.593 0.0, -4.297 -0.0373 0.0, -4.2964 -0.0387 0.0, -4.2954 -0.04 0.0, -4.2942 -0.041 0.0, -4.276 0.1017 0.0, -4.2764 0.1011 0.0, -3.9493 -0.0507 0.0, -3.9489 -0.0506 0.0, -3.9486 -0.0504 0.0, -3.9479 -0.0491 0.0, -3.9477 -0.0482 0.0, -4.0974 -0.0203 0.0, -4.0912 0.0273 0.0, -3.9728 -0.0203 0.0, -4.0872 0.0469 0.0, -4.0764 0.0703 0.0, -3.9564 0.0868 0.0, -3.9576 0.0777 0.0, -4.2733 0.1031 0.0, -4.2745 0.1028 0.0, -4.2755 0.1022 0.0, -4.2973 -0.0358 0.0, -4.2972 -0.033 0.0, -3.9593 0.0644 0.0, -3.9609 0.051 0.0, -4.0793 0.0652 0.0, -4.0828 0.0595 0.0, -3.9304 0.0732 0.0, -3.9473 0.0895 0.0, -4.0981 0.0893 0.0, -3.9559 0.0893 0.0, -3.9562 0.0884 0.0, -4.0999 0.0888 0.0, -4.1007 0.0883 0.0, -4.2503 0.085 0.0, -4.1017 0.0872 0.0, -4.1022 0.0862 0.0, -3.9483 -0.05 0.0, -3.9482 -0.0499 0.0, -3.9538 0.0915 0.0, -3.9545 0.0911 0.0, -3.9553 0.0903 0.0, -4.2679 0.1009 0.0, -4.2699 0.1024 0.0, -4.2711 0.1029 0.0, -4.2722 0.1032 0.0, -3.9516 0.0917 0.0, -3.9524 0.0918 0.0, -3.9532 0.0917 0.0, -4.0945 0.088 0.0, -4.0958 0.0887 0.0, -4.097 0.0892 0.0, -4.1172 -0.0203 0.0, -4.2706 -0.0203 0.0, -4.2588 0.0641 0.0, -4.2894 0.0035 0.0, -4.2939 -0.0225 0.0, -4.2962 -0.0289 0.0, -4.2925 -0.0417 0.0, -4.2903 -0.0421 0.0, -4.286 -0.0418 0.0, -3.9557 -0.05 0.0, -3.9535 -0.0506 0.0, -3.952 -0.0507 0.0, -3.9478 -0.0466 0.0, -3.9479 -0.0458 0.0, -3.9496 -0.035 0.0, -4.1024 0.0853 0.0, -4.1025 0.0839 0.0, -4.2531 0.08 0.0, -4.2567 0.0723 0.0, -4.2767 0.1002 0.0, -4.2769 0.0979 0.0, -4.2769 0.0975 0.0, -3.9509 -0.0507 0.0, -3.9497 -0.0508 0.0, -3.9508 -0.0254 0.0, -3.9508 -0.0157 0.0, -3.9508 -0.0141 0.0, -3.9451 0.0301 0.0, -3.9411 0.0496 0.0, -3.9492 0.0906 0.0, -3.9506 0.0913 0.0, -4.099 0.0892 0.0, -4.0929 0.0868 0.0, -4.2774 0.089 0.0, -4.2827 0.0462 0.0, -3.9658 -0.0427 0.0, -3.9613 -0.0464 0.0, -3.9582 -0.0487 0.0, -3.9505 -0.003 0.0, -3.949 0.008 0.0, -3.9355 0.0652 0.0, -3.9337 0.0681 0.0, -4.2717 -0.0382 0.0, -4.2571 -0.0367 0.0, -4.2463 -0.0367 0.0, -3.9728 -0.0367 0.0, -4.2321 -0.0361 0.0, -4.2392 -0.0364 0.0, -5.1181 0.1238 0.0, -5.1181 -0.0743 0.0, -5.1181 -0.2762 0.0, -5.1181 -1.3636 0.0, -5.1181 -3.204 0.0, -5.1181 -3.593 0.0, -2.9528 0.3346 0.0, -2.9528 0.1238 0.0, -2.9528 -0.0743 0.0, -5.1181 4.1732 0.0, -4.3065 4.1732 0.0, -5.1181 -4.1732 2.1654, -2.9528 -4.1732 2.1654, -4.7244 -2.9205 3.4181, -4.7244 -4.034 2.3045, -3.1496 -4.034 2.3045, -3.1496 -2.9205 3.4181, -4.7244 0.1885 9.2829, -4.7244 1.0236 10.1181, -5.1181 1.0236 10.1181, -4.7244 -0.6467 8.4478, -3.1496 0.1885 9.2829, -3.1496 -0.6467 8.4478, -3.1496 1.0236 10.1181, -2.9528 1.0236 10.1181, -3.1496 -2.0943 7.0002, -4.7244 -2.0943 7.0002, -2.9528 2.5984 10.1181, -5.1181 2.5984 10.1181, -5.1181 2.5984 10.5118, -2.9528 2.5984 10.5118, -5.1181 4.1732 10.5118, -2.9528 4.1732 10.5118, -3.1496 1.5804 7.891, -4.7244 1.5804 7.891, -3.1496 2.4156 8.7262, -4.7244 2.4156 8.7262, -3.1496 -0.7024 5.6082, -4.7244 -0.7024 5.6082, -3.3366 0.2467 6.5573, -3.3366 0.021 6.3316, -4.5177 0.2467 6.5573, -4.7244 1.302 7.6126, -4.5177 0.021 6.3316, -4.0846 0.2467 6.5573, -4.0846 0.4808 6.7914, -4.5177 0.4808 6.7914, -4.5177 0.6923 7.0029, -3.1496 1.302 7.6126, -3.3366 0.6923 7.0029, -3.3366 0.4808 6.7914, -3.7894 0.4808 6.7914, -3.7894 0.2467 6.5573, -3.1496 -0.424 8.2251, -4.7244 -0.424 8.2251, -3.1496 0.1328 8.7818, -4.7244 0.1328 8.7818, -3.1496 -1.9093 3.8107, -4.7244 -1.9093 3.8107, -3.1496 -0.9251 4.795, -4.7244 -0.9251 4.795, -4.0846 -2.6904 0.9609, -3.7894 -2.6904 0.9609, -3.1496 -2.6978 3.1954, -4.7244 -2.6978 3.1954, -3.1496 -2.141 3.7522, -4.7244 -2.141 3.7522, -4.7244 -2.141 3.7522
            ]
        }
        coordIndex [
            0,1,2,-1,2,1,3,-1,2,3,4,-1,5,6,7,-1,7,6,8,-1,7,8,9,-1,9,8,10,-1,9,10,4,-1,4,10,11,-1,4,11,2,-1,12,13,14,-1,14,13,15,-1,14,15,16,-1,16,15,17,-1,16,17,18,-1,18,17,19,-1,18,19,12,-1,12,19,13,-1,20,21,22,-1,23,24,25,-1,26,27,28,-1,28,27,29,-1,28,29,30,-1,30,29,31,-1,30,31,32,-1,32,31,33,-1,32,33,24,-1,34,35,36,-1,36,35,37,-1,37,35,38,-1,37,38,39,-1,39,38,40,-1,39,40,41,-1,41,40,42,-1,41,42,43,-1,43,42,44,-1,43,44,45,-1,46,47,48,-1,48,47,49,-1,48,49,20,-1,20,49,50,-1,20,50,21,-1,51,52,53,-1,53,52,54,-1,53,54,55,-1,56,55,57,-1,57,58,56,-1,56,58,59,-1,56,59,60,-1,61,62,63,-1,64,65,53,-1,66,67,68,-1,68,67,69,-1,68,69,53,-1,53,69,70,-1,53,70,64,-1,62,71,63,-1,63,71,51,-1,63,51,72,-1,72,51,53,-1,72,53,73,-1,73,53,74,-1,75,76,63,-1,63,76,77,-1,63,77,61,-1,78,79,68,-1,68,79,80,-1,68,80,66,-1,63,81,75,-1,75,81,82,-1,75,82,22,-1,22,82,83,-1,22,83,20,-1,65,84,53,-1,53,84,85,-1,53,85,74,-1,86,87,88,-1,89,90,91,-1,92,93,94,-1,94,93,95,-1,94,95,96,-1,96,97,94,-1,94,97,98,-1,94,98,99,-1,90,100,91,-1,91,100,101,-1,91,101,102,-1,102,101,103,-1,102,95,25,-1,25,95,104,-1,25,104,23,-1,86,88,103,-1,103,88,105,-1,103,105,102,-1,102,105,106,-1,102,106,95,-1,107,108,109,-1,93,110,95,-1,95,110,111,-1,95,111,104,-1,104,111,112,-1,104,112,107,-1,113,114,104,-1,104,114,115,-1,104,115,78,-1,78,115,116,-1,78,116,79,-1,107,109,104,-1,104,109,117,-1,104,117,113,-1,60,118,56,-1,56,118,119,-1,56,119,91,-1,91,119,120,-1,91,120,89,-1,121,122,123,-1,124,125,126,-1,127,128,102,-1,102,128,129,-1,129,130,102,-1,102,130,131,-1,102,131,132,-1,125,133,126,-1,126,133,134,-1,126,134,123,-1,123,134,135,-1,123,135,121,-1,127,102,136,-1,136,102,123,-1,136,123,137,-1,138,123,139,-1,139,123,140,-1,141,142,143,-1,143,142,144,-1,143,144,145,-1,145,146,143,-1,143,146,147,-1,143,147,148,-1,91,149,150,-1,150,151,91,-1,91,151,152,-1,91,152,153,-1,154,155,126,-1,126,155,156,-1,126,156,157,-1,158,159,123,-1,123,159,160,-1,123,160,137,-1,161,162,126,-1,126,162,163,-1,126,163,124,-1,138,164,123,-1,123,164,165,-1,123,165,166,-1,167,122,168,-1,168,122,169,-1,167,170,122,-1,122,170,171,-1,122,171,123,-1,123,171,172,-1,123,172,140,-1,166,173,123,-1,123,173,174,-1,123,174,158,-1,132,175,102,-1,102,175,176,-1,102,176,91,-1,91,176,177,-1,91,177,149,-1,153,178,91,-1,91,178,179,-1,91,179,180,-1,141,143,122,-1,122,143,181,-1,122,181,169,-1,157,182,126,-1,126,182,183,-1,126,183,161,-1,184,185,56,-1,56,185,186,-1,186,185,187,-1,186,187,154,-1,180,188,91,-1,91,188,189,-1,91,189,56,-1,56,189,190,-1,56,190,184,-1,191,192,193,-1,194,195,196,-1,192,197,193,-1,193,197,198,-1,193,198,199,-1,200,201,202,-1,202,201,203,-1,204,205,206,-1,207,208,193,-1,193,208,209,-1,193,209,191,-1,210,211,212,-1,212,211,213,-1,212,213,214,-1,203,215,202,-1,202,215,216,-1,202,216,217,-1,218,219,220,-1,220,219,221,-1,220,221,222,-1,205,223,206,-1,206,223,224,-1,206,224,225,-1,226,218,227,-1,193,194,207,-1,207,194,196,-1,207,196,221,-1,221,196,228,-1,221,228,222,-1,222,228,229,-1,225,230,206,-1,206,230,200,-1,206,200,194,-1,194,200,202,-1,194,202,195,-1,218,231,232,-1,233,222,234,-1,234,222,235,-1,236,227,237,-1,237,227,238,-1,226,239,218,-1,218,239,240,-1,218,240,231,-1,232,241,218,-1,218,241,242,-1,218,242,219,-1,214,243,212,-1,212,243,244,-1,212,244,245,-1,245,246,212,-1,212,246,247,-1,212,247,206,-1,206,247,248,-1,206,248,204,-1,236,249,227,-1,227,249,250,-1,227,250,226,-1,229,251,222,-1,222,251,252,-1,222,252,253,-1,254,255,222,-1,222,255,256,-1,222,256,235,-1,253,257,222,-1,222,257,258,-1,222,258,254,-1,259,260,261,-1,261,260,210,-1,262,263,264,-1,206,265,266,-1,266,267,206,-1,206,267,268,-1,206,268,262,-1,212,269,270,-1,271,272,206,-1,206,272,273,-1,206,273,212,-1,212,273,274,-1,212,274,269,-1,275,276,277,-1,277,276,278,-1,279,280,262,-1,262,280,281,-1,262,281,282,-1,262,264,206,-1,206,264,283,-1,206,283,271,-1,282,284,262,-1,262,284,285,-1,262,285,263,-1,286,287,288,-1,44,289,277,-1,212,290,291,-1,270,292,212,-1,212,292,293,-1,212,293,294,-1,278,286,277,-1,277,286,288,-1,277,288,44,-1,44,288,34,-1,44,34,45,-1,45,34,36,-1,294,295,212,-1,212,295,296,-1,212,296,290,-1,291,297,212,-1,212,297,298,-1,212,298,299,-1,44,300,301,-1,299,302,212,-1,212,302,303,-1,212,303,44,-1,44,303,304,-1,44,304,300,-1,301,305,44,-1,44,305,306,-1,44,306,289,-1,288,307,34,-1,34,307,308,-1,34,308,35,-1,35,308,309,-1,35,309,310,-1,311,42,312,-1,312,42,40,-1,312,40,313,-1,313,40,38,-1,210,212,261,-1,261,212,44,-1,261,44,314,-1,314,44,42,-1,314,42,315,-1,315,42,311,-1,315,311,316,-1,317,318,193,-1,193,318,319,-1,193,319,320,-1,126,321,322,-1,323,324,194,-1,194,324,325,-1,194,326,327,-1,328,329,330,-1,330,329,331,-1,332,333,334,-1,335,336,126,-1,126,336,337,-1,126,337,321,-1,317,193,338,-1,338,193,126,-1,338,126,339,-1,334,340,332,-1,332,340,341,-1,332,341,342,-1,342,341,330,-1,342,330,343,-1,343,330,331,-1,194,344,123,-1,123,344,345,-1,346,347,348,-1,349,350,351,-1,351,350,352,-1,351,352,353,-1,325,354,194,-1,194,354,355,-1,194,355,326,-1,356,357,346,-1,346,357,358,-1,346,358,347,-1,123,351,359,-1,359,360,123,-1,123,360,361,-1,123,361,126,-1,126,361,362,-1,126,362,335,-1,363,364,123,-1,123,364,365,-1,366,367,348,-1,348,367,368,-1,348,368,346,-1,369,370,371,-1,372,373,126,-1,126,373,374,-1,126,374,339,-1,320,375,193,-1,193,375,376,-1,193,376,377,-1,193,378,194,-1,194,378,379,-1,194,379,380,-1,327,381,194,-1,194,381,382,-1,194,382,383,-1,353,384,351,-1,351,384,385,-1,351,385,386,-1,386,385,369,-1,386,369,387,-1,387,369,371,-1,322,388,126,-1,126,388,389,-1,126,389,390,-1,380,391,194,-1,194,391,392,-1,194,392,323,-1,383,393,194,-1,194,393,394,-1,194,394,395,-1,194,396,397,-1,345,398,123,-1,123,398,399,-1,123,399,363,-1,365,356,123,-1,123,356,346,-1,123,346,351,-1,351,346,400,-1,351,400,349,-1,333,332,348,-1,348,332,401,-1,348,401,366,-1,390,402,126,-1,126,402,403,-1,126,403,372,-1,404,405,193,-1,193,405,406,-1,193,406,378,-1,395,407,194,-1,194,407,408,-1,194,408,396,-1,397,409,194,-1,194,409,410,-1,194,410,344,-1,377,411,193,-1,193,411,412,-1,193,412,413,-1,414,404,415,-1,415,404,193,-1,415,193,416,-1,416,193,413,-1,154,126,186,-1,186,126,193,-1,186,193,259,-1,259,193,199,-1,259,199,260,-1,55,56,53,-1,53,56,186,-1,53,186,417,-1,417,186,259,-1,417,259,418,-1,418,259,261,-1,418,261,419,-1,419,261,314,-1,419,314,420,-1,420,314,315,-1,420,315,421,-1,421,315,316,-1,421,316,422,-1,24,33,25,-1,25,33,423,-1,25,423,102,-1,102,423,424,-1,102,424,123,-1,123,424,425,-1,123,425,194,-1,194,425,310,-1,194,310,206,-1,206,310,309,-1,206,309,265,-1,68,426,78,-1,78,426,427,-1,78,427,104,-1,104,427,27,-1,104,27,23,-1,23,27,26,-1,428,422,316,-1,312,313,429,-1,428,316,429,-1,429,316,311,-1,429,311,312,-1,430,17,431,-1,431,17,428,-1,431,428,432,-1,432,428,429,-1,432,429,433,-1,433,429,19,-1,433,19,430,-1,430,19,17,-1,434,435,436,-1,436,15,434,-1,434,15,437,-1,434,437,438,-1,438,437,439,-1,440,438,441,-1,441,438,439,-1,441,439,13,-1,13,439,442,-1,13,442,15,-1,15,442,443,-1,15,443,437,-1,441,444,440,-1,440,444,445,-1,440,445,435,-1,435,445,436,-1,446,445,447,-1,447,445,444,-1,448,446,449,-1,449,446,447,-1,427,426,448,-1,449,31,29,-1,449,29,448,-1,448,29,27,-1,448,27,427,-1,441,31,444,-1,444,31,449,-1,444,449,447,-1,19,429,313,-1,313,38,19,-1,19,38,35,-1,19,35,310,-1,310,425,19,-1,19,425,424,-1,19,424,423,-1,441,13,31,-1,31,13,19,-1,31,19,33,-1,33,19,423,-1,438,450,434,-1,434,450,451,-1,450,452,451,-1,451,452,453,-1,452,440,453,-1,453,440,435,-1,440,452,438,-1,438,452,450,-1,453,435,451,-1,451,435,434,-1,442,454,443,-1,443,454,455,-1,456,457,454,-1,458,459,455,-1,454,457,455,-1,455,457,460,-1,455,460,458,-1,461,462,458,-1,458,462,463,-1,458,463,459,-1,459,463,464,-1,459,464,465,-1,465,464,466,-1,465,466,467,-1,468,469,467,-1,467,469,456,-1,467,456,465,-1,465,456,454,-1,470,439,471,-1,471,439,437,-1,472,465,470,-1,470,465,454,-1,470,454,439,-1,439,454,442,-1,437,443,471,-1,471,443,455,-1,471,455,473,-1,473,455,459,-1,18,474,16,-1,16,474,475,-1,474,476,475,-1,475,476,477,-1,476,12,477,-1,477,12,14,-1,476,474,12,-1,12,474,18,-1,475,477,16,-1,16,477,14,-1,0,2,478,-1,478,2,431,-1,478,431,479,-1,479,431,432,-1,479,432,6,-1,6,432,8,-1,480,433,481,-1,481,433,430,-1,482,10,480,-1,480,10,8,-1,480,8,433,-1,433,8,432,-1,430,431,481,-1,481,431,2,-1,481,2,483,-1,483,2,11,-1,
        ]
    }
}
Shape{
    appearance Appearance {
        material  Material 	{
            diffuseColor 0.6470588235294118 0.6196078431372549 0.5882352941176471
            specularColor 0.45098039215686275 0.43529411764705883 0.4117647058823529
            ambientIntensity 0.2
            transparency 0
            shininess 0.5
        }
    }
    geometry IndexedFaceSet {
        ccw TRUE
        solid FALSE
        coord DEF co Coordinate {
            point [
                -4.7244 0.1328 8.7818, -3.1496 0.1328 8.7818, -4.7244 -0.424 8.2251, -3.1496 -0.424 8.2251, -3.1496 1.302 7.6126, -4.7244 1.302 7.6126, -4.7244 -2.141 3.7522, -3.1496 -2.141 3.7522, -4.7244 -2.6978 3.1954, -3.1496 -2.6978 3.1954, -3.1496 -0.9718 2.5829, -4.7244 -0.9718 2.5829, -4.7244 -0.9718 2.5829
            ]
        }
        coordIndex [
            0,1,2,-1,2,1,3,-1,4,1,5,-1,5,1,0,-1,6,7,8,-1,8,7,9,-1,10,7,11,-1,11,7,6,-1,
        ]
    }
}
Shape{
    appearance Appearance {
        material  Material 	{
            diffuseColor 0.396078431372549 0.396078431372549 0.396078431372549
            specularColor 0.027450980392156862 0.027450980392156862 0.027450980392156862
            ambientIntensity 0.2
            transparency 0
            shininess 0.5
        }
    }
    geometry IndexedFaceSet {
        ccw TRUE
        solid FALSE
        coord DEF co Coordinate {
            point [
                -4.2028 3.6024 0.3937, -4.2028 3.6024 0.0, -3.6713 3.6024 0.3937, -3.9219 3.6024 0.0, -3.6713 3.6024 0.0, -4.2028 3.0906 0.3937, -4.2028 3.0906 0.0, -3.9219 3.0906 0.0, -3.6713 3.0906 0.3937, -3.6713 3.0906 0.0, -3.7894 3.4843 0.3937, -3.7894 3.2087 0.3937, -4.0846 3.2087 0.3937, -4.0846 3.4843 0.3937, -4.2028 -2.3031 0.3937, -4.2028 -2.3031 0.0, -3.6713 -2.3031 0.3937, -3.9219 -2.3031 0.0, -3.6713 -2.3031 0.0, -4.2028 -2.815 0.3937, -4.2028 -2.815 0.0, -3.9219 -2.815 0.0, -3.6713 -2.815 0.3937, -3.6713 -2.815 0.0, -3.7894 -2.4213 0.3937, -3.7894 -2.6969 0.3937, -4.0846 -2.6969 0.3937, -4.0846 -2.4213 0.3937, -4.0846 -2.4213 0.3937
            ]
        }
        coordIndex [
            0,1,2,-1,2,1,3,-1,2,3,4,-1,0,5,1,-1,1,5,6,-1,6,5,7,-1,7,5,8,-1,7,8,9,-1,8,2,9,-1,9,2,4,-1,10,2,11,-1,11,2,8,-1,11,8,12,-1,12,8,5,-1,12,5,13,-1,13,5,0,-1,13,0,10,-1,10,0,2,-1,14,15,16,-1,16,15,17,-1,16,17,18,-1,14,19,15,-1,15,19,20,-1,20,19,21,-1,21,19,22,-1,21,22,23,-1,22,16,23,-1,23,16,18,-1,24,16,25,-1,25,16,22,-1,25,22,26,-1,26,22,19,-1,26,19,27,-1,27,19,14,-1,27,14,24,-1,24,14,16,-1,
        ]
    }
}
Shape{
    appearance Appearance {
        material  Material 	{
            diffuseColor 0.6470588235294118 0.6196078431372549 0.5882352941176471
            specularColor 0.45098039215686275 0.43529411764705883 0.4117647058823529
            ambientIntensity 0.2
            transparency 0
            shininess 0.5
        }
    }
    geometry IndexedFaceSet {
        ccw TRUE
        solid FALSE
        coord DEF co Coordinate {
            point [
                -4.2508 0.377 0.0039, -4.2508 0.377 0.0, -4.1665 0.3952 0.0039, -4.1665 0.3952 0.0, -4.2939 0.3685 0.0039, -4.2939 0.3685 0.0, -4.3075 0.3651 0.0039, -4.3075 0.3651 0.0, -4.3065 0.3654 0.0, -4.2984 0.3674 0.0, -4.3095 0.3644 0.0039, -4.3095 0.3644 0.0, -4.3108 0.3636 0.0039, -4.3108 0.3636 0.0, -4.3119 0.3629 0.0039, -4.3119 0.3629 0.0, -4.3125 0.3623 0.0039, -4.3125 0.3623 0.0, -4.3127 0.3619 0.0039, -4.3127 0.3619 0.0, -4.3129 0.3615 0.0039, -4.3129 0.3615 0.0, -4.3129 0.3611 0.0039, -4.3129 0.3611 0.0, -4.3129 0.3607 0.0039, -4.3129 0.3607 0.0, -4.3128 0.3603 0.0039, -4.3128 0.3603 0.0, -4.3125 0.36 0.0039, -4.3125 0.36 0.0, -4.3121 0.3596 0.0039, -4.3121 0.3596 0.0, -4.3112 0.3591 0.0039, -4.3112 0.3591 0.0, -4.3099 0.3588 0.0039, -4.3099 0.3588 0.0, -4.3065 0.3583 0.0, -4.304 0.358 0.0039, -4.304 0.358 0.0, -4.2984 0.3574 0.0, -4.2961 0.3572 0.0039, -4.2961 0.3572 0.0, -4.2724 0.3544 0.0039, -4.2724 0.3544 0.0, -4.2614 0.3536 0.0039, -4.2614 0.3536 0.0, -4.2562 0.3538 0.0039, -4.2562 0.3538 0.0, -4.253 0.3549 0.0039, -4.253 0.3549 0.0, -4.2508 0.3561 0.0039, -4.2508 0.3561 0.0, -4.2508 0.3561 0.0
            ]
        }
        coordIndex [
            0,1,2,-1,2,1,3,-1,4,5,0,-1,0,5,1,-1,6,7,8,-1,6,8,4,-1,4,8,9,-1,4,9,5,-1,7,6,10,-1,7,10,11,-1,11,10,12,-1,11,12,13,-1,13,12,14,-1,13,14,15,-1,15,14,16,-1,15,16,17,-1,17,16,18,-1,17,18,19,-1,19,18,20,-1,19,20,21,-1,21,20,22,-1,21,22,23,-1,23,22,24,-1,23,24,25,-1,25,24,26,-1,25,26,27,-1,27,26,28,-1,27,28,29,-1,29,28,30,-1,29,30,31,-1,31,30,32,-1,31,32,33,-1,33,32,34,-1,33,34,35,-1,35,34,36,-1,36,34,37,-1,36,37,38,-1,38,37,39,-1,39,37,40,-1,39,40,41,-1,42,43,40,-1,40,43,41,-1,43,42,44,-1,43,44,45,-1,45,44,46,-1,45,46,47,-1,47,46,48,-1,47,48,49,-1,49,48,50,-1,49,50,51,-1,
        ]
    }
}
Shape{
    appearance Appearance {
        material  Material 	{
            diffuseColor 0.792156862745098 0.8196078431372549 0.9333333333333333
            specularColor 0.396078431372549 0.4117647058823529 0.4666666666666667
            ambientIntensity 0.2
            transparency 0
            shininess 0.5
        }
    }
    geometry IndexedFaceSet {
        ccw TRUE
        solid FALSE
        coord DEF co Coordinate {
            point [
                -4.2457 0.3589 0.0039, -4.2457 0.3589 0.0, -4.2508 0.3561 0.0039, -4.2508 0.3561 0.0, -4.221 0.3663 0.0039, -4.221 0.3663 0.0, -4.1959 0.3725 0.0039, -4.1959 0.3725 0.0, -4.1959 0.3725 0.0
            ]
        }
        coordIndex [
            0,1,2,-1,2,1,3,-1,1,0,4,-1,1,4,5,-1,5,4,6,-1,5,6,7,-1,
        ]
    }
}
Shape{
    appearance Appearance {
        material  Material 	{
            diffuseColor 0.6470588235294118 0.6196078431372549 0.5882352941176471
            specularColor 0.45098039215686275 0.43529411764705883 0.4117647058823529
            ambientIntensity 0.2
            transparency 0
            shininess 0.5
        }
    }
    geometry IndexedFaceSet {
        ccw TRUE
        solid FALSE
        coord DEF co Coordinate {
            point [
                -3.9259 0.4308 0.0039, -3.9259 0.4308 0.0, -4.1959 0.3725 0.0039, -4.1959 0.3725 0.0, -4.1959 0.3725 0.0
            ]
        }
        coordIndex [
            0,1,2,-1,2,1,3,-1,
        ]
    }
}
Shape{
    appearance Appearance {
        material  Material 	{
            diffuseColor 0.792156862745098 0.8196078431372549 0.9333333333333333
            specularColor 0.396078431372549 0.4117647058823529 0.4666666666666667
            ambientIntensity 0.2
            transparency 0
            shininess 0.5
        }
    }
    geometry IndexedFaceSet {
        ccw TRUE
        solid FALSE
        coord DEF co Coordinate {
            point [
                -3.9259 0.4387 0.0039, -3.9259 0.4387 0.0, -3.9259 0.4308 0.0039, -3.9259 0.4308 0.0, -3.9259 0.4308 0.0
            ]
        }
        coordIndex [
            0,1,2,-1,2,1,3,-1,
        ]
    }
}
Shape{
    appearance Appearance {
        material  Material 	{
            diffuseColor 0.6470588235294118 0.6196078431372549 0.5882352941176471
            specularColor 0.45098039215686275 0.43529411764705883 0.4117647058823529
            ambientIntensity 0.2
            transparency 0
            shininess 0.5
        }
    }
    geometry IndexedFaceSet {
        ccw TRUE
        solid FALSE
        coord DEF co Coordinate {
            point [
                -4.1687 0.4936 0.0039, -4.1687 0.4936 0.0, -3.9259 0.4387 0.0039, -3.9259 0.4387 0.0, -4.1971 0.5004 0.0039, -4.1971 0.5004 0.0, -4.2105 0.5035 0.0039, -4.2105 0.5035 0.0, -4.2237 0.5072 0.0039, -4.2237 0.5072 0.0, -4.2344 0.5112 0.0039, -4.2344 0.5112 0.0, -4.2344 0.5112 0.0
            ]
        }
        coordIndex [
            0,1,2,-1,2,1,3,-1,4,5,0,-1,0,5,1,-1,5,4,6,-1,5,6,7,-1,7,6,8,-1,7,8,9,-1,10,11,8,-1,8,11,9,-1,
        ]
    }
}
Shape{
    appearance Appearance {
        material  Material 	{
            diffuseColor 0.792156862745098 0.8196078431372549 0.9333333333333333
            specularColor 0.396078431372549 0.4117647058823529 0.4666666666666667
            ambientIntensity 0.2
            transparency 0
            shininess 0.5
        }
    }
    geometry IndexedFaceSet {
        ccw TRUE
        solid FALSE
        coord DEF co Coordinate {
            point [
                -4.2344 0.5112 0.0, -4.2344 0.5112 0.0039, -4.2445 0.5148 0.0039, -4.2445 0.5148 0.0, -4.2481 0.5172 0.0039, -4.2481 0.5172 0.0, -4.2505 0.5192 0.0039, -4.2505 0.5192 0.0, -4.2514 0.5198 0.0039, -4.2514 0.5198 0.0, -4.2521 0.52 0.0039, -4.2521 0.52 0.0, -4.2532 0.5202 0.0039, -4.2532 0.5202 0.0, -4.2579 0.5197 0.0039, -4.2579 0.5197 0.0, -4.2662 0.5192 0.0039, -4.2662 0.5192 0.0, -4.2679 0.5191 0.0039, -4.2679 0.5191 0.0, -4.2933 0.5169 0.0039, -4.2933 0.5169 0.0, -4.2933 0.5169 0.0
            ]
        }
        coordIndex [
            0,1,2,-1,0,2,3,-1,3,2,4,-1,3,4,5,-1,5,4,6,-1,5,6,7,-1,7,6,8,-1,7,8,9,-1,9,8,10,-1,9,10,11,-1,11,10,12,-1,11,12,13,-1,13,12,14,-1,13,14,15,-1,15,14,16,-1,15,16,17,-1,17,16,18,-1,17,18,19,-1,20,21,18,-1,18,21,19,-1,
        ]
    }
}
Shape{
    appearance Appearance {
        material  Material 	{
            diffuseColor 0.396078431372549 0.396078431372549 0.396078431372549
            specularColor 0.027450980392156862 0.027450980392156862 0.027450980392156862
            ambientIntensity 0.2
            transparency 0
            shininess 0.5
        }
    }
    geometry IndexedFaceSet {
        ccw TRUE
        solid FALSE
        coord DEF co Coordinate {
            point [
                -4.2933 0.5169 0.0, -4.2933 0.5169 0.0039, -4.2984 0.5163 0.0, -4.3029 0.5157 0.0039, -4.3029 0.5157 0.0, -4.3029 0.5157 0.0
            ]
        }
        coordIndex [
            0,1,2,-1,2,1,3,-1,2,3,4,-1,
        ]
    }
}
Shape{
    appearance Appearance {
        material  Material 	{
            diffuseColor 0.6470588235294118 0.6196078431372549 0.5882352941176471
            specularColor 0.45098039215686275 0.43529411764705883 0.4117647058823529
            ambientIntensity 0.2
            transparency 0
            shininess 0.5
        }
    }
    geometry IndexedFaceSet {
        ccw TRUE
        solid FALSE
        coord DEF co Coordinate {
            point [
                -4.306 0.5155 0.0, -4.3029 0.5157 0.0, -4.306 0.5155 0.0039, -4.3029 0.5157 0.0039, -4.3065 0.5154 0.0, -4.3081 0.5151 0.0039, -4.3081 0.5151 0.0, -4.3095 0.5149 0.0039, -4.3095 0.5149 0.0, -4.3104 0.5146 0.0039, -4.3104 0.5146 0.0, -4.3111 0.5143 0.0039, -4.3111 0.5143 0.0, -4.3116 0.5139 0.0039, -4.3116 0.5139 0.0, -4.3119 0.5134 0.0039, -4.3119 0.5134 0.0, -4.312 0.513 0.0039, -4.312 0.513 0.0, -4.3121 0.5127 0.0039, -4.3121 0.5127 0.0, -4.3121 0.5124 0.0039, -4.3121 0.5124 0.0, -4.3119 0.5119 0.0039, -4.3119 0.5119 0.0, -4.3117 0.5114 0.0039, -4.3117 0.5114 0.0, -4.3112 0.5109 0.0039, -4.3112 0.5109 0.0, -4.3104 0.5103 0.0039, -4.3104 0.5103 0.0, -4.3085 0.5096 0.0039, -4.3085 0.5096 0.0, -4.3081 0.5095 0.0039, -4.3081 0.5095 0.0, -4.3081 0.5095 0.0
            ]
        }
        coordIndex [
            0,1,2,-1,2,1,3,-1,0,2,4,-1,4,2,5,-1,4,5,6,-1,6,5,7,-1,6,7,8,-1,8,7,9,-1,8,9,10,-1,10,9,11,-1,10,11,12,-1,12,11,13,-1,12,13,14,-1,14,13,15,-1,14,15,16,-1,16,15,17,-1,16,17,18,-1,18,17,19,-1,18,19,20,-1,20,19,21,-1,20,21,22,-1,22,21,23,-1,22,23,24,-1,24,23,25,-1,24,25,26,-1,26,25,27,-1,26,27,28,-1,28,27,29,-1,28,29,30,-1,30,29,31,-1,30,31,32,-1,32,31,33,-1,32,33,34,-1,
        ]
    }
}
Shape{
    appearance Appearance {
        material  Material 	{
            diffuseColor 0.396078431372549 0.396078431372549 0.396078431372549
            specularColor 0.027450980392156862 0.027450980392156862 0.027450980392156862
            ambientIntensity 0.2
            transparency 0
            shininess 0.5
        }
    }
    geometry IndexedFaceSet {
        ccw TRUE
        solid FALSE
        coord DEF co Coordinate {
            point [
                -4.3081 0.5095 0.0039, -4.2854 0.5056 0.0039, -4.2854 0.5056 0.0, -4.2984 0.5078 0.0, -4.3065 0.5092 0.0, -4.3081 0.5095 0.0, -4.1478 0.4722 0.0039, -4.1478 0.4722 0.0, -4.1478 0.4722 0.0
            ]
        }
        coordIndex [
            0,1,2,-1,2,3,0,-1,0,3,4,-1,0,4,5,-1,6,7,1,-1,1,7,2,-1,
        ]
    }
}
Shape{
    appearance Appearance {
        material  Material 	{
            diffuseColor 0.792156862745098 0.8196078431372549 0.9333333333333333
            specularColor 0.396078431372549 0.4117647058823529 0.4666666666666667
            ambientIntensity 0.2
            transparency 0
            shininess 0.5
        }
    }
    geometry IndexedFaceSet {
        ccw TRUE
        solid FALSE
        coord DEF co Coordinate {
            point [
                -4.1478 0.4722 0.0039, -4.1665 0.3952 0.0039, -4.1478 0.4722 0.0, -4.1665 0.3952 0.0, -3.9802 0.4348 0.0039, -3.9259 0.4308 0.0039, -4.1467 0.3979 0.0039, -4.1959 0.3725 0.0039, -4.1393 0.471 0.0039, -4.1246 0.4557 0.0039, -4.2505 0.5192 0.0039, -4.2481 0.5172 0.0039, -4.2854 0.5056 0.0039, -4.2445 0.5148 0.0039, -4.2344 0.5112 0.0039, -4.1342 0.4415 0.0039, -4.1369 0.4366 0.0039, -4.142 0.4202 0.0039, -4.221 0.3663 0.0039, -4.2508 0.377 0.0039, -4.3095 0.5149 0.0039, -4.3081 0.5151 0.0039, -4.3085 0.5096 0.0039, -4.3081 0.5095 0.0039, -4.2237 0.5072 0.0039, -4.2105 0.5035 0.0039, -4.1971 0.5004 0.0039, -4.1687 0.4936 0.0039, -3.9259 0.4387 0.0039, -4.2724 0.3544 0.0039, -4.2939 0.3685 0.0039, -4.2961 0.3572 0.0039, -4.3075 0.3651 0.0039, -4.304 0.358 0.0039, -4.3095 0.3644 0.0039, -4.3099 0.3588 0.0039, -4.3108 0.3636 0.0039, -4.2679 0.5191 0.0039, -4.2662 0.5192 0.0039, -4.2579 0.5197 0.0039, -4.2532 0.5202 0.0039, -4.2457 0.3589 0.0039, -4.2508 0.3561 0.0039, -4.253 0.3549 0.0039, -4.306 0.5155 0.0039, -4.3029 0.5157 0.0039, -4.2933 0.5169 0.0039, -4.2562 0.3538 0.0039, -4.2614 0.3536 0.0039, -4.3121 0.5124 0.0039, -4.3121 0.5127 0.0039, -4.2521 0.52 0.0039, -4.2514 0.5198 0.0039, -4.3119 0.5119 0.0039, -4.3112 0.3591 0.0039, -4.3125 0.3623 0.0039, -4.3119 0.3629 0.0039, -4.312 0.513 0.0039, -4.3119 0.5134 0.0039, -4.3116 0.5139 0.0039, -4.3121 0.3596 0.0039, -4.3125 0.36 0.0039, -4.3127 0.3619 0.0039, -4.3129 0.3615 0.0039, -4.3111 0.5143 0.0039, -4.3104 0.5146 0.0039, -4.3104 0.5103 0.0039, -4.3112 0.5109 0.0039, -4.3117 0.5114 0.0039, -4.3129 0.3611 0.0039, -4.3128 0.3603 0.0039, -4.3129 0.3607 0.0039, -4.1467 0.3979 0.0, -3.9802 0.4348 0.0, -4.142 0.4202 0.0, -4.1369 0.4366 0.0, -4.1342 0.4415 0.0, -4.1246 0.4557 0.0, -4.1393 0.471 0.0, -3.9615 0.1498 0.0039, -3.9615 0.1498 0.0, -3.97 0.1599 0.0039, -3.97 0.1599 0.0, -3.9596 0.1473 0.0039, -3.9596 0.1473 0.0, -3.9579 0.1459 0.0039, -3.9579 0.1459 0.0, -3.9561 0.1449 0.0039, -3.9561 0.1449 0.0, -3.9549 0.1446 0.0039, -3.9549 0.1446 0.0, -3.9534 0.1445 0.0039, -3.9534 0.1445 0.0, -3.952 0.1447 0.0039, -3.952 0.1447 0.0, -3.9509 0.1451 0.0039, -3.9509 0.1451 0.0, -3.95 0.1458 0.0039, -3.95 0.1458 0.0, -3.949 0.1469 0.0039, -3.949 0.1469 0.0, -3.9508 0.1572 0.0039, -3.9508 0.1572 0.0, -3.9508 0.169 0.0039, -3.9508 0.169 0.0, -3.9499 0.1738 0.0039, -3.9499 0.1738 0.0, -3.949 0.1786 0.0039, -3.949 0.1786 0.0, -3.9479 0.1905 0.0039, -3.9479 0.1905 0.0, -3.9417 0.212 0.0039, -3.9417 0.212 0.0, -3.9393 0.2244 0.0039, -3.9393 0.2244 0.0, -3.9383 0.2369 0.0039, -3.9383 0.2369 0.0, -3.9394 0.2545 0.0039, -3.9394 0.2545 0.0, -3.9425 0.2673 0.0039, -3.9425 0.2673 0.0, -3.9478 0.2775 0.0039, -3.9478 0.2775 0.0, -3.9557 0.2866 0.0039, -3.9557 0.2866 0.0, -3.9681 0.2955 0.0039, -3.9681 0.2955 0.0, -3.989 0.3038 0.0039, -3.989 0.3038 0.0, -4.0506 0.3128 0.0039, -4.0506 0.3128 0.0, -4.1342 0.3157 0.0039, -4.1342 0.3157 0.0, -4.202 0.3097 0.0039, -4.202 0.3097 0.0, -4.2385 0.2991 0.0039, -4.2385 0.2991 0.0, -4.2589 0.2878 0.0039, -4.2589 0.2878 0.0, -4.2708 0.278 0.0039, -4.2708 0.278 0.0, -4.2786 0.2679 0.0039, -4.2786 0.2679 0.0, -4.2813 0.2626 0.0039, -4.2813 0.2626 0.0, -4.2848 0.2509 0.0039, -4.2848 0.2509 0.0, -4.2899 0.2149 0.0039, -4.2899 0.2149 0.0, -4.2928 0.19 0.0039, -4.2928 0.19 0.0, -4.2953 0.1807 0.0, -4.2953 0.1807 0.0039, -4.2984 0.1755 0.0, -4.2989 0.1748 0.0039, -4.2989 0.1748 0.0, -4.2999 0.1729 0.0039, -4.2999 0.1729 0.0, -4.3001 0.1724 0.0039, -4.3001 0.1724 0.0, -4.3 0.1709 0.0039, -4.3 0.1709 0.0, -4.2995 0.1698 0.0039, -4.2995 0.1698 0.0, -4.2984 0.1682 0.0, -4.2969 0.1661 0.0039, -4.2969 0.1661 0.0, -4.2893 0.158 0.0039, -4.2893 0.158 0.0, -4.2865 0.1554 0.0039, -4.2865 0.1554 0.0, -4.2792 0.1486 0.0039, -4.2792 0.1486 0.0, -4.2777 0.1472 0.0039, -4.2777 0.1472 0.0, -4.2765 0.1463 0.0039, -4.2765 0.1463 0.0, -4.2756 0.1456 0.0039, -4.2756 0.1456 0.0, -4.2748 0.1452 0.0039, -4.2748 0.1452 0.0, -4.2742 0.145 0.0039, -4.2742 0.145 0.0, -4.2737 0.1449 0.0039, -4.2737 0.1449 0.0, -4.2733 0.1449 0.0039, -4.2733 0.1449 0.0, -4.2724 0.1453 0.0039, -4.2724 0.1453 0.0, -4.2713 0.1458 0.0039, -4.2713 0.1458 0.0, -4.271 0.1461 0.0039, -4.271 0.1461 0.0, -4.2708 0.1463 0.0039, -4.2708 0.1463 0.0, -4.2706 0.1468 0.0039, -4.2706 0.1468 0.0, -4.2706 0.147 0.0039, -4.2706 0.147 0.0, -4.2704 0.1482 0.0039, -4.2704 0.1482 0.0, -4.2706 0.1504 0.0039, -4.2706 0.1504 0.0, -4.2706 0.1582 0.0039, -4.2706 0.1582 0.0, -4.2706 0.1673 0.0039, -4.2706 0.1673 0.0, -3.9739 0.1673 0.0039, -3.9739 0.1673 0.0, -3.9721 0.1635 0.0039, -3.9721 0.1635 0.0, -4.2696 0.2007 0.0039, -4.2699 0.1919 0.0039, -4.2696 0.1832 0.0039, -3.97 0.1832 0.0039, -3.9654 0.1939 0.0039, -3.9599 0.218 0.0039, -3.9581 0.2426 0.0039, -3.961 0.2576 0.0039, -4.2612 0.2557 0.0039, -4.2572 0.2648 0.0039, -4.2518 0.2717 0.0039, -4.2435 0.2781 0.0039, -4.2166 0.2899 0.0039, -4.2667 0.2256 0.0039, -4.2644 0.243 0.0039, -3.9652 0.2685 0.0039, -3.9701 0.2752 0.0039, -3.9782 0.282 0.0039, -3.9904 0.2883 0.0039, -4.0074 0.2932 0.0039, -4.0844 0.2999 0.0039, -4.1593 0.2992 0.0039, -4.2667 0.2256 0.0, -4.2696 0.2007 0.0, -4.2644 0.243 0.0, -4.2612 0.2557 0.0, -4.2572 0.2648 0.0, -4.2518 0.2717 0.0, -4.2435 0.2781 0.0, -4.2166 0.2899 0.0, -4.1593 0.2992 0.0, -4.0844 0.2999 0.0, -4.0074 0.2932 0.0, -3.9904 0.2883 0.0, -3.9782 0.282 0.0, -3.9701 0.2752 0.0, -3.9652 0.2685 0.0, -3.961 0.2576 0.0, -3.9581 0.2426 0.0, -3.9599 0.218 0.0, -3.9654 0.1939 0.0, -3.97 0.1832 0.0, -4.2696 0.1832 0.0, -4.2699 0.1919 0.0, -4.0912 0.0273 0.0039, -4.0912 0.0273 0.0, -4.0974 -0.0203 0.0039, -4.0974 -0.0203 0.0, -4.0872 0.0469 0.0039, -4.0872 0.0469 0.0, -4.0828 0.0595 0.0039, -4.0828 0.0595 0.0, -4.0793 0.0652 0.0039, -4.0793 0.0652 0.0, -4.0764 0.0703 0.0039, -4.0764 0.0703 0.0, -4.0929 0.0868 0.0039, -4.0929 0.0868 0.0, -4.0945 0.088 0.0039, -4.0945 0.088 0.0, -4.0958 0.0887 0.0039, -4.0958 0.0887 0.0, -4.097 0.0892 0.0039, -4.097 0.0892 0.0, -4.0981 0.0893 0.0039, -4.0981 0.0893 0.0, -4.099 0.0892 0.0039, -4.099 0.0892 0.0, -4.0999 0.0888 0.0039, -4.0999 0.0888 0.0, -4.1007 0.0883 0.0039, -4.1007 0.0883 0.0, -4.1017 0.0872 0.0039, -4.1017 0.0872 0.0, -4.1022 0.0862 0.0039, -4.1022 0.0862 0.0, -4.1024 0.0853 0.0039, -4.1024 0.0853 0.0, -4.1025 0.0839 0.0039, -4.1025 0.0839 0.0, -4.1172 -0.0203 0.0039, -4.1172 -0.0203 0.0, -4.2706 -0.0203 0.0039, -4.2706 -0.0203 0.0, -4.2588 0.0641 0.0039, -4.2588 0.0641 0.0, -4.2567 0.0723 0.0039, -4.2567 0.0723 0.0, -4.2531 0.08 0.0039, -4.2531 0.08 0.0, -4.2503 0.085 0.0039, -4.2503 0.085 0.0, -4.2679 0.1009 0.0039, -4.2679 0.1009 0.0, -4.2699 0.1024 0.0039, -4.2699 0.1024 0.0, -4.2711 0.1029 0.0039, -4.2711 0.1029 0.0, -4.2722 0.1032 0.0039, -4.2722 0.1032 0.0, -4.2733 0.1031 0.0039, -4.2733 0.1031 0.0, -4.2745 0.1028 0.0039, -4.2745 0.1028 0.0, -4.2755 0.1022 0.0039, -4.2755 0.1022 0.0, -4.276 0.1017 0.0039, -4.276 0.1017 0.0, -4.2764 0.1011 0.0039, -4.2764 0.1011 0.0, -4.2767 0.1002 0.0039, -4.2767 0.1002 0.0, -4.2769 0.0979 0.0039, -4.2769 0.0979 0.0, -4.2769 0.0975 0.0039, -4.2769 0.0975 0.0, -4.2774 0.089 0.0039, -4.2774 0.089 0.0, -4.2827 0.0462 0.0039, -4.2827 0.0462 0.0, -4.2894 0.0035 0.0039, -4.2894 0.0035 0.0, -4.2939 -0.0225 0.0039, -4.2939 -0.0225 0.0, -4.2962 -0.0289 0.0039, -4.2962 -0.0289 0.0, -4.2972 -0.033 0.0039, -4.2972 -0.033 0.0, -4.2973 -0.0358 0.0039, -4.2973 -0.0358 0.0, -4.297 -0.0373 0.0039, -4.297 -0.0373 0.0, -4.2964 -0.0387 0.0039, -4.2964 -0.0387 0.0, -4.2954 -0.04 0.0039, -4.2954 -0.04 0.0, -4.2942 -0.041 0.0039, -4.2942 -0.041 0.0, -4.2925 -0.0417 0.0039, -4.2925 -0.0417 0.0, -4.2903 -0.0421 0.0039, -4.2903 -0.0421 0.0, -4.286 -0.0418 0.0039, -4.286 -0.0418 0.0, -4.2717 -0.0382 0.0039, -4.2717 -0.0382 0.0, -4.2571 -0.0367 0.0039, -4.2571 -0.0367 0.0, -4.2463 -0.0367 0.0039, -4.2463 -0.0367 0.0, -4.2392 -0.0364 0.0039, -4.2392 -0.0364 0.0, -4.2321 -0.0361 0.0039, -4.2321 -0.0361 0.0, -3.9728 -0.0367 0.0039, -3.9728 -0.0367 0.0, -3.9658 -0.0427 0.0039, -3.9658 -0.0427 0.0, -3.9613 -0.0464 0.0039, -3.9613 -0.0464 0.0, -3.9582 -0.0487 0.0039, -3.9582 -0.0487 0.0, -3.9557 -0.05 0.0039, -3.9557 -0.05 0.0, -3.9535 -0.0506 0.0039, -3.9535 -0.0506 0.0, -3.952 -0.0507 0.0039, -3.952 -0.0507 0.0, -3.9509 -0.0507 0.0039, -3.9509 -0.0507 0.0, -3.9497 -0.0508 0.0039, -3.9497 -0.0508 0.0, -3.9493 -0.0507 0.0039, -3.9493 -0.0507 0.0, -3.9489 -0.0506 0.0039, -3.9489 -0.0506 0.0, -3.9486 -0.0504 0.0039, -3.9486 -0.0504 0.0, -3.9483 -0.05 0.0039, -3.9483 -0.05 0.0, -3.9482 -0.0499 0.0039, -3.9482 -0.0499 0.0, -3.9479 -0.0491 0.0039, -3.9479 -0.0491 0.0, -3.9477 -0.0482 0.0039, -3.9477 -0.0482 0.0, -3.9478 -0.0466 0.0039, -3.9478 -0.0466 0.0, -3.9479 -0.0458 0.0039, -3.9479 -0.0458 0.0, -3.9496 -0.035 0.0039, -3.9496 -0.035 0.0, -3.9508 -0.0254 0.0039, -3.9508 -0.0254 0.0, -3.9508 -0.0157 0.0039, -3.9508 -0.0157 0.0, -3.9508 -0.0141 0.0039, -3.9508 -0.0141 0.0, -3.9505 -0.003 0.0039, -3.9505 -0.003 0.0, -3.949 0.008 0.0039, -3.949 0.008 0.0, -3.9451 0.0301 0.0039, -3.9451 0.0301 0.0, -3.9411 0.0496 0.0039, -3.9411 0.0496 0.0, -3.9355 0.0652 0.0039, -3.9355 0.0652 0.0, -3.9337 0.0681 0.0039, -3.9337 0.0681 0.0, -3.9304 0.0732 0.0039, -3.9304 0.0732 0.0, -3.9473 0.0895 0.0039, -3.9473 0.0895 0.0, -3.9492 0.0906 0.0039, -3.9492 0.0906 0.0, -3.9506 0.0913 0.0039, -3.9506 0.0913 0.0, -3.9516 0.0917 0.0039, -3.9516 0.0917 0.0, -3.9524 0.0918 0.0039, -3.9524 0.0918 0.0, -3.9532 0.0917 0.0039, -3.9532 0.0917 0.0, -3.9538 0.0915 0.0039, -3.9538 0.0915 0.0, -3.9545 0.0911 0.0039, -3.9545 0.0911 0.0, -3.9553 0.0903 0.0039, -3.9553 0.0903 0.0, -3.9559 0.0893 0.0039, -3.9559 0.0893 0.0, -3.9562 0.0884 0.0039, -3.9562 0.0884 0.0, -3.9564 0.0868 0.0039, -3.9564 0.0868 0.0, -3.9576 0.0777 0.0039, -3.9576 0.0777 0.0, -3.9593 0.0644 0.0039, -3.9593 0.0644 0.0, -3.9609 0.051 0.0039, -3.9609 0.051 0.0, -3.9728 -0.0203 0.0039, -3.9728 -0.0203 0.0, -3.9389 -0.1065 0.0039, -3.9389 -0.1065 0.0, -3.9389 -0.115 0.0039, -3.9389 -0.115 0.0, -4.09 -0.1065 0.0039, -4.09 -0.1065 0.0, -4.09 -0.1172 0.0039, -4.09 -0.1172 0.0, -4.0103 -0.122 0.0039, -4.0103 -0.122 0.0, -3.9845 -0.1291 0.0039, -3.9845 -0.1291 0.0, -3.9699 -0.1367 0.0039, -3.9699 -0.1367 0.0, -3.9619 -0.1436 0.0039, -3.9619 -0.1436 0.0, -3.9556 -0.1526 0.0039, -3.9556 -0.1526 0.0, -3.9524 -0.1614 0.0039, -3.9524 -0.1614 0.0, -3.9513 -0.1671 0.0039, -3.9513 -0.1671 0.0, -3.952 -0.1789 0.0039, -3.952 -0.1789 0.0, -3.9554 -0.189 0.0039, -3.9554 -0.189 0.0, -3.9614 -0.1986 0.0039, -3.9614 -0.1986 0.0, -3.9704 -0.2077 0.0039, -3.9704 -0.2077 0.0, -3.9867 -0.218 0.0039, -3.9867 -0.218 0.0, -4.0262 -0.2313 0.0039, -4.0262 -0.2313 0.0, -4.0456 -0.2348 0.0039, -4.0456 -0.2348 0.0, -4.1433 -0.2379 0.0039, -4.1433 -0.2379 0.0, -4.2242 -0.2239 0.0039, -4.2242 -0.2239 0.0, -4.2479 -0.215 0.0039, -4.2479 -0.215 0.0, -4.2645 -0.2034 0.0039, -4.2645 -0.2034 0.0, -4.2723 -0.1951 0.0039, -4.2723 -0.1951 0.0, -4.2769 -0.1878 0.0039, -4.2769 -0.1878 0.0, -4.2793 -0.1804 0.0039, -4.2793 -0.1804 0.0, -4.2803 -0.1716 0.0039, -4.2803 -0.1716 0.0, -4.2793 -0.159 0.0039, -4.2793 -0.159 0.0, -4.2748 -0.1467 0.0039, -4.2748 -0.1467 0.0, -4.2679 -0.1366 0.0039, -4.2679 -0.1366 0.0, -4.2585 -0.1283 0.0039, -4.2585 -0.1283 0.0, -4.244 -0.1208 0.0039, -4.244 -0.1208 0.0, -4.2064 -0.1125 0.0039, -4.2064 -0.1125 0.0, -4.1891 -0.1099 0.0039, -4.1891 -0.1099 0.0, -4.1592 -0.1071 0.0039, -4.1592 -0.1071 0.0, -4.1597 -0.098 0.0039, -4.1597 -0.098 0.0, -4.2268 -0.1023 0.0039, -4.2268 -0.1023 0.0, -4.2531 -0.109 0.0039, -4.2531 -0.109 0.0, -4.2718 -0.1183 0.0039, -4.2718 -0.1183 0.0, -4.2837 -0.128 0.0039, -4.2837 -0.128 0.0, -4.2918 -0.1391 0.0039, -4.2918 -0.1391 0.0, -4.2973 -0.1524 0.0039, -4.2973 -0.1524 0.0, -4.2984 -0.1597 0.0, -4.299 -0.1637 0.0039, -4.299 -0.1637 0.0, -4.2984 -0.1754 0.0, -4.2982 -0.1798 0.0039, -4.2982 -0.1798 0.0, -4.2932 -0.1946 0.0039, -4.2932 -0.1946 0.0, -4.2852 -0.2076 0.0039, -4.2852 -0.2076 0.0, -4.2744 -0.2174 0.0039, -4.2744 -0.2174 0.0, -4.2505 -0.2309 0.0039, -4.2505 -0.2309 0.0, -4.1997 -0.2463 0.0039, -4.1997 -0.2463 0.0, -4.1948 -0.2472 0.0039, -4.1948 -0.2472 0.0, -4.0877 -0.2539 0.0039, -4.0877 -0.2539 0.0, -4.0555 -0.2509 0.0039, -4.0555 -0.2509 0.0, -3.9936 -0.2371 0.0039, -3.9936 -0.2371 0.0, -3.9642 -0.2234 0.0039, -3.9642 -0.2234 0.0, -3.9495 -0.211 0.0039, -3.9495 -0.211 0.0, -3.9391 -0.1971 0.0039, -3.9391 -0.1971 0.0, -3.9346 -0.1884 0.0039, -3.9346 -0.1884 0.0, -3.9329 -0.1811 0.0039, -3.9329 -0.1811 0.0, -3.9326 -0.1716 0.0039, -3.9326 -0.1716 0.0, -3.9369 -0.1551 0.0039, -3.9369 -0.1551 0.0, -3.944 -0.1422 0.0039, -3.944 -0.1422 0.0, -3.9549 -0.1302 0.0039, -3.9549 -0.1302 0.0, -3.9632 -0.124 0.0039, -3.9632 -0.124 0.0, -3.9722 -0.119 0.0039, -3.9722 -0.119 0.0, -3.949 -0.3953 0.0039, -3.949 -0.3953 0.0, -3.9179 -0.4202 0.0039, -3.9219 -0.417 0.0, -3.9179 -0.4202 0.0, -3.9617 -0.4013 0.0039, -3.9617 -0.4013 0.0, -3.9778 -0.4036 0.0039, -3.9778 -0.4036 0.0, -3.9847 -0.4037 0.0039, -3.9847 -0.4037 0.0, -4.2735 -0.4037 0.0039, -4.2735 -0.4037 0.0, -4.2698 -0.3601 0.0039, -4.2698 -0.3601 0.0, -4.2667 -0.3394 0.0039, -4.2667 -0.3394 0.0, -4.2651 -0.3325 0.0039, -4.2651 -0.3325 0.0, -4.2631 -0.3284 0.0039, -4.2631 -0.3284 0.0, -4.2602 -0.3248 0.0039, -4.2602 -0.3248 0.0, -4.2577 -0.3219 0.0039, -4.2577 -0.3219 0.0, -4.2565 -0.3194 0.0039, -4.2565 -0.3194 0.0, -4.2682 -0.3062 0.0039, -4.2682 -0.3062 0.0, -4.274 -0.3 0.0039, -4.274 -0.3 0.0, -4.2759 -0.2981 0.0039, -4.2759 -0.2981 0.0, -4.2774 -0.2972 0.0039, -4.2774 -0.2972 0.0, -4.2798 -0.2965 0.0039, -4.2798 -0.2965 0.0, -4.282 -0.2962 0.0039, -4.282 -0.2962 0.0, -4.2832 -0.2968 0.0039, -4.2832 -0.2968 0.0, -4.2838 -0.2973 0.0039, -4.2838 -0.2973 0.0, -4.2843 -0.2981 0.0039, -4.2843 -0.2981 0.0, -4.2848 -0.2993 0.0039, -4.2848 -0.2993 0.0, -4.2851 -0.3015 0.0039, -4.2851 -0.3015 0.0, -4.2853 -0.3119 0.0039, -4.2853 -0.3119 0.0, -4.2872 -0.3249 0.0039, -4.2872 -0.3249 0.0, -4.2914 -0.3651 0.0039, -4.2914 -0.3651 0.0, -4.2922 -0.3755 0.0039, -4.2922 -0.3755 0.0, -4.2945 -0.3992 0.0039, -4.2945 -0.3992 0.0, -4.2956 -0.4123 0.0039, -4.2956 -0.4123 0.0, -4.2965 -0.4153 0.0039, -4.2965 -0.4153 0.0, -4.2966 -0.4169 0.0039, -4.2966 -0.4169 0.0, -4.2964 -0.418 0.0039, -4.2964 -0.418 0.0, -4.296 -0.4189 0.0039, -4.296 -0.4189 0.0, -4.2956 -0.4195 0.0039, -4.2956 -0.4195 0.0, -4.2947 -0.4203 0.0039, -4.2947 -0.4203 0.0, -4.2931 -0.4211 0.0039, -4.2931 -0.4211 0.0, -4.2918 -0.4215 0.0039, -4.2918 -0.4215 0.0, -4.289 -0.4215 0.0039, -4.289 -0.4215 0.0, -4.2762 -0.42 0.0039, -4.2762 -0.42 0.0, -4.2712 -0.4196 0.0039, -4.2712 -0.4196 0.0, -4.2378 -0.4185 0.0039, -4.2378 -0.4185 0.0, -3.983 -0.4185 0.0039, -3.983 -0.4185 0.0, -3.9554 -0.4189 0.0039, -3.9554 -0.4189 0.0, -3.9281 -0.423 0.0039, -3.9281 -0.423 0.0, -3.9224 -0.4241 0.0039, -3.9224 -0.4241 0.0, -3.9219 -0.4236 0.0, -3.9219 -0.4236 0.0
            ]
        }
        coordIndex [
            0,1,2,-1,2,1,3,-1,4,5,6,-1,6,5,7,-1,0,8,9,-1,10,11,12,-1,12,11,13,-1,12,13,14,-1,9,15,0,-1,0,15,16,-1,0,16,1,-1,1,16,17,-1,18,19,7,-1,7,19,1,-1,7,1,6,-1,6,1,17,-1,20,21,22,-1,22,21,23,-1,14,24,12,-1,12,24,25,-1,12,25,0,-1,0,25,26,-1,0,26,8,-1,8,26,27,-1,8,27,4,-1,4,27,28,-1,4,28,5,-1,19,29,30,-1,30,29,31,-1,30,31,32,-1,32,31,33,-1,32,33,34,-1,34,33,35,-1,34,35,36,-1,37,38,12,-1,12,38,39,-1,12,39,40,-1,18,41,19,-1,19,41,42,-1,19,42,43,-1,21,44,23,-1,23,44,45,-1,23,45,12,-1,12,45,46,-1,12,46,37,-1,43,47,19,-1,19,47,48,-1,19,48,29,-1,49,50,22,-1,40,51,12,-1,12,51,52,-1,12,52,10,-1,49,22,53,-1,54,55,35,-1,35,55,56,-1,35,56,36,-1,50,57,22,-1,22,57,58,-1,22,58,59,-1,54,60,55,-1,55,60,61,-1,55,61,62,-1,62,61,63,-1,59,64,22,-1,22,64,65,-1,22,65,20,-1,66,67,22,-1,22,67,68,-1,22,68,53,-1,63,61,69,-1,69,61,70,-1,69,70,71,-1,6,72,4,-1,4,72,73,-1,72,6,17,-1,72,17,74,-1,74,17,16,-1,74,16,75,-1,75,16,15,-1,75,15,76,-1,9,77,15,-1,15,77,76,-1,8,78,9,-1,9,78,77,-1,73,78,4,-1,4,78,8,-1,79,80,81,-1,81,80,82,-1,80,79,83,-1,80,83,84,-1,84,83,85,-1,84,85,86,-1,86,85,87,-1,86,87,88,-1,88,87,89,-1,88,89,90,-1,90,89,91,-1,90,91,92,-1,92,91,93,-1,92,93,94,-1,94,93,95,-1,94,95,96,-1,96,95,97,-1,96,97,98,-1,98,97,99,-1,98,99,100,-1,101,102,99,-1,99,102,100,-1,103,104,101,-1,101,104,102,-1,104,103,105,-1,104,105,106,-1,106,105,107,-1,106,107,108,-1,109,110,107,-1,107,110,108,-1,111,112,109,-1,109,112,110,-1,112,111,113,-1,112,113,114,-1,114,113,115,-1,114,115,116,-1,116,115,117,-1,116,117,118,-1,118,117,119,-1,118,119,120,-1,120,119,121,-1,120,121,122,-1,122,121,123,-1,122,123,124,-1,124,123,125,-1,124,125,126,-1,126,125,127,-1,126,127,128,-1,128,127,129,-1,128,129,130,-1,130,129,131,-1,130,131,132,-1,132,131,133,-1,132,133,134,-1,134,133,135,-1,134,135,136,-1,136,135,137,-1,136,137,138,-1,138,137,139,-1,138,139,140,-1,140,139,141,-1,140,141,142,-1,142,141,143,-1,142,143,144,-1,144,143,145,-1,144,145,146,-1,146,145,147,-1,146,147,148,-1,149,150,147,-1,147,150,148,-1,151,150,152,-1,152,150,149,-1,151,152,153,-1,153,152,154,-1,153,154,155,-1,155,154,156,-1,155,156,157,-1,157,156,158,-1,157,158,159,-1,159,158,160,-1,159,160,161,-1,161,160,162,-1,161,162,163,-1,163,162,164,-1,164,162,165,-1,164,165,166,-1,166,165,167,-1,166,167,168,-1,168,167,169,-1,168,169,170,-1,171,172,169,-1,169,172,170,-1,172,171,173,-1,172,173,174,-1,174,173,175,-1,174,175,176,-1,176,175,177,-1,176,177,178,-1,178,177,179,-1,178,179,180,-1,180,179,181,-1,180,181,182,-1,182,181,183,-1,182,183,184,-1,184,183,185,-1,184,185,186,-1,186,185,187,-1,186,187,188,-1,188,187,189,-1,188,189,190,-1,190,189,191,-1,190,191,192,-1,192,191,193,-1,192,193,194,-1,194,193,195,-1,194,195,196,-1,196,195,197,-1,196,197,198,-1,198,197,199,-1,198,199,200,-1,200,199,201,-1,200,201,202,-1,203,204,201,-1,201,204,202,-1,205,206,203,-1,203,206,204,-1,207,208,205,-1,205,208,206,-1,208,207,209,-1,208,209,210,-1,210,209,81,-1,210,81,82,-1,211,212,149,-1,149,212,213,-1,154,152,205,-1,103,101,214,-1,154,205,156,-1,177,175,201,-1,152,149,205,-1,205,149,213,-1,205,213,207,-1,207,213,214,-1,207,214,209,-1,209,214,101,-1,209,101,81,-1,81,101,79,-1,215,216,111,-1,111,216,113,-1,113,216,217,-1,113,217,115,-1,175,173,201,-1,201,173,171,-1,201,171,203,-1,203,171,169,-1,203,169,205,-1,205,169,167,-1,205,167,165,-1,87,85,101,-1,101,85,83,-1,101,83,79,-1,111,109,215,-1,215,109,107,-1,215,107,214,-1,214,107,105,-1,214,105,103,-1,115,217,117,-1,117,217,218,-1,117,218,119,-1,183,181,201,-1,201,181,179,-1,201,179,177,-1,219,141,220,-1,220,141,139,-1,220,139,221,-1,221,139,137,-1,221,137,222,-1,222,137,223,-1,211,149,224,-1,224,149,147,-1,224,147,225,-1,225,147,145,-1,225,145,219,-1,219,145,143,-1,219,143,141,-1,199,197,187,-1,187,197,195,-1,187,195,189,-1,189,195,193,-1,189,193,191,-1,99,97,101,-1,101,97,95,-1,101,95,93,-1,93,91,101,-1,101,91,89,-1,101,89,87,-1,119,218,121,-1,121,218,226,-1,121,226,123,-1,123,226,227,-1,123,227,125,-1,125,227,228,-1,125,228,127,-1,158,156,160,-1,160,156,205,-1,160,205,162,-1,162,205,165,-1,199,187,201,-1,201,187,185,-1,201,185,183,-1,228,229,127,-1,127,229,230,-1,127,230,129,-1,129,230,231,-1,129,231,131,-1,131,231,232,-1,131,232,133,-1,133,232,223,-1,133,223,135,-1,135,223,137,-1,224,233,211,-1,211,233,234,-1,233,224,225,-1,233,225,235,-1,235,225,219,-1,235,219,236,-1,236,219,220,-1,236,220,237,-1,237,220,221,-1,237,221,238,-1,238,221,222,-1,238,222,239,-1,239,222,223,-1,239,223,240,-1,240,223,232,-1,240,232,241,-1,241,232,231,-1,241,231,242,-1,242,231,230,-1,242,230,243,-1,243,230,229,-1,243,229,244,-1,244,229,228,-1,244,228,245,-1,245,228,227,-1,245,227,246,-1,246,227,226,-1,246,226,247,-1,247,226,218,-1,247,218,248,-1,248,218,217,-1,248,217,249,-1,249,217,216,-1,249,216,250,-1,250,216,215,-1,250,215,251,-1,214,252,215,-1,215,252,251,-1,213,253,214,-1,214,253,252,-1,253,213,212,-1,253,212,254,-1,254,212,211,-1,254,211,234,-1,255,256,257,-1,257,256,258,-1,256,255,259,-1,256,259,260,-1,260,259,261,-1,260,261,262,-1,262,261,263,-1,262,263,264,-1,265,266,263,-1,263,266,264,-1,267,268,265,-1,265,268,266,-1,268,267,269,-1,268,269,270,-1,270,269,271,-1,270,271,272,-1,272,271,273,-1,272,273,274,-1,274,273,275,-1,274,275,276,-1,276,275,277,-1,276,277,278,-1,278,277,279,-1,278,279,280,-1,280,279,281,-1,280,281,282,-1,282,281,283,-1,282,283,284,-1,284,283,285,-1,284,285,286,-1,286,285,287,-1,286,287,288,-1,288,287,289,-1,288,289,290,-1,291,292,289,-1,289,292,290,-1,293,294,291,-1,291,294,292,-1,295,296,293,-1,293,296,294,-1,296,295,297,-1,296,297,298,-1,298,297,299,-1,298,299,300,-1,301,302,299,-1,299,302,300,-1,303,304,301,-1,301,304,302,-1,304,303,305,-1,304,305,306,-1,306,305,307,-1,306,307,308,-1,308,307,309,-1,308,309,310,-1,310,309,311,-1,310,311,312,-1,312,311,313,-1,312,313,314,-1,314,313,315,-1,314,315,316,-1,316,315,317,-1,316,317,318,-1,318,317,319,-1,318,319,320,-1,320,319,321,-1,320,321,322,-1,322,321,323,-1,322,323,324,-1,324,323,325,-1,324,325,326,-1,327,328,325,-1,325,328,326,-1,328,327,329,-1,328,329,330,-1,330,329,331,-1,330,331,332,-1,333,334,331,-1,331,334,332,-1,334,333,335,-1,334,335,336,-1,336,335,337,-1,336,337,338,-1,338,337,339,-1,338,339,340,-1,340,339,341,-1,340,341,342,-1,342,341,343,-1,342,343,344,-1,344,343,345,-1,344,345,346,-1,346,345,347,-1,346,347,348,-1,348,347,349,-1,348,349,350,-1,350,349,351,-1,350,351,352,-1,352,351,353,-1,352,353,354,-1,354,353,355,-1,354,355,356,-1,356,355,357,-1,356,357,358,-1,359,360,357,-1,357,360,358,-1,360,359,361,-1,360,361,362,-1,362,361,363,-1,362,363,364,-1,365,366,363,-1,363,366,364,-1,366,365,367,-1,366,367,368,-1,368,367,369,-1,368,369,370,-1,370,369,371,-1,370,371,372,-1,372,371,373,-1,372,373,374,-1,374,373,375,-1,374,375,376,-1,376,375,377,-1,376,377,378,-1,378,377,379,-1,378,379,380,-1,380,379,381,-1,380,381,382,-1,382,381,383,-1,382,383,384,-1,384,383,385,-1,384,385,386,-1,386,385,387,-1,386,387,388,-1,388,387,389,-1,388,389,390,-1,390,389,391,-1,390,391,392,-1,392,391,393,-1,392,393,394,-1,394,393,395,-1,394,395,396,-1,396,395,397,-1,396,397,398,-1,398,397,399,-1,398,399,400,-1,401,402,399,-1,399,402,400,-1,402,401,403,-1,402,403,404,-1,404,403,405,-1,404,405,406,-1,407,408,405,-1,405,408,406,-1,408,407,409,-1,408,409,410,-1,410,409,411,-1,410,411,412,-1,413,414,411,-1,411,414,412,-1,414,413,415,-1,414,415,416,-1,416,415,417,-1,416,417,418,-1,418,417,419,-1,418,419,420,-1,421,422,419,-1,419,422,420,-1,423,424,421,-1,421,424,422,-1,424,423,425,-1,424,425,426,-1,426,425,427,-1,426,427,428,-1,428,427,429,-1,428,429,430,-1,430,429,431,-1,430,431,432,-1,432,431,433,-1,432,433,434,-1,434,433,435,-1,434,435,436,-1,436,435,437,-1,436,437,438,-1,438,437,439,-1,438,439,440,-1,440,439,441,-1,440,441,442,-1,442,441,443,-1,442,443,444,-1,444,443,445,-1,444,445,446,-1,447,448,445,-1,445,448,446,-1,448,447,449,-1,448,449,450,-1,450,449,451,-1,450,451,452,-1,453,454,451,-1,451,454,452,-1,453,257,454,-1,454,257,258,-1,327,297,295,-1,263,261,289,-1,327,325,303,-1,303,325,323,-1,359,357,293,-1,293,357,355,-1,293,355,353,-1,453,365,257,-1,257,365,363,-1,297,327,299,-1,299,327,303,-1,299,303,301,-1,341,339,293,-1,293,339,337,-1,293,337,335,-1,381,379,453,-1,453,379,377,-1,335,333,293,-1,293,333,331,-1,293,331,295,-1,295,331,329,-1,295,329,327,-1,353,351,293,-1,293,351,349,-1,293,349,347,-1,261,259,289,-1,289,259,255,-1,289,255,291,-1,429,427,439,-1,445,425,423,-1,309,307,305,-1,255,257,291,-1,291,257,363,-1,291,363,293,-1,293,363,361,-1,293,361,359,-1,273,271,287,-1,287,271,289,-1,265,263,267,-1,267,263,289,-1,267,289,269,-1,269,289,271,-1,453,389,387,-1,371,369,453,-1,453,369,367,-1,453,367,365,-1,439,427,441,-1,453,409,407,-1,323,321,303,-1,303,321,319,-1,303,319,317,-1,347,345,293,-1,293,345,343,-1,293,343,341,-1,407,405,453,-1,453,405,403,-1,453,403,401,-1,317,315,303,-1,303,315,313,-1,303,313,305,-1,305,313,311,-1,305,311,309,-1,387,385,453,-1,453,385,383,-1,453,383,381,-1,425,445,427,-1,427,445,443,-1,427,443,441,-1,437,435,433,-1,423,421,445,-1,445,421,419,-1,445,419,447,-1,447,419,417,-1,447,417,449,-1,449,417,415,-1,449,415,451,-1,451,415,413,-1,451,413,453,-1,453,413,411,-1,453,411,409,-1,401,399,453,-1,453,399,397,-1,453,397,395,-1,287,285,273,-1,273,285,283,-1,273,283,281,-1,377,375,453,-1,453,375,373,-1,453,373,371,-1,437,433,439,-1,439,433,431,-1,439,431,429,-1,395,393,453,-1,453,393,391,-1,453,391,389,-1,279,277,281,-1,281,277,275,-1,281,275,273,-1,455,456,457,-1,457,456,458,-1,459,460,455,-1,455,460,456,-1,461,462,459,-1,459,462,460,-1,462,461,463,-1,462,463,464,-1,464,463,465,-1,464,465,466,-1,466,465,467,-1,466,467,468,-1,468,467,469,-1,468,469,470,-1,470,469,471,-1,470,471,472,-1,472,471,473,-1,472,473,474,-1,474,473,475,-1,474,475,476,-1,476,475,477,-1,476,477,478,-1,478,477,479,-1,478,479,480,-1,480,479,481,-1,480,481,482,-1,482,481,483,-1,482,483,484,-1,484,483,485,-1,484,485,486,-1,486,485,487,-1,486,487,488,-1,488,487,489,-1,488,489,490,-1,490,489,491,-1,490,491,492,-1,492,491,493,-1,492,493,494,-1,494,493,495,-1,494,495,496,-1,496,495,497,-1,496,497,498,-1,498,497,499,-1,498,499,500,-1,500,499,501,-1,500,501,502,-1,502,501,503,-1,502,503,504,-1,504,503,505,-1,504,505,506,-1,506,505,507,-1,506,507,508,-1,508,507,509,-1,508,509,510,-1,510,509,511,-1,510,511,512,-1,512,511,513,-1,512,513,514,-1,514,513,515,-1,514,515,516,-1,516,515,517,-1,516,517,518,-1,518,517,519,-1,518,519,520,-1,521,522,519,-1,519,522,520,-1,523,524,521,-1,521,524,522,-1,524,523,525,-1,524,525,526,-1,526,525,527,-1,526,527,528,-1,528,527,529,-1,528,529,530,-1,530,529,531,-1,530,531,532,-1,532,531,533,-1,532,533,534,-1,534,533,535,-1,534,535,536,-1,536,535,537,-1,537,535,538,-1,537,538,539,-1,539,538,540,-1,540,538,541,-1,540,541,542,-1,542,541,543,-1,542,543,544,-1,544,543,545,-1,544,545,546,-1,546,545,547,-1,546,547,548,-1,548,547,549,-1,548,549,550,-1,550,549,551,-1,550,551,552,-1,552,551,553,-1,552,553,554,-1,554,553,555,-1,554,555,556,-1,556,555,557,-1,556,557,558,-1,558,557,559,-1,558,559,560,-1,560,559,561,-1,560,561,562,-1,562,561,563,-1,562,563,564,-1,564,563,565,-1,564,565,566,-1,566,565,567,-1,566,567,568,-1,568,567,569,-1,568,569,570,-1,570,569,571,-1,570,571,572,-1,572,571,573,-1,572,573,574,-1,574,573,575,-1,574,575,576,-1,576,575,577,-1,576,577,578,-1,578,577,579,-1,578,579,580,-1,581,582,579,-1,579,582,580,-1,581,457,582,-1,582,457,458,-1,459,455,581,-1,581,455,457,-1,461,459,463,-1,463,459,581,-1,463,581,465,-1,465,581,467,-1,549,547,497,-1,579,471,581,-1,581,471,469,-1,581,469,467,-1,497,547,499,-1,499,547,545,-1,499,545,501,-1,501,545,543,-1,501,543,503,-1,503,543,541,-1,503,541,505,-1,505,541,538,-1,505,538,507,-1,507,538,535,-1,507,535,509,-1,509,535,533,-1,509,533,511,-1,511,533,531,-1,511,531,513,-1,513,531,529,-1,513,529,515,-1,515,529,527,-1,515,527,517,-1,517,527,525,-1,517,525,519,-1,519,525,523,-1,519,523,521,-1,493,491,553,-1,579,577,471,-1,471,577,575,-1,471,575,473,-1,473,575,573,-1,473,573,475,-1,475,573,571,-1,475,571,477,-1,497,495,549,-1,549,495,493,-1,549,493,551,-1,551,493,553,-1,571,569,477,-1,477,569,567,-1,477,567,479,-1,479,567,565,-1,479,565,481,-1,481,565,563,-1,481,563,483,-1,483,563,561,-1,483,561,485,-1,485,561,559,-1,485,559,487,-1,487,559,489,-1,489,559,557,-1,489,557,491,-1,491,557,555,-1,491,555,553,-1,583,584,585,-1,585,584,586,-1,585,586,587,-1,584,583,588,-1,584,588,589,-1,589,588,590,-1,589,590,591,-1,591,590,592,-1,591,592,593,-1,594,595,592,-1,592,595,593,-1,595,594,596,-1,595,596,597,-1,597,596,598,-1,597,598,599,-1,599,598,600,-1,599,600,601,-1,601,600,602,-1,601,602,603,-1,603,602,604,-1,603,604,605,-1,605,604,606,-1,605,606,607,-1,607,606,608,-1,607,608,609,-1,609,608,610,-1,609,610,611,-1,611,610,612,-1,611,612,613,-1,613,612,614,-1,613,614,615,-1,615,614,616,-1,615,616,617,-1,617,616,618,-1,617,618,619,-1,619,618,620,-1,619,620,621,-1,621,620,622,-1,621,622,623,-1,623,622,624,-1,623,624,625,-1,625,624,626,-1,625,626,627,-1,627,626,628,-1,627,628,629,-1,629,628,630,-1,629,630,631,-1,631,630,632,-1,631,632,633,-1,633,632,634,-1,633,634,635,-1,635,634,636,-1,635,636,637,-1,637,636,638,-1,637,638,639,-1,640,641,638,-1,638,641,639,-1,642,643,640,-1,640,643,641,-1,643,642,644,-1,643,644,645,-1,645,644,646,-1,645,646,647,-1,647,646,648,-1,647,648,649,-1,649,648,650,-1,649,650,651,-1,651,650,652,-1,651,652,653,-1,653,652,654,-1,653,654,655,-1,655,654,656,-1,655,656,657,-1,657,656,658,-1,657,658,659,-1,659,658,660,-1,659,660,661,-1,661,660,662,-1,661,662,663,-1,663,662,664,-1,663,664,665,-1,666,667,664,-1,664,667,665,-1,668,669,666,-1,666,669,667,-1,669,668,670,-1,669,670,671,-1,671,670,672,-1,671,672,673,-1,674,675,672,-1,672,675,673,-1,675,674,676,-1,676,674,585,-1,676,585,587,-1,614,612,630,-1,630,612,610,-1,630,610,608,-1,608,606,630,-1,630,606,604,-1,630,604,632,-1,632,604,602,-1,632,602,634,-1,668,666,594,-1,594,666,664,-1,594,664,662,-1,602,600,634,-1,634,600,598,-1,634,598,636,-1,636,598,596,-1,585,674,583,-1,583,674,672,-1,583,672,588,-1,588,672,670,-1,588,670,590,-1,590,670,668,-1,590,668,592,-1,592,668,594,-1,662,660,594,-1,594,660,658,-1,594,658,656,-1,618,628,626,-1,628,618,630,-1,630,618,616,-1,630,616,614,-1,656,654,594,-1,594,654,652,-1,594,652,650,-1,650,648,594,-1,594,648,646,-1,594,646,644,-1,644,642,594,-1,594,642,640,-1,594,640,596,-1,596,640,638,-1,596,638,636,-1,626,624,618,-1,618,624,622,-1,618,622,620,-1,
        ]
    }
}
Shape{
    appearance Appearance {
        material  Material 	{
            diffuseColor 0.396078431372549 0.396078431372549 0.396078431372549
            specularColor 0.027450980392156862 0.027450980392156862 0.027450980392156862
            ambientIntensity 0.2
            transparency 0
            shininess 0.5
        }
    }
    geometry IndexedFaceSet {
        ccw TRUE
        solid FALSE
        coord DEF co Coordinate {
            point [
                -4.1246 0.4557 0.0, -4.1393 0.471 0.0, -3.9802 0.4348 0.0, -4.1467 0.3979 0.0, -4.142 0.4202 0.0, -4.1369 0.4366 0.0, -4.1342 0.4415 0.0, -3.9599 0.218 0.0, -3.9654 0.1939 0.0, -4.0844 0.2999 0.0, -3.97 0.1832 0.0, -4.2696 0.1832 0.0, -4.2699 0.1919 0.0, -4.2696 0.2007 0.0, -3.9581 0.2426 0.0, -4.2667 0.2256 0.0, -4.2644 0.243 0.0, -4.2612 0.2557 0.0, -3.961 0.2576 0.0, -4.0074 0.2932 0.0, -3.9904 0.2883 0.0, -4.2572 0.2648 0.0, -4.2518 0.2717 0.0, -4.2435 0.2781 0.0, -3.9782 0.282 0.0, -3.9701 0.2752 0.0, -3.9652 0.2685 0.0, -4.2166 0.2899 0.0, -4.1593 0.2992 0.0, -4.1593 0.2992 0.0
            ]
        }
        coordIndex [
            0,1,2,-1,2,3,4,-1,4,5,2,-1,2,5,6,-1,2,6,0,-1,7,8,9,-1,10,11,8,-1,8,11,12,-1,8,12,13,-1,7,9,14,-1,13,15,8,-1,8,15,16,-1,8,16,17,-1,14,9,18,-1,18,9,19,-1,18,19,20,-1,17,21,8,-1,8,21,22,-1,8,22,23,-1,20,24,18,-1,18,24,25,-1,18,25,26,-1,23,27,8,-1,8,27,28,-1,8,28,9,-1,
        ]
    }
}
Shape{
    appearance Appearance {
        material  Material 	{
            diffuseColor 0.6470588235294118 0.6196078431372549 0.5882352941176471
            specularColor 0.45098039215686275 0.43529411764705883 0.4117647058823529
            ambientIntensity 0.2
            transparency 0
            shininess 0.5
        }
    }
    geometry IndexedFaceSet {
        ccw TRUE
        solid FALSE
        coord DEF co Coordinate {
            point [
                -3.7894 3.4843 -1.1811, -3.8681 3.4055 -1.5748, -4.0846 3.4843 -1.1811, -4.0059 3.4055 -1.5748, -3.8681 3.2874 -1.5748, -3.7894 3.2087 -1.1811, -4.0846 3.2087 -1.1811, -4.0059 3.2874 -1.5748, -4.0846 3.2087 0.3937, -3.7894 3.2087 0.3937, -3.7894 3.4843 0.3937, -4.0846 3.4843 0.3937, -4.5177 0.5782 7.2507, -3.3366 0.5782 7.2507, -3.3366 0.6355 7.1779, -4.5177 0.6355 7.1779, -3.3366 0.6743 7.0938, -4.5177 0.6743 7.0938, -3.3366 0.6923 7.0029, -4.5177 0.6923 7.0029, -3.3366 0.2467 6.5573, -3.7894 0.2467 6.5573, -3.3366 0.2493 6.6421, -3.7894 0.2493 6.6421, -3.3366 0.2699 6.7243, -3.7894 0.2699 6.7243, -3.3366 0.3077 6.8003, -3.7894 0.3077 6.8003, -3.3366 0.3608 6.8663, -3.7894 0.3608 6.8663, -3.3366 0.166 7.0612, -4.5177 0.166 7.0612, -4.5177 0.0685 6.9376, -3.3366 0.0685 6.9376, -4.5177 0.0027 6.7947, -3.3366 0.0027 6.7947, -4.5177 -0.028 6.6403, -3.3366 -0.028 6.6403, -4.5177 -0.0218 6.483, -3.3366 -0.0218 6.483, -4.5177 0.021 6.3316, -3.3366 0.021 6.3316, -4.0846 0.2467 6.5573, -4.5177 0.2467 6.5573, -4.0846 0.2493 6.6421, -4.5177 0.2493 6.6421, -4.0846 0.2699 6.7243, -4.5177 0.2699 6.7243, -4.0846 0.3077 6.8003, -4.5177 0.3077 6.8003, -4.0846 0.3608 6.8663, -4.5177 0.3608 6.8663, -3.3366 0.3833 6.8888, -3.7894 0.3833 6.8888, -3.3366 0.4808 6.7914, -3.7894 0.4808 6.7914, -4.0846 0.3833 6.8888, -4.5177 0.3833 6.8888, -4.0846 0.4808 6.7914, -4.5177 0.4808 6.7914, -3.3366 0.4139 6.9418, -3.3366 0.4021 6.9133, -3.3366 -0.3544 8.1833, -3.3366 -0.5493 7.9884, -3.3366 0.3833 7.0558, -3.3366 0.4021 7.0314, -3.3366 0.4139 7.0029, -3.3366 0.4179 6.9723, -4.5177 0.4021 6.9133, -4.5177 -0.5493 7.9884, -4.5177 -0.3544 8.1833, -4.5177 0.3833 7.0558, -4.5177 0.4021 7.0314, -4.5177 0.4139 7.0029, -4.5177 0.4179 6.9723, -4.5177 0.4139 6.9418, -3.7894 -2.4213 -1.1811, -3.8681 -2.5 -1.5748, -4.0846 -2.4213 -1.1811, -4.0059 -2.5 -1.5748, -3.8681 -2.6181 -1.5748, -3.7894 -2.6969 -1.1811, -4.0846 -2.6969 -1.1811, -4.0059 -2.6181 -1.5748, -4.0846 -2.6969 0.3937, -3.7894 -2.6969 0.3937, -3.7894 -2.4213 0.3937, -4.0846 -2.4213 0.3937, -4.0846 -2.6904 0.9609, -3.7894 -2.6904 0.9609, -3.7894 -2.6683 1.0368, -4.0846 -2.6683 1.0368, -3.7894 -2.6315 1.1068, -4.0846 -2.6315 1.1068, -3.7894 -2.5815 1.168, -4.0846 -2.5815 1.168, -4.5177 -1.6956 2.221, -3.3366 -1.6956 2.221, -3.3366 -1.6382 2.1483, -4.5177 -1.6382 2.1483, -3.3366 -1.5995 2.0641, -4.5177 -1.5995 2.0641, -3.3366 -1.5814 1.9732, -4.5177 -1.5814 1.9732, -3.3366 -2.5815 1.168, -3.3366 -2.4841 1.0706, -3.7894 -2.4841 1.0706, -4.5177 -2.5815 1.168, -4.0846 -2.4841 1.0706, -4.5177 -2.4841 1.0706, -3.3366 -1.8904 1.8591, -3.3366 -1.8717 1.8836, -3.3366 -1.8599 1.9121, -3.3366 -2.6282 3.1536, -3.3366 -2.823 2.9588, -3.3366 -1.8904 2.0262, -3.3366 -1.8717 2.0017, -3.3366 -1.8599 1.9732, -3.3366 -1.8558 1.9426, -4.5177 -1.8904 1.8591, -4.5177 -1.8717 1.8836, -4.5177 -2.823 2.9588, -4.5177 -2.6282 3.1536, -4.5177 -1.8904 2.0262, -4.5177 -1.8717 2.0017, -4.5177 -1.8599 1.9732, -4.5177 -1.8558 1.9426, -4.5177 -1.8599 1.9121, -4.0846 -2.6421 0.9126, -3.7894 -2.6421 0.9126, -3.7894 -2.6421 0.9126
            ]
        }
        coordIndex [
            0,1,2,-1,2,1,3,-1,1,0,4,-1,4,0,5,-1,2,3,6,-1,6,3,7,-1,6,7,5,-1,5,7,4,-1,6,5,8,-1,8,5,9,-1,1,4,3,-1,3,4,7,-1,10,0,11,-1,11,0,2,-1,5,0,9,-1,9,0,10,-1,11,2,8,-1,8,2,6,-1,12,13,14,-1,12,14,15,-1,15,14,16,-1,15,16,17,-1,17,16,18,-1,17,18,19,-1,20,21,22,-1,22,21,23,-1,22,23,24,-1,24,23,25,-1,24,25,26,-1,26,25,27,-1,26,27,28,-1,28,27,29,-1,30,31,32,-1,30,32,33,-1,33,32,34,-1,33,34,35,-1,35,34,36,-1,35,36,37,-1,37,36,38,-1,37,38,39,-1,39,38,40,-1,39,40,41,-1,42,43,44,-1,44,43,45,-1,44,45,46,-1,46,45,47,-1,46,47,48,-1,48,47,49,-1,48,49,50,-1,50,49,51,-1,41,20,39,-1,39,20,22,-1,28,30,26,-1,26,30,33,-1,26,33,24,-1,24,33,35,-1,24,35,22,-1,22,35,37,-1,22,37,39,-1,31,51,32,-1,32,51,49,-1,32,49,34,-1,34,49,47,-1,34,47,36,-1,36,47,45,-1,36,45,38,-1,38,45,43,-1,38,43,40,-1,52,53,54,-1,54,53,55,-1,56,57,58,-1,58,57,59,-1,18,60,54,-1,54,60,61,-1,54,61,52,-1,62,63,13,-1,13,63,64,-1,13,64,14,-1,14,64,65,-1,14,65,16,-1,16,65,66,-1,16,66,18,-1,18,66,67,-1,18,67,60,-1,59,57,68,-1,59,68,19,-1,69,70,71,-1,71,70,12,-1,71,12,72,-1,72,12,15,-1,72,15,73,-1,73,15,17,-1,73,17,74,-1,74,17,19,-1,74,19,75,-1,75,19,68,-1,46,58,44,-1,44,58,42,-1,46,48,58,-1,58,48,50,-1,58,50,56,-1,53,29,55,-1,55,29,27,-1,27,25,55,-1,55,25,23,-1,55,23,21,-1,63,62,69,-1,69,62,70,-1,63,69,64,-1,64,69,71,-1,56,50,53,-1,53,50,29,-1,53,52,61,-1,68,57,56,-1,56,53,68,-1,68,53,61,-1,68,61,75,-1,75,61,60,-1,75,60,74,-1,74,60,67,-1,74,67,73,-1,73,67,66,-1,73,66,72,-1,72,66,65,-1,72,65,71,-1,71,65,64,-1,30,28,29,-1,30,29,31,-1,31,29,50,-1,31,50,51,-1,62,13,70,-1,70,13,12,-1,76,77,78,-1,78,77,79,-1,77,76,80,-1,80,76,81,-1,78,79,82,-1,82,79,83,-1,82,83,81,-1,81,83,80,-1,82,81,84,-1,84,81,85,-1,77,80,79,-1,79,80,83,-1,86,76,87,-1,87,76,78,-1,81,76,85,-1,85,76,86,-1,87,78,84,-1,84,78,82,-1,88,89,90,-1,88,90,91,-1,91,90,92,-1,91,92,93,-1,93,92,94,-1,93,94,95,-1,96,97,98,-1,96,98,99,-1,99,98,100,-1,99,100,101,-1,101,100,102,-1,101,102,103,-1,104,94,105,-1,105,94,106,-1,95,107,108,-1,108,107,109,-1,104,105,110,-1,110,105,102,-1,110,102,111,-1,111,102,112,-1,113,114,97,-1,97,114,115,-1,97,115,98,-1,98,115,116,-1,98,116,100,-1,100,116,117,-1,100,117,102,-1,102,117,118,-1,102,118,112,-1,109,107,103,-1,103,107,119,-1,103,119,120,-1,121,122,123,-1,123,122,96,-1,123,96,124,-1,124,96,99,-1,124,99,125,-1,125,99,101,-1,125,101,126,-1,126,101,103,-1,126,103,127,-1,127,103,120,-1,93,95,108,-1,93,108,91,-1,91,108,128,-1,91,128,88,-1,89,129,90,-1,90,129,106,-1,90,106,92,-1,92,106,94,-1,114,113,121,-1,121,113,122,-1,114,121,115,-1,115,121,123,-1,94,104,110,-1,94,110,95,-1,95,110,119,-1,95,119,107,-1,119,110,120,-1,120,110,111,-1,120,111,127,-1,127,111,112,-1,127,112,126,-1,126,112,118,-1,126,118,125,-1,125,118,117,-1,125,117,124,-1,124,117,116,-1,124,116,123,-1,123,116,115,-1,113,97,122,-1,122,97,96,-1,
        ]
    }
}
Shape{
    appearance Appearance {
        material  Material 	{
            diffuseColor 0.396078431372549 0.396078431372549 0.396078431372549
            specularColor 0.027450980392156862 0.027450980392156862 0.027450980392156862
            ambientIntensity 0.2
            transparency 0
            shininess 0.5
        }
    }
    geometry IndexedFaceSet {
        ccw TRUE
        solid FALSE
        coord DEF co Coordinate {
            point [
                -5.1181 2.5984 10.5118, -5.1181 4.1732 10.5118, -5.1181 2.5984 10.1181, -5.1181 4.1732 0.0, -5.1181 1.0236 10.1181, -5.1181 -2.317 6.7774, -5.1181 -2.317 4.0215, -5.1181 1.8054 0.0, -5.1181 0.3346 0.0, -5.1181 0.1238 0.0, -5.1181 -0.0743 0.0, -5.1181 -0.2762 0.0, -5.1181 -3.593 0.0, -5.1181 -4.1732 2.1654, -5.1181 -3.204 0.0, -5.1181 -1.3636 0.0, 3.7894 -2.6421 0.9126, 3.7894 -2.4841 1.0706, 3.1496 -2.6421 0.9126, 3.3563 -2.4841 1.0706, 3.3563 -1.5814 1.9732, 4.0846 -2.4841 1.0706, 4.0846 -2.6421 0.9126, 4.5374 -2.4841 1.0706, 4.7244 -2.6421 0.9126, 4.5374 -1.5814 1.9732, 4.7244 -0.9718 2.5829, 3.1496 -0.9718 2.5829, 4.7244 -2.317 6.1869, 5.1181 -2.317 6.7774, 3.1496 -2.317 6.1869, 2.9528 -2.317 6.7774, 3.1496 -2.317 4.2184, 2.9528 -2.317 4.0215, 4.7244 -2.317 4.2184, 5.1181 -2.317 4.0215, 3.5756 0.5078 0.0, 3.5756 0.3674 0.0, 3.5675 0.3654 0.0, 3.6713 3.0906 0.0, 3.9522 3.0906 0.0, 3.9522 1.8054 0.0, 3.6713 3.6024 0.0, 3.5756 4.1732 0.0, 3.9522 3.6024 0.0, 3.9522 4.1732 0.0, 4.2028 3.6024 0.0, 5.1181 4.1732 0.0, 4.2028 3.0906 0.0, 5.1181 1.8054 0.0, 3.9522 -1.3636 0.0, 5.1181 -1.3636 0.0, 4.2028 -2.3031 0.0, 4.2028 -2.815 0.0, 5.1181 -3.204 0.0, 3.9522 -2.815 0.0, 3.9522 -3.204 0.0, 3.6713 -2.815 0.0, 3.5756 -3.204 0.0, 3.6713 -2.3031 0.0, 3.5756 -1.3636 0.0, 3.9522 -2.3031 0.0, 3.7262 0.4722 0.0, 3.7076 0.3952 0.0, 3.5886 0.5056 0.0, 3.6232 0.377 0.0, 3.5801 0.3685 0.0, 3.5611 0.3615 0.0, 3.5611 0.3611 0.0, 2.9528 0.3346 0.0, 3.5611 0.3607 0.0, 3.5613 0.3603 0.0, 3.5675 0.3346 0.0, 3.5615 0.36 0.0, 3.562 0.3596 0.0, 3.5628 0.3591 0.0, 3.5641 0.3588 0.0, 3.5621 0.3629 0.0, 3.5615 0.3623 0.0, 3.5636 0.5103 0.0, 3.5621 0.5134 0.0, 3.562 0.513 0.0, 3.5645 0.5149 0.0, 3.5636 0.5146 0.0, 2.9528 1.8054 0.0, 3.563 0.5143 0.0, 3.5624 0.5139 0.0, 3.5613 0.3619 0.0, 3.5628 0.5109 0.0, 3.5623 0.5114 0.0, 3.5621 0.5119 0.0, 3.5665 0.3651 0.0, 3.5645 0.3644 0.0, 3.5632 0.3636 0.0, 3.5675 1.8054 0.0, 3.5675 0.5154 0.0, 3.5659 0.5151 0.0, 3.5655 0.5096 0.0, 3.566 0.5095 0.0, 3.5675 0.5092 0.0, 3.5619 0.5127 0.0, 3.5619 0.5124 0.0, 3.6232 0.3561 0.0, 3.6283 0.3589 0.0, 3.653 0.3663 0.0, 3.5779 0.3572 0.0, 3.6016 0.3544 0.0, 3.5756 0.3346 0.0, 3.6295 0.5148 0.0, 3.6259 0.5172 0.0, 3.6396 0.5112 0.0, 3.9482 0.4387 0.0, 3.7053 0.4936 0.0, 3.6769 0.5004 0.0, 3.6635 0.5035 0.0, 3.6504 0.5072 0.0, 3.6126 0.3536 0.0, 3.6178 0.3538 0.0, 3.9522 0.3346 0.0, 3.621 0.3549 0.0, 3.5756 1.8054 0.0, 3.6781 0.3725 0.0, 3.9482 0.4308 0.0, 3.6208 0.5202 0.0, 3.6161 0.5197 0.0, 3.6078 0.5192 0.0, 3.6236 0.5192 0.0, 3.6226 0.5198 0.0, 3.6219 0.52 0.0, 3.5807 0.5169 0.0, 3.5756 0.5163 0.0, 3.5711 0.5157 0.0, 3.5681 0.5155 0.0, 3.6061 0.5191 0.0, 3.5675 0.3583 0.0, 3.57 0.358 0.0, 3.5756 0.3574 0.0, 3.6027 0.1458 0.0, 3.603 0.1461 0.0, 3.9522 0.1238 0.0, 3.5992 0.1452 0.0, 3.5998 0.145 0.0, 3.5756 0.1238 0.0, 3.9346 0.2545 0.0, 3.9315 0.2673 0.0, 3.9262 0.2775 0.0, 3.9183 0.2866 0.0, 3.9059 0.2955 0.0, 3.8851 0.3038 0.0, 3.6003 0.1449 0.0, 3.6008 0.1449 0.0, 3.6016 0.1453 0.0, 3.9357 0.2369 0.0, 3.9347 0.2244 0.0, 3.9231 0.1451 0.0, 3.922 0.1447 0.0, 3.9206 0.1445 0.0, 3.6032 0.1463 0.0, 3.6034 0.1468 0.0, 3.9001 0.1673 0.0, 3.6034 0.147 0.0, 3.6036 0.1482 0.0, 3.6034 0.1504 0.0, 3.6034 0.1582 0.0, 3.6034 0.1673 0.0, 3.6355 0.2991 0.0, 3.6151 0.2878 0.0, 3.6032 0.278 0.0, 3.5954 0.2679 0.0, 3.5927 0.2626 0.0, 3.5745 0.1698 0.0, 3.5756 0.1682 0.0, 3.5771 0.1661 0.0, 3.5847 0.158 0.0, 3.925 0.1786 0.0, 3.9261 0.1905 0.0, 3.9323 0.212 0.0, 3.5963 0.1472 0.0, 3.5975 0.1463 0.0, 3.5985 0.1456 0.0, 3.924 0.1458 0.0, 3.925 0.1469 0.0, 3.9232 0.1572 0.0, 3.9144 0.1473 0.0, 3.9125 0.1498 0.0, 3.904 0.1599 0.0, 3.9161 0.1459 0.0, 3.9179 0.1449 0.0, 3.9191 0.1446 0.0, 3.9232 0.169 0.0, 3.9241 0.1738 0.0, 3.8234 0.3128 0.0, 3.7398 0.3157 0.0, 3.672 0.3097 0.0, 3.5892 0.2509 0.0, 3.5841 0.2149 0.0, 3.5812 0.19 0.0, 3.9019 0.1635 0.0, 3.5875 0.1554 0.0, 3.5948 0.1486 0.0, 3.5741 0.1729 0.0, 3.5739 0.1724 0.0, 3.5675 0.1238 0.0, 3.574 0.1709 0.0, 3.5788 0.1807 0.0, 3.5756 0.1755 0.0, 3.5752 0.1748 0.0, 3.6022 -0.1183 0.0, 3.5903 -0.128 0.0, 3.5756 -0.0743 0.0, 3.9522 -0.0743 0.0, 3.9352 -0.1065 0.0, 3.784 -0.1065 0.0, 3.5822 -0.1391 0.0, 3.5767 -0.1524 0.0, 3.5756 -0.1597 0.0, 3.9414 -0.1716 0.0, 3.9371 -0.1551 0.0, 3.9352 -0.115 0.0, 3.93 -0.1422 0.0, 3.8804 -0.2371 0.0, 3.9098 -0.2234 0.0, 3.9522 -0.2762 0.0, 3.7144 -0.098 0.0, 3.6472 -0.1023 0.0, 3.6209 -0.109 0.0, 3.5756 -0.1754 0.0, 3.5758 -0.1798 0.0, 3.5756 -0.2762 0.0, 3.5808 -0.1946 0.0, 3.5889 -0.2076 0.0, 3.9191 -0.1302 0.0, 3.9108 -0.124 0.0, 3.9018 -0.119 0.0, 3.7307 -0.2379 0.0, 3.6849 -0.1099 0.0, 3.8285 -0.2348 0.0, 3.7149 -0.1071 0.0, 3.8478 -0.2313 0.0, 3.9245 -0.211 0.0, 3.9349 -0.1971 0.0, 3.9394 -0.1884 0.0, 3.5937 -0.1716 0.0, 3.6498 -0.2239 0.0, 3.784 -0.1172 0.0, 3.8637 -0.122 0.0, 3.9411 -0.1811 0.0, 3.6061 -0.1366 0.0, 3.6155 -0.1283 0.0, 3.8873 -0.218 0.0, 3.9036 -0.2077 0.0, 3.9127 -0.1986 0.0, 3.6017 -0.1951 0.0, 3.6095 -0.2034 0.0, 3.6262 -0.215 0.0, 3.5947 -0.159 0.0, 3.5992 -0.1467 0.0, 3.63 -0.1208 0.0, 3.6677 -0.1125 0.0, 3.5996 -0.2174 0.0, 3.6235 -0.2309 0.0, 3.6743 -0.2463 0.0, 3.6792 -0.2472 0.0, 3.7863 -0.2539 0.0, 3.8186 -0.2509 0.0, 3.5971 -0.1878 0.0, 3.5947 -0.1804 0.0, 3.8895 -0.1291 0.0, 3.9041 -0.1367 0.0, 3.9121 -0.1436 0.0, 3.9227 -0.1671 0.0, 3.922 -0.1789 0.0, 3.9186 -0.189 0.0, 3.9185 -0.1526 0.0, 3.9216 -0.1614 0.0, 3.5675 -0.0743 0.0, 3.575 -0.1637 0.0, 3.5675 -0.2762 0.0, 3.8893 -0.4037 0.0, 3.6163 -0.3219 0.0, 3.6175 -0.3194 0.0, 3.9522 -0.417 0.0, 3.925 -0.3953 0.0, 3.9123 -0.4013 0.0, 3.8962 -0.4036 0.0, 3.592 -0.2962 0.0, 3.5908 -0.2968 0.0, 3.6001 -0.3 0.0, 3.5981 -0.2981 0.0, 3.5966 -0.2972 0.0, 3.5943 -0.2965 0.0, 3.5978 -0.42 0.0, 3.6028 -0.4196 0.0, 3.585 -0.4215 0.0, 3.6362 -0.4185 0.0, 3.6005 -0.4037 0.0, 3.6042 -0.3601 0.0, 3.6074 -0.3394 0.0, 3.6089 -0.3325 0.0, 3.6058 -0.3062 0.0, 3.6109 -0.3284 0.0, 3.6138 -0.3248 0.0, 3.891 -0.4185 0.0, 3.9187 -0.4189 0.0, 3.9459 -0.423 0.0, 3.9516 -0.4241 0.0, 3.5822 -0.4215 0.0, 3.5868 -0.3249 0.0, 3.5826 -0.3651 0.0, 3.5902 -0.2973 0.0, 3.5897 -0.2981 0.0, 3.5892 -0.2993 0.0, 3.589 -0.3015 0.0, 3.5887 -0.3119 0.0, 3.5818 -0.3755 0.0, 3.5795 -0.3992 0.0, 3.5785 -0.4123 0.0, 3.578 -0.4189 0.0, 3.5785 -0.4195 0.0, 3.5776 -0.4153 0.0, 3.5775 -0.4169 0.0, 3.5777 -0.418 0.0, 3.5793 -0.4203 0.0, 3.5809 -0.4211 0.0, 5.1181 -0.2762 0.0, 3.9561 -0.4202 0.0, 3.9522 -0.4236 0.0, 3.5756 -3.593 0.0, 3.9522 -3.593 0.0, 5.1181 -3.593 0.0, 3.5675 -1.3636 0.0, 3.5675 -3.204 0.0, 3.5675 -3.593 0.0, 3.577 -0.0373 0.0, 3.5776 -0.0387 0.0, 3.5786 -0.04 0.0, 3.5798 -0.041 0.0, 3.598 0.1017 0.0, 3.5976 0.1011 0.0, 3.9248 -0.0507 0.0, 3.9251 -0.0506 0.0, 3.9254 -0.0504 0.0, 3.9261 -0.0491 0.0, 3.9263 -0.0482 0.0, 3.7766 -0.0203 0.0, 3.7828 0.0273 0.0, 3.9012 -0.0203 0.0, 3.7868 0.0469 0.0, 3.7976 0.0703 0.0, 3.9176 0.0868 0.0, 3.9165 0.0777 0.0, 3.6007 0.1031 0.0, 3.5996 0.1028 0.0, 3.5985 0.1022 0.0, 3.5767 -0.0358 0.0, 3.5769 -0.033 0.0, 3.9147 0.0644 0.0, 3.9131 0.051 0.0, 3.7947 0.0652 0.0, 3.7913 0.0595 0.0, 3.9436 0.0732 0.0, 3.9267 0.0895 0.0, 3.776 0.0893 0.0, 3.9181 0.0893 0.0, 3.9178 0.0884 0.0, 3.7741 0.0888 0.0, 3.7733 0.0883 0.0, 3.6238 0.085 0.0, 3.7723 0.0872 0.0, 3.7718 0.0862 0.0, 3.9257 -0.05 0.0, 3.9258 -0.0499 0.0, 3.9202 0.0915 0.0, 3.9195 0.0911 0.0, 3.9187 0.0903 0.0, 3.6061 0.1009 0.0, 3.6041 0.1024 0.0, 3.6029 0.1029 0.0, 3.6018 0.1032 0.0, 3.9224 0.0917 0.0, 3.9216 0.0918 0.0, 3.9208 0.0917 0.0, 3.7795 0.088 0.0, 3.7782 0.0887 0.0, 3.777 0.0892 0.0, 3.7568 -0.0203 0.0, 3.6034 -0.0203 0.0, 3.6152 0.0641 0.0, 3.5847 0.0035 0.0, 3.5801 -0.0225 0.0, 3.5778 -0.0289 0.0, 3.5815 -0.0417 0.0, 3.5837 -0.0421 0.0, 3.588 -0.0418 0.0, 3.9183 -0.05 0.0, 3.9206 -0.0506 0.0, 3.922 -0.0507 0.0, 3.9262 -0.0466 0.0, 3.9261 -0.0458 0.0, 3.9244 -0.035 0.0, 3.7716 0.0853 0.0, 3.7715 0.0839 0.0, 3.6209 0.08 0.0, 3.6173 0.0723 0.0, 3.5973 0.1002 0.0, 3.5971 0.0979 0.0, 3.5971 0.0975 0.0, 3.9231 -0.0507 0.0, 3.9243 -0.0508 0.0, 3.9232 -0.0254 0.0, 3.9232 -0.0157 0.0, 3.9232 -0.0141 0.0, 3.929 0.0301 0.0, 3.9329 0.0496 0.0, 3.9248 0.0906 0.0, 3.9234 0.0913 0.0, 3.775 0.0892 0.0, 3.7811 0.0868 0.0, 3.5966 0.089 0.0, 3.5913 0.0462 0.0, 3.9082 -0.0427 0.0, 3.9127 -0.0464 0.0, 3.9159 -0.0487 0.0, 3.9235 -0.003 0.0, 3.925 0.008 0.0, 3.9385 0.0652 0.0, 3.9403 0.0681 0.0, 3.6023 -0.0382 0.0, 3.617 -0.0367 0.0, 3.6277 -0.0367 0.0, 3.9012 -0.0367 0.0, 3.6419 -0.0361 0.0, 3.6348 -0.0364 0.0, 2.9528 0.1238 0.0, 2.9528 -0.0743 0.0, 2.9528 -0.2762 0.0, 2.9528 -1.3636 0.0, 2.9528 -3.204 0.0, 2.9528 -3.593 0.0, 5.1181 0.3346 0.0, 5.1181 0.1238 0.0, 5.1181 -0.0743 0.0, 2.9528 4.1732 0.0, 3.5675 4.1732 0.0, 2.9528 -4.1732 2.1654, 5.1181 -4.1732 2.1654, 3.1496 -4.034 2.3045, 3.1496 -2.9205 3.4181, 4.7244 -4.034 2.3045, 4.7244 -2.9205 3.4181, 3.1496 0.1885 9.2829, 3.1496 1.0236 10.1181, 2.9528 1.0236 10.1181, 3.1496 -0.6467 8.4478, 4.7244 0.1885 9.2829, 4.7244 -0.6467 8.4478, 4.7244 1.0236 10.1181, 5.1181 1.0236 10.1181, 4.7244 -2.0943 7.0002, 3.1496 -2.0943 7.0002, 5.1181 2.5984 10.1181, 2.9528 2.5984 10.1181, 5.1181 2.5984 10.5118, 2.9528 2.5984 10.5118, 5.1181 4.1732 10.5118, 2.9528 4.1732 10.5118, 4.7244 1.5804 7.891, 3.1496 1.5804 7.891, 4.7244 2.4156 8.7262, 3.1496 2.4156 8.7262, 4.7244 -0.7024 5.6082, 3.1496 -0.7024 5.6082, 4.5374 0.2467 6.5573, 4.5374 0.021 6.3316, 3.3563 0.2467 6.5573, 3.1496 1.302 7.6126, 3.3563 0.021 6.3316, 3.7894 0.2467 6.5573, 3.7894 0.4808 6.7914, 3.3563 0.4808 6.7914, 3.3563 0.6923 7.0029, 4.7244 1.302 7.6126, 4.5374 0.6923 7.0029, 4.5374 0.4808 6.7914, 4.0846 0.4808 6.7914, 4.0846 0.2467 6.5573, 4.7244 -0.424 8.2251, 3.1496 -0.424 8.2251, 4.7244 0.1328 8.7818, 3.1496 0.1328 8.7818, 4.7244 -1.9093 3.8107, 3.1496 -1.9093 3.8107, 4.7244 -0.9251 4.795, 3.1496 -0.9251 4.795, 3.7894 -2.6904 0.9609, 4.0846 -2.6904 0.9609, 4.7244 -2.6978 3.1954, 3.1496 -2.6978 3.1954, 4.7244 -2.141 3.7522, 3.1496 -2.141 3.7522, 3.6713 3.6024 0.3937, 4.2028 3.6024 0.3937, 3.6713 3.0906 0.3937, 4.2028 3.0906 0.3937, 4.0846 3.4843 0.3937, 4.0846 3.2087 0.3937, 3.7894 3.2087 0.3937, 3.7894 3.4843 0.3937, 3.6713 -2.3031 0.3937, 4.2028 -2.3031 0.3937, 3.6713 -2.815 0.3937, 4.2028 -2.815 0.3937, 4.0846 -2.4213 0.3937, 4.0846 -2.6969 0.3937, 3.7894 -2.6969 0.3937, 3.7894 -2.4213 0.3937, 3.6232 0.377 0.0039, 3.7076 0.3952 0.0039, 3.5801 0.3685 0.0039, 3.5665 0.3651 0.0039, 3.5645 0.3644 0.0039, 3.5632 0.3636 0.0039, 3.5621 0.3629 0.0039, 3.5615 0.3623 0.0039, 3.5613 0.3619 0.0039, 3.5611 0.3615 0.0039, 3.5611 0.3611 0.0039, 3.5611 0.3607 0.0039, 3.5613 0.3603 0.0039, 3.5615 0.36 0.0039, 3.562 0.3596 0.0039, 3.5628 0.3591 0.0039, 3.5641 0.3588 0.0039, 3.57 0.358 0.0039, 3.5779 0.3572 0.0039, 3.6016 0.3544 0.0039, 3.6126 0.3536 0.0039, 3.6178 0.3538 0.0039, 3.621 0.3549 0.0039, 3.6232 0.3561 0.0039, 3.6283 0.3589 0.0039, 3.653 0.3663 0.0039, 3.6781 0.3725 0.0039, 3.9482 0.4308 0.0039, 3.9482 0.4387 0.0039, 3.7053 0.4936 0.0039, 3.6769 0.5004 0.0039, 3.6635 0.5035 0.0039, 3.6504 0.5072 0.0039, 3.6396 0.5112 0.0039, 3.6295 0.5148 0.0039, 3.6259 0.5172 0.0039, 3.6236 0.5192 0.0039, 3.6226 0.5198 0.0039, 3.6219 0.52 0.0039, 3.6208 0.5202 0.0039, 3.6161 0.5197 0.0039, 3.6078 0.5192 0.0039, 3.6061 0.5191 0.0039, 3.5807 0.5169 0.0039, 3.5711 0.5157 0.0039, 3.5681 0.5155 0.0039, 3.5659 0.5151 0.0039, 3.5645 0.5149 0.0039, 3.5636 0.5146 0.0039, 3.563 0.5143 0.0039, 3.5624 0.5139 0.0039, 3.5621 0.5134 0.0039, 3.562 0.513 0.0039, 3.5619 0.5127 0.0039, 3.5619 0.5124 0.0039, 3.5621 0.5119 0.0039, 3.5623 0.5114 0.0039, 3.5628 0.5109 0.0039, 3.5636 0.5103 0.0039, 3.5655 0.5096 0.0039, 3.566 0.5095 0.0039, 3.5886 0.5056 0.0039, 3.7262 0.4722 0.0039, 3.8938 0.4348 0.0039, 3.7274 0.3979 0.0039, 3.7347 0.471 0.0039, 3.7494 0.4557 0.0039, 3.7398 0.4415 0.0039, 3.7371 0.4366 0.0039, 3.732 0.4202 0.0039, 3.7274 0.3979 0.0, 3.8938 0.4348 0.0, 3.732 0.4202 0.0, 3.7371 0.4366 0.0, 3.7398 0.4415 0.0, 3.7494 0.4557 0.0, 3.7347 0.471 0.0, 3.9125 0.1498 0.0039, 3.904 0.1599 0.0039, 3.9144 0.1473 0.0039, 3.9161 0.1459 0.0039, 3.9179 0.1449 0.0039, 3.9191 0.1446 0.0039, 3.9206 0.1445 0.0039, 3.922 0.1447 0.0039, 3.9231 0.1451 0.0039, 3.924 0.1458 0.0039, 3.925 0.1469 0.0039, 3.9232 0.1572 0.0039, 3.9232 0.169 0.0039, 3.9241 0.1738 0.0039, 3.925 0.1786 0.0039, 3.9261 0.1905 0.0039, 3.9323 0.212 0.0039, 3.9347 0.2244 0.0039, 3.9357 0.2369 0.0039, 3.9346 0.2545 0.0039, 3.9315 0.2673 0.0039, 3.9262 0.2775 0.0039, 3.9183 0.2866 0.0039, 3.9059 0.2955 0.0039, 3.8851 0.3038 0.0039, 3.8234 0.3128 0.0039, 3.7398 0.3157 0.0039, 3.672 0.3097 0.0039, 3.6355 0.2991 0.0039, 3.6151 0.2878 0.0039, 3.6032 0.278 0.0039, 3.5954 0.2679 0.0039, 3.5927 0.2626 0.0039, 3.5892 0.2509 0.0039, 3.5841 0.2149 0.0039, 3.5812 0.19 0.0039, 3.5788 0.1807 0.0039, 3.5752 0.1748 0.0039, 3.5741 0.1729 0.0039, 3.5739 0.1724 0.0039, 3.574 0.1709 0.0039, 3.5745 0.1698 0.0039, 3.5771 0.1661 0.0039, 3.5847 0.158 0.0039, 3.5875 0.1554 0.0039, 3.5948 0.1486 0.0039, 3.5963 0.1472 0.0039, 3.5975 0.1463 0.0039, 3.5985 0.1456 0.0039, 3.5992 0.1452 0.0039, 3.5998 0.145 0.0039, 3.6003 0.1449 0.0039, 3.6008 0.1449 0.0039, 3.6016 0.1453 0.0039, 3.6027 0.1458 0.0039, 3.603 0.1461 0.0039, 3.6032 0.1463 0.0039, 3.6034 0.1468 0.0039, 3.6034 0.147 0.0039, 3.6036 0.1482 0.0039, 3.6034 0.1504 0.0039, 3.6034 0.1582 0.0039, 3.6034 0.1673 0.0039, 3.9001 0.1673 0.0039, 3.9019 0.1635 0.0039, 3.6045 0.2007 0.0039, 3.6041 0.1919 0.0039, 3.6045 0.1832 0.0039, 3.904 0.1832 0.0039, 3.9086 0.1939 0.0039, 3.9141 0.218 0.0039, 3.916 0.2426 0.0039, 3.9131 0.2576 0.0039, 3.6128 0.2557 0.0039, 3.6168 0.2648 0.0039, 3.6223 0.2717 0.0039, 3.6305 0.2781 0.0039, 3.6574 0.2899 0.0039, 3.6073 0.2256 0.0039, 3.6096 0.243 0.0039, 3.9088 0.2685 0.0039, 3.9039 0.2752 0.0039, 3.8958 0.282 0.0039, 3.8836 0.2883 0.0039, 3.8666 0.2932 0.0039, 3.7896 0.2999 0.0039, 3.7147 0.2992 0.0039, 3.6073 0.2256 0.0, 3.6045 0.2007 0.0, 3.6096 0.243 0.0, 3.6128 0.2557 0.0, 3.6168 0.2648 0.0, 3.6223 0.2717 0.0, 3.6305 0.2781 0.0, 3.6574 0.2899 0.0, 3.7147 0.2992 0.0, 3.7896 0.2999 0.0, 3.8666 0.2932 0.0, 3.8836 0.2883 0.0, 3.8958 0.282 0.0, 3.9039 0.2752 0.0, 3.9088 0.2685 0.0, 3.9131 0.2576 0.0, 3.916 0.2426 0.0, 3.9141 0.218 0.0, 3.9086 0.1939 0.0, 3.904 0.1832 0.0, 3.6045 0.1832 0.0, 3.6041 0.1919 0.0, 3.7828 0.0273 0.0039, 3.7766 -0.0203 0.0039, 3.7868 0.0469 0.0039, 3.7913 0.0595 0.0039, 3.7947 0.0652 0.0039, 3.7976 0.0703 0.0039, 3.7811 0.0868 0.0039, 3.7795 0.088 0.0039, 3.7782 0.0887 0.0039, 3.777 0.0892 0.0039, 3.776 0.0893 0.0039, 3.775 0.0892 0.0039, 3.7741 0.0888 0.0039, 3.7733 0.0883 0.0039, 3.7723 0.0872 0.0039, 3.7718 0.0862 0.0039, 3.7716 0.0853 0.0039, 3.7715 0.0839 0.0039, 3.7568 -0.0203 0.0039, 3.6034 -0.0203 0.0039, 3.6152 0.0641 0.0039, 3.6173 0.0723 0.0039, 3.6209 0.08 0.0039, 3.6238 0.085 0.0039, 3.6061 0.1009 0.0039, 3.6041 0.1024 0.0039, 3.6029 0.1029 0.0039, 3.6018 0.1032 0.0039, 3.6007 0.1031 0.0039, 3.5996 0.1028 0.0039, 3.5985 0.1022 0.0039, 3.598 0.1017 0.0039, 3.5976 0.1011 0.0039, 3.5973 0.1002 0.0039, 3.5971 0.0979 0.0039, 3.5971 0.0975 0.0039, 3.5966 0.089 0.0039, 3.5913 0.0462 0.0039, 3.5847 0.0035 0.0039, 3.5801 -0.0225 0.0039, 3.5778 -0.0289 0.0039, 3.5769 -0.033 0.0039, 3.5767 -0.0358 0.0039, 3.577 -0.0373 0.0039, 3.5776 -0.0387 0.0039, 3.5786 -0.04 0.0039, 3.5798 -0.041 0.0039, 3.5815 -0.0417 0.0039, 3.5837 -0.0421 0.0039, 3.588 -0.0418 0.0039, 3.6023 -0.0382 0.0039, 3.617 -0.0367 0.0039, 3.6277 -0.0367 0.0039, 3.6348 -0.0364 0.0039, 3.6419 -0.0361 0.0039, 3.9012 -0.0367 0.0039, 3.9082 -0.0427 0.0039, 3.9127 -0.0464 0.0039, 3.9159 -0.0487 0.0039, 3.9183 -0.05 0.0039, 3.9206 -0.0506 0.0039, 3.922 -0.0507 0.0039, 3.9231 -0.0507 0.0039, 3.9243 -0.0508 0.0039, 3.9248 -0.0507 0.0039, 3.9251 -0.0506 0.0039, 3.9254 -0.0504 0.0039, 3.9257 -0.05 0.0039, 3.9258 -0.0499 0.0039, 3.9261 -0.0491 0.0039, 3.9263 -0.0482 0.0039, 3.9262 -0.0466 0.0039, 3.9261 -0.0458 0.0039, 3.9244 -0.035 0.0039, 3.9232 -0.0254 0.0039, 3.9232 -0.0157 0.0039, 3.9232 -0.0141 0.0039, 3.9235 -0.003 0.0039, 3.925 0.008 0.0039, 3.929 0.0301 0.0039, 3.9329 0.0496 0.0039, 3.9385 0.0652 0.0039, 3.9403 0.0681 0.0039, 3.9436 0.0732 0.0039, 3.9267 0.0895 0.0039, 3.9248 0.0906 0.0039, 3.9234 0.0913 0.0039, 3.9224 0.0917 0.0039, 3.9216 0.0918 0.0039, 3.9208 0.0917 0.0039, 3.9202 0.0915 0.0039, 3.9195 0.0911 0.0039, 3.9187 0.0903 0.0039, 3.9181 0.0893 0.0039, 3.9178 0.0884 0.0039, 3.9176 0.0868 0.0039, 3.9165 0.0777 0.0039, 3.9147 0.0644 0.0039, 3.9131 0.051 0.0039, 3.9012 -0.0203 0.0039, 3.9352 -0.1065 0.0039, 3.9352 -0.115 0.0039, 3.784 -0.1065 0.0039, 3.784 -0.1172 0.0039, 3.8637 -0.122 0.0039, 3.8895 -0.1291 0.0039, 3.9041 -0.1367 0.0039, 3.9121 -0.1436 0.0039, 3.9185 -0.1526 0.0039, 3.9216 -0.1614 0.0039, 3.9227 -0.1671 0.0039, 3.922 -0.1789 0.0039, 3.9186 -0.189 0.0039, 3.9127 -0.1986 0.0039, 3.9036 -0.2077 0.0039, 3.8873 -0.218 0.0039, 3.8478 -0.2313 0.0039, 3.8285 -0.2348 0.0039, 3.7307 -0.2379 0.0039, 3.6498 -0.2239 0.0039, 3.6262 -0.215 0.0039, 3.6095 -0.2034 0.0039, 3.6017 -0.1951 0.0039, 3.5971 -0.1878 0.0039, 3.5947 -0.1804 0.0039, 3.5937 -0.1716 0.0039, 3.5947 -0.159 0.0039, 3.5992 -0.1467 0.0039, 3.6061 -0.1366 0.0039, 3.6155 -0.1283 0.0039, 3.63 -0.1208 0.0039, 3.6677 -0.1125 0.0039, 3.6849 -0.1099 0.0039, 3.7149 -0.1071 0.0039, 3.7144 -0.098 0.0039, 3.6472 -0.1023 0.0039, 3.6209 -0.109 0.0039, 3.6022 -0.1183 0.0039, 3.5903 -0.128 0.0039, 3.5822 -0.1391 0.0039, 3.5767 -0.1524 0.0039, 3.575 -0.1637 0.0039, 3.5758 -0.1798 0.0039, 3.5808 -0.1946 0.0039, 3.5889 -0.2076 0.0039, 3.5996 -0.2174 0.0039, 3.6235 -0.2309 0.0039, 3.6743 -0.2463 0.0039, 3.6792 -0.2472 0.0039, 3.7863 -0.2539 0.0039, 3.8186 -0.2509 0.0039, 3.8804 -0.2371 0.0039, 3.9098 -0.2234 0.0039, 3.9245 -0.211 0.0039, 3.9349 -0.1971 0.0039, 3.9394 -0.1884 0.0039, 3.9411 -0.1811 0.0039, 3.9414 -0.1716 0.0039, 3.9371 -0.1551 0.0039, 3.93 -0.1422 0.0039, 3.9191 -0.1302 0.0039, 3.9108 -0.124 0.0039, 3.9018 -0.119 0.0039, 3.925 -0.3953 0.0039, 3.9561 -0.4202 0.0039, 3.9123 -0.4013 0.0039, 3.8962 -0.4036 0.0039, 3.8893 -0.4037 0.0039, 3.6005 -0.4037 0.0039, 3.6042 -0.3601 0.0039, 3.6074 -0.3394 0.0039, 3.6089 -0.3325 0.0039, 3.6109 -0.3284 0.0039, 3.6138 -0.3248 0.0039, 3.6163 -0.3219 0.0039, 3.6175 -0.3194 0.0039, 3.6058 -0.3062 0.0039, 3.6001 -0.3 0.0039, 3.5981 -0.2981 0.0039, 3.5966 -0.2972 0.0039, 3.5943 -0.2965 0.0039, 3.592 -0.2962 0.0039, 3.5908 -0.2968 0.0039, 3.5902 -0.2973 0.0039, 3.5897 -0.2981 0.0039, 3.5892 -0.2993 0.0039, 3.589 -0.3015 0.0039, 3.5887 -0.3119 0.0039, 3.5868 -0.3249 0.0039, 3.5826 -0.3651 0.0039, 3.5818 -0.3755 0.0039, 3.5795 -0.3992 0.0039, 3.5785 -0.4123 0.0039, 3.5776 -0.4153 0.0039, 3.5775 -0.4169 0.0039, 3.5777 -0.418 0.0039, 3.578 -0.4189 0.0039, 3.5785 -0.4195 0.0039, 3.5793 -0.4203 0.0039, 3.5809 -0.4211 0.0039, 3.5822 -0.4215 0.0039, 3.585 -0.4215 0.0039, 3.5978 -0.42 0.0039, 3.6028 -0.4196 0.0039, 3.6362 -0.4185 0.0039, 3.891 -0.4185 0.0039, 3.9187 -0.4189 0.0039, 3.9459 -0.423 0.0039, 3.9516 -0.4241 0.0039, 3.9516 -0.4241 0.0039
            ]
        }
        coordIndex [
            0,1,2,-1,2,1,3,-1,4,2,5,-1,5,2,3,-1,5,3,6,-1,6,3,7,-1,6,7,8,-1,8,9,6,-1,6,9,10,-1,6,10,11,-1,12,13,14,-1,14,13,6,-1,14,6,15,-1,15,6,11,-1,16,17,18,-1,18,17,19,-1,18,19,20,-1,21,22,23,-1,23,22,24,-1,23,24,25,-1,25,24,26,-1,25,26,20,-1,20,26,27,-1,20,27,18,-1,28,29,30,-1,30,29,31,-1,30,31,32,-1,32,31,33,-1,32,33,34,-1,34,33,35,-1,34,35,28,-1,28,35,29,-1,36,37,38,-1,39,40,41,-1,42,43,44,-1,44,43,45,-1,44,45,46,-1,46,45,47,-1,46,47,48,-1,48,47,49,-1,48,49,40,-1,50,51,52,-1,52,51,53,-1,53,51,54,-1,53,54,55,-1,55,54,56,-1,55,56,57,-1,57,56,58,-1,57,58,59,-1,59,58,60,-1,59,60,61,-1,62,63,64,-1,64,63,65,-1,64,65,36,-1,36,65,66,-1,36,66,37,-1,67,68,69,-1,69,68,70,-1,69,70,71,-1,72,71,73,-1,73,74,72,-1,72,74,75,-1,72,75,76,-1,77,78,79,-1,80,81,69,-1,82,83,84,-1,84,83,85,-1,84,85,69,-1,69,85,86,-1,69,86,80,-1,78,87,79,-1,79,87,67,-1,79,67,88,-1,88,67,69,-1,88,69,89,-1,89,69,90,-1,91,92,79,-1,79,92,93,-1,79,93,77,-1,94,95,84,-1,84,95,96,-1,84,96,82,-1,79,97,91,-1,91,97,98,-1,91,98,38,-1,38,98,99,-1,38,99,36,-1,81,100,69,-1,69,100,101,-1,69,101,90,-1,102,103,104,-1,105,106,107,-1,108,109,110,-1,110,109,111,-1,110,111,112,-1,112,113,110,-1,110,113,114,-1,110,114,115,-1,106,116,107,-1,107,116,117,-1,107,117,118,-1,118,117,119,-1,118,111,41,-1,41,111,120,-1,41,120,39,-1,102,104,119,-1,119,104,121,-1,119,121,118,-1,118,121,122,-1,118,122,111,-1,123,124,125,-1,109,126,111,-1,111,126,127,-1,111,127,120,-1,120,127,128,-1,120,128,123,-1,129,130,120,-1,120,130,131,-1,120,131,94,-1,94,131,132,-1,94,132,95,-1,123,125,120,-1,120,125,133,-1,120,133,129,-1,76,134,72,-1,72,134,135,-1,72,135,107,-1,107,135,136,-1,107,136,105,-1,137,138,139,-1,140,141,142,-1,143,144,118,-1,118,144,145,-1,145,146,118,-1,118,146,147,-1,118,147,148,-1,141,149,142,-1,142,149,150,-1,142,150,139,-1,139,150,151,-1,139,151,137,-1,143,118,152,-1,152,118,139,-1,152,139,153,-1,154,139,155,-1,155,139,156,-1,157,158,159,-1,159,158,160,-1,159,160,161,-1,161,162,159,-1,159,162,163,-1,159,163,164,-1,107,165,166,-1,166,167,107,-1,107,167,168,-1,107,168,169,-1,170,171,142,-1,142,171,172,-1,142,172,173,-1,174,175,139,-1,139,175,176,-1,139,176,153,-1,177,178,142,-1,142,178,179,-1,142,179,140,-1,154,180,139,-1,139,180,181,-1,139,181,182,-1,183,138,184,-1,184,138,185,-1,183,186,138,-1,138,186,187,-1,138,187,139,-1,139,187,188,-1,139,188,156,-1,182,189,139,-1,139,189,190,-1,139,190,174,-1,148,191,118,-1,118,191,192,-1,118,192,107,-1,107,192,193,-1,107,193,165,-1,169,194,107,-1,107,194,195,-1,107,195,196,-1,157,159,138,-1,138,159,197,-1,138,197,185,-1,173,198,142,-1,142,198,199,-1,142,199,177,-1,200,201,72,-1,72,201,202,-1,202,201,203,-1,202,203,170,-1,196,204,107,-1,107,204,205,-1,107,205,72,-1,72,205,206,-1,72,206,200,-1,207,208,209,-1,210,211,212,-1,208,213,209,-1,209,213,214,-1,209,214,215,-1,216,217,218,-1,218,217,219,-1,220,221,222,-1,223,224,209,-1,209,224,225,-1,209,225,207,-1,226,227,228,-1,228,227,229,-1,228,229,230,-1,219,231,218,-1,218,231,232,-1,218,232,233,-1,234,235,236,-1,236,235,237,-1,236,237,238,-1,221,239,222,-1,222,239,240,-1,222,240,241,-1,242,234,243,-1,209,210,223,-1,223,210,212,-1,223,212,237,-1,237,212,244,-1,237,244,238,-1,238,244,245,-1,241,246,222,-1,222,246,216,-1,222,216,210,-1,210,216,218,-1,210,218,211,-1,234,247,248,-1,249,238,250,-1,250,238,251,-1,252,243,253,-1,253,243,254,-1,242,255,234,-1,234,255,256,-1,234,256,247,-1,248,257,234,-1,234,257,258,-1,234,258,235,-1,230,259,228,-1,228,259,260,-1,228,260,261,-1,261,262,228,-1,228,262,263,-1,228,263,222,-1,222,263,264,-1,222,264,220,-1,252,265,243,-1,243,265,266,-1,243,266,242,-1,245,267,238,-1,238,267,268,-1,238,268,269,-1,270,271,238,-1,238,271,272,-1,238,272,251,-1,269,273,238,-1,238,273,274,-1,238,274,270,-1,275,276,277,-1,277,276,226,-1,278,279,280,-1,222,281,282,-1,282,283,222,-1,222,283,284,-1,222,284,278,-1,228,285,286,-1,287,288,222,-1,222,288,289,-1,222,289,228,-1,228,289,290,-1,228,290,285,-1,291,292,293,-1,293,292,294,-1,295,296,278,-1,278,296,297,-1,278,297,298,-1,278,280,222,-1,222,280,299,-1,222,299,287,-1,298,300,278,-1,278,300,301,-1,278,301,279,-1,302,303,304,-1,304,305,50,-1,60,306,293,-1,228,307,308,-1,286,309,228,-1,228,309,310,-1,228,310,311,-1,294,302,293,-1,293,302,304,-1,293,304,60,-1,60,304,50,-1,60,50,61,-1,61,50,52,-1,311,312,228,-1,228,312,313,-1,228,313,307,-1,308,314,228,-1,228,314,315,-1,228,315,316,-1,60,317,318,-1,316,319,228,-1,228,319,320,-1,228,320,60,-1,60,320,321,-1,60,321,317,-1,318,322,60,-1,60,322,323,-1,60,323,306,-1,324,51,325,-1,325,51,50,-1,325,50,326,-1,326,50,305,-1,327,58,328,-1,328,58,56,-1,328,56,329,-1,329,56,54,-1,226,228,277,-1,277,228,60,-1,277,60,330,-1,330,60,58,-1,330,58,331,-1,331,58,327,-1,331,327,332,-1,333,334,209,-1,209,334,335,-1,209,335,336,-1,142,337,338,-1,339,340,210,-1,210,340,341,-1,210,342,343,-1,344,345,346,-1,346,345,347,-1,348,349,350,-1,351,352,142,-1,142,352,353,-1,142,353,337,-1,333,209,354,-1,354,209,142,-1,354,142,355,-1,350,356,348,-1,348,356,357,-1,348,357,358,-1,358,357,346,-1,358,346,359,-1,359,346,347,-1,210,360,139,-1,139,360,361,-1,362,363,364,-1,365,366,367,-1,367,366,368,-1,367,368,369,-1,341,370,210,-1,210,370,371,-1,210,371,342,-1,372,373,362,-1,362,373,374,-1,362,374,363,-1,139,367,375,-1,375,376,139,-1,139,376,377,-1,139,377,142,-1,142,377,378,-1,142,378,351,-1,379,380,139,-1,139,380,381,-1,382,383,364,-1,364,383,384,-1,364,384,362,-1,385,386,387,-1,388,389,142,-1,142,389,390,-1,142,390,355,-1,336,391,209,-1,209,391,392,-1,209,392,393,-1,209,394,210,-1,210,394,395,-1,210,395,396,-1,343,397,210,-1,210,397,398,-1,210,398,399,-1,369,400,367,-1,367,400,401,-1,367,401,402,-1,402,401,385,-1,402,385,403,-1,403,385,387,-1,338,404,142,-1,142,404,405,-1,142,405,406,-1,396,407,210,-1,210,407,408,-1,210,408,339,-1,399,409,210,-1,210,409,410,-1,210,410,411,-1,210,412,413,-1,361,414,139,-1,139,414,415,-1,139,415,379,-1,381,372,139,-1,139,372,362,-1,139,362,367,-1,367,362,416,-1,367,416,365,-1,349,348,364,-1,364,348,417,-1,364,417,382,-1,406,418,142,-1,142,418,419,-1,142,419,388,-1,420,421,209,-1,209,421,422,-1,209,422,394,-1,411,423,210,-1,210,423,424,-1,210,424,412,-1,413,425,210,-1,210,425,426,-1,210,426,360,-1,393,427,209,-1,209,427,428,-1,209,428,429,-1,430,420,431,-1,431,420,209,-1,431,209,432,-1,432,209,429,-1,170,142,202,-1,202,142,209,-1,202,209,275,-1,275,209,215,-1,275,215,276,-1,71,72,69,-1,69,72,202,-1,69,202,433,-1,433,202,275,-1,433,275,434,-1,434,275,277,-1,434,277,435,-1,435,277,330,-1,435,330,436,-1,436,330,331,-1,436,331,437,-1,437,331,332,-1,437,332,438,-1,40,49,41,-1,41,49,439,-1,41,439,118,-1,118,439,440,-1,118,440,139,-1,139,440,441,-1,139,441,210,-1,210,441,324,-1,210,324,222,-1,222,324,325,-1,222,325,281,-1,84,442,94,-1,94,442,443,-1,94,443,120,-1,120,443,43,-1,120,43,39,-1,39,43,42,-1,444,438,332,-1,328,329,445,-1,444,332,445,-1,445,332,327,-1,445,327,328,-1,444,446,447,-1,446,444,448,-1,448,444,445,-1,448,445,449,-1,449,445,35,-1,449,35,447,-1,447,35,33,-1,447,33,444,-1,450,451,452,-1,452,31,450,-1,450,31,453,-1,450,453,454,-1,454,453,455,-1,456,454,457,-1,457,454,455,-1,457,455,29,-1,29,455,458,-1,29,458,31,-1,31,458,459,-1,31,459,453,-1,457,460,456,-1,456,460,461,-1,456,461,451,-1,451,461,452,-1,462,463,460,-1,460,463,461,-1,464,465,462,-1,462,465,463,-1,464,47,465,-1,465,47,45,-1,45,43,465,-1,465,43,443,-1,465,443,442,-1,463,465,461,-1,461,465,442,-1,452,461,31,-1,31,461,442,-1,31,442,33,-1,33,442,84,-1,33,84,69,-1,69,433,33,-1,33,433,434,-1,33,434,435,-1,438,444,437,-1,437,444,33,-1,437,33,436,-1,436,33,435,-1,454,466,450,-1,450,466,467,-1,466,468,467,-1,467,468,469,-1,468,456,469,-1,469,456,451,-1,456,468,454,-1,454,468,466,-1,469,451,467,-1,467,451,450,-1,458,470,459,-1,459,470,471,-1,472,473,470,-1,474,475,471,-1,470,473,471,-1,471,473,476,-1,471,476,474,-1,477,478,474,-1,474,478,479,-1,474,479,475,-1,475,479,480,-1,475,480,481,-1,481,480,482,-1,481,482,483,-1,484,485,483,-1,483,485,472,-1,483,472,481,-1,481,472,470,-1,486,455,487,-1,487,455,453,-1,488,481,486,-1,486,481,470,-1,486,470,455,-1,455,470,458,-1,453,459,487,-1,487,459,471,-1,487,471,489,-1,489,471,475,-1,34,490,32,-1,32,490,491,-1,490,492,491,-1,491,492,493,-1,492,28,493,-1,493,28,30,-1,492,490,28,-1,28,490,34,-1,491,493,32,-1,32,493,30,-1,16,18,494,-1,494,18,446,-1,494,446,495,-1,495,446,448,-1,495,448,22,-1,22,448,24,-1,496,449,497,-1,497,449,447,-1,498,26,496,-1,496,26,24,-1,496,24,449,-1,449,24,448,-1,447,446,497,-1,497,446,18,-1,497,18,499,-1,499,18,27,-1,489,488,487,-1,487,488,486,-1,481,488,475,-1,475,488,489,-1,499,498,497,-1,497,498,496,-1,26,498,27,-1,27,498,499,-1,500,42,501,-1,501,42,44,-1,501,44,46,-1,500,502,42,-1,42,502,39,-1,39,502,40,-1,40,502,503,-1,40,503,48,-1,503,501,48,-1,48,501,46,-1,504,501,505,-1,505,501,503,-1,505,503,506,-1,506,503,502,-1,506,502,507,-1,507,502,500,-1,507,500,504,-1,504,500,501,-1,508,59,509,-1,509,59,61,-1,509,61,52,-1,508,510,59,-1,59,510,57,-1,57,510,55,-1,55,510,511,-1,55,511,53,-1,511,509,53,-1,53,509,52,-1,512,509,513,-1,513,509,511,-1,513,511,514,-1,514,511,510,-1,514,510,515,-1,515,510,508,-1,515,508,512,-1,512,508,509,-1,516,65,517,-1,517,65,63,-1,518,66,516,-1,516,66,65,-1,519,91,38,-1,519,38,518,-1,518,38,37,-1,518,37,66,-1,91,519,520,-1,91,520,92,-1,92,520,521,-1,92,521,93,-1,93,521,522,-1,93,522,77,-1,77,522,523,-1,77,523,78,-1,78,523,524,-1,78,524,87,-1,87,524,525,-1,87,525,67,-1,67,525,526,-1,67,526,68,-1,68,526,527,-1,68,527,70,-1,70,527,528,-1,70,528,71,-1,71,528,529,-1,71,529,73,-1,73,529,530,-1,73,530,74,-1,74,530,531,-1,74,531,75,-1,75,531,532,-1,75,532,76,-1,76,532,134,-1,134,532,533,-1,134,533,135,-1,135,533,136,-1,136,533,534,-1,136,534,105,-1,535,106,534,-1,534,106,105,-1,106,535,536,-1,106,536,116,-1,116,536,537,-1,116,537,117,-1,117,537,538,-1,117,538,119,-1,119,538,539,-1,119,539,102,-1,540,103,539,-1,539,103,102,-1,103,540,541,-1,103,541,104,-1,104,541,542,-1,104,542,121,-1,543,122,542,-1,542,122,121,-1,544,111,543,-1,543,111,122,-1,545,112,544,-1,544,112,111,-1,546,113,545,-1,545,113,112,-1,113,546,547,-1,113,547,114,-1,114,547,548,-1,114,548,115,-1,549,110,548,-1,548,110,115,-1,110,549,550,-1,110,550,108,-1,108,550,551,-1,108,551,109,-1,109,551,552,-1,109,552,126,-1,126,552,553,-1,126,553,127,-1,127,553,554,-1,127,554,128,-1,128,554,555,-1,128,555,123,-1,123,555,556,-1,123,556,124,-1,124,556,557,-1,124,557,125,-1,125,557,558,-1,125,558,133,-1,559,129,558,-1,558,129,133,-1,129,559,130,-1,130,559,560,-1,130,560,131,-1,132,131,561,-1,561,131,560,-1,132,561,95,-1,95,561,562,-1,95,562,96,-1,96,562,563,-1,96,563,82,-1,82,563,564,-1,82,564,83,-1,83,564,565,-1,83,565,85,-1,85,565,566,-1,85,566,86,-1,86,566,567,-1,86,567,80,-1,80,567,568,-1,80,568,81,-1,81,568,569,-1,81,569,100,-1,100,569,570,-1,100,570,101,-1,101,570,571,-1,101,571,90,-1,90,571,572,-1,90,572,89,-1,89,572,573,-1,89,573,88,-1,88,573,574,-1,88,574,79,-1,79,574,575,-1,79,575,97,-1,97,575,576,-1,97,576,98,-1,576,577,64,-1,64,36,576,-1,576,36,99,-1,576,99,98,-1,578,62,577,-1,577,62,64,-1,578,517,62,-1,62,517,63,-1,579,543,580,-1,580,543,542,-1,578,581,582,-1,552,551,577,-1,577,551,550,-1,577,550,549,-1,582,583,578,-1,578,583,584,-1,578,584,517,-1,517,584,585,-1,541,516,542,-1,542,516,517,-1,542,517,580,-1,580,517,585,-1,563,562,575,-1,575,562,576,-1,549,548,577,-1,577,548,547,-1,577,547,578,-1,578,547,546,-1,578,546,581,-1,581,546,545,-1,581,545,579,-1,579,545,544,-1,579,544,543,-1,516,535,518,-1,518,535,534,-1,518,534,519,-1,519,534,533,-1,519,533,520,-1,520,533,532,-1,520,532,521,-1,558,557,577,-1,577,557,556,-1,577,556,555,-1,541,540,516,-1,516,540,539,-1,516,539,538,-1,562,561,576,-1,576,561,560,-1,576,560,577,-1,577,560,559,-1,577,559,558,-1,538,537,516,-1,516,537,536,-1,516,536,535,-1,570,569,575,-1,555,554,577,-1,577,554,553,-1,577,553,552,-1,570,575,571,-1,531,523,532,-1,532,523,522,-1,532,522,521,-1,569,568,575,-1,575,568,567,-1,575,567,566,-1,531,530,523,-1,523,530,529,-1,523,529,524,-1,524,529,525,-1,566,565,575,-1,575,565,564,-1,575,564,563,-1,574,573,575,-1,575,573,572,-1,575,572,571,-1,525,529,526,-1,526,529,528,-1,526,528,527,-1,580,586,579,-1,579,586,587,-1,586,580,585,-1,586,585,588,-1,588,585,584,-1,588,584,589,-1,589,584,583,-1,589,583,590,-1,582,591,583,-1,583,591,590,-1,581,592,582,-1,582,592,591,-1,587,592,579,-1,579,592,581,-1,593,184,594,-1,594,184,185,-1,184,593,595,-1,184,595,183,-1,183,595,596,-1,183,596,186,-1,186,596,597,-1,186,597,187,-1,187,597,598,-1,187,598,188,-1,188,598,599,-1,188,599,156,-1,156,599,600,-1,156,600,155,-1,155,600,601,-1,155,601,154,-1,154,601,602,-1,154,602,180,-1,180,602,603,-1,180,603,181,-1,604,182,603,-1,603,182,181,-1,605,189,604,-1,604,189,182,-1,189,605,606,-1,189,606,190,-1,190,606,607,-1,190,607,174,-1,608,175,607,-1,607,175,174,-1,609,176,608,-1,608,176,175,-1,176,609,610,-1,176,610,153,-1,153,610,611,-1,153,611,152,-1,152,611,612,-1,152,612,143,-1,143,612,613,-1,143,613,144,-1,144,613,614,-1,144,614,145,-1,145,614,615,-1,145,615,146,-1,146,615,616,-1,146,616,147,-1,147,616,617,-1,147,617,148,-1,148,617,618,-1,148,618,191,-1,191,618,619,-1,191,619,192,-1,192,619,620,-1,192,620,193,-1,193,620,621,-1,193,621,165,-1,165,621,622,-1,165,622,166,-1,166,622,623,-1,166,623,167,-1,167,623,624,-1,167,624,168,-1,168,624,625,-1,168,625,169,-1,169,625,626,-1,169,626,194,-1,194,626,627,-1,194,627,195,-1,628,196,627,-1,627,196,195,-1,204,196,629,-1,629,196,628,-1,204,629,205,-1,205,629,630,-1,205,630,206,-1,206,630,631,-1,206,631,200,-1,200,631,632,-1,200,632,201,-1,201,632,633,-1,201,633,203,-1,203,633,634,-1,203,634,170,-1,170,634,171,-1,171,634,635,-1,171,635,172,-1,172,635,636,-1,172,636,173,-1,173,636,637,-1,173,637,198,-1,638,199,637,-1,637,199,198,-1,199,638,639,-1,199,639,177,-1,177,639,640,-1,177,640,178,-1,178,640,641,-1,178,641,179,-1,179,641,642,-1,179,642,140,-1,140,642,643,-1,140,643,141,-1,141,643,644,-1,141,644,149,-1,149,644,645,-1,149,645,150,-1,150,645,646,-1,150,646,151,-1,151,646,647,-1,151,647,137,-1,137,647,648,-1,137,648,138,-1,138,648,649,-1,138,649,157,-1,157,649,650,-1,157,650,158,-1,158,650,651,-1,158,651,160,-1,160,651,652,-1,160,652,161,-1,161,652,653,-1,161,653,162,-1,654,163,653,-1,653,163,162,-1,655,164,654,-1,654,164,163,-1,656,159,655,-1,655,159,164,-1,159,656,657,-1,159,657,197,-1,197,657,594,-1,197,594,185,-1,658,659,628,-1,628,659,660,-1,630,629,655,-1,605,604,661,-1,630,655,631,-1,641,640,653,-1,629,628,655,-1,655,628,660,-1,655,660,656,-1,656,660,661,-1,656,661,657,-1,657,661,604,-1,657,604,594,-1,594,604,593,-1,662,663,609,-1,609,663,610,-1,610,663,664,-1,610,664,611,-1,640,639,653,-1,653,639,638,-1,653,638,654,-1,654,638,637,-1,654,637,655,-1,655,637,636,-1,655,636,635,-1,597,596,604,-1,604,596,595,-1,604,595,593,-1,609,608,662,-1,662,608,607,-1,662,607,661,-1,661,607,606,-1,661,606,605,-1,611,664,612,-1,612,664,665,-1,612,665,613,-1,644,643,653,-1,653,643,642,-1,653,642,641,-1,666,624,667,-1,667,624,623,-1,667,623,668,-1,668,623,622,-1,668,622,669,-1,669,622,670,-1,658,628,671,-1,671,628,627,-1,671,627,672,-1,672,627,626,-1,672,626,666,-1,666,626,625,-1,666,625,624,-1,652,651,646,-1,646,651,650,-1,646,650,647,-1,647,650,649,-1,647,649,648,-1,603,602,604,-1,604,602,601,-1,604,601,600,-1,600,599,604,-1,604,599,598,-1,604,598,597,-1,613,665,614,-1,614,665,673,-1,614,673,615,-1,615,673,674,-1,615,674,616,-1,616,674,675,-1,616,675,617,-1,632,631,633,-1,633,631,655,-1,633,655,634,-1,634,655,635,-1,652,646,653,-1,653,646,645,-1,653,645,644,-1,675,676,617,-1,617,676,677,-1,617,677,618,-1,618,677,678,-1,618,678,619,-1,619,678,679,-1,619,679,620,-1,620,679,670,-1,620,670,621,-1,621,670,622,-1,671,680,658,-1,658,680,681,-1,680,671,672,-1,680,672,682,-1,682,672,666,-1,682,666,683,-1,683,666,667,-1,683,667,684,-1,684,667,668,-1,684,668,685,-1,685,668,669,-1,685,669,686,-1,686,669,670,-1,686,670,687,-1,687,670,679,-1,687,679,688,-1,688,679,678,-1,688,678,689,-1,689,678,677,-1,689,677,690,-1,690,677,676,-1,690,676,691,-1,691,676,675,-1,691,675,692,-1,692,675,674,-1,692,674,693,-1,693,674,673,-1,693,673,694,-1,694,673,665,-1,694,665,695,-1,695,665,664,-1,695,664,696,-1,696,664,663,-1,696,663,697,-1,697,663,662,-1,697,662,698,-1,661,699,662,-1,662,699,698,-1,660,700,661,-1,661,700,699,-1,700,660,659,-1,700,659,701,-1,701,659,658,-1,701,658,681,-1,702,345,703,-1,703,345,344,-1,345,702,704,-1,345,704,347,-1,347,704,705,-1,347,705,359,-1,359,705,706,-1,359,706,358,-1,707,348,706,-1,706,348,358,-1,708,417,707,-1,707,417,348,-1,417,708,709,-1,417,709,382,-1,382,709,710,-1,382,710,383,-1,383,710,711,-1,383,711,384,-1,384,711,712,-1,384,712,362,-1,362,712,713,-1,362,713,416,-1,416,713,714,-1,416,714,365,-1,365,714,715,-1,365,715,366,-1,366,715,716,-1,366,716,368,-1,368,716,717,-1,368,717,369,-1,369,717,718,-1,369,718,400,-1,400,718,719,-1,400,719,401,-1,720,385,719,-1,719,385,401,-1,721,386,720,-1,720,386,385,-1,722,387,721,-1,721,387,386,-1,387,722,723,-1,387,723,403,-1,403,723,724,-1,403,724,402,-1,725,367,724,-1,724,367,402,-1,726,375,725,-1,725,375,367,-1,375,726,727,-1,375,727,376,-1,376,727,728,-1,376,728,377,-1,377,728,729,-1,377,729,378,-1,378,729,730,-1,378,730,351,-1,351,730,731,-1,351,731,352,-1,352,731,732,-1,352,732,353,-1,353,732,733,-1,353,733,337,-1,337,733,734,-1,337,734,338,-1,338,734,735,-1,338,735,404,-1,404,735,736,-1,404,736,405,-1,405,736,737,-1,405,737,406,-1,738,418,737,-1,737,418,406,-1,418,738,739,-1,418,739,419,-1,419,739,740,-1,419,740,388,-1,741,389,740,-1,740,389,388,-1,389,741,742,-1,389,742,390,-1,390,742,743,-1,390,743,355,-1,355,743,744,-1,355,744,354,-1,354,744,745,-1,354,745,333,-1,333,745,746,-1,333,746,334,-1,334,746,747,-1,334,747,335,-1,335,747,748,-1,335,748,336,-1,336,748,749,-1,336,749,391,-1,391,749,750,-1,391,750,392,-1,392,750,751,-1,392,751,393,-1,393,751,752,-1,393,752,427,-1,427,752,753,-1,427,753,428,-1,754,429,753,-1,753,429,428,-1,429,754,755,-1,429,755,432,-1,432,755,756,-1,432,756,431,-1,757,430,756,-1,756,430,431,-1,430,757,758,-1,430,758,420,-1,420,758,759,-1,420,759,421,-1,421,759,760,-1,421,760,422,-1,422,760,761,-1,422,761,394,-1,394,761,762,-1,394,762,395,-1,395,762,763,-1,395,763,396,-1,396,763,764,-1,396,764,407,-1,407,764,765,-1,407,765,408,-1,408,765,766,-1,408,766,339,-1,339,766,767,-1,339,767,340,-1,340,767,768,-1,340,768,341,-1,341,768,769,-1,341,769,370,-1,370,769,770,-1,370,770,371,-1,371,770,771,-1,371,771,342,-1,342,771,772,-1,342,772,343,-1,343,772,773,-1,343,773,397,-1,397,773,774,-1,397,774,398,-1,775,399,774,-1,774,399,398,-1,399,775,776,-1,399,776,409,-1,409,776,777,-1,409,777,410,-1,778,411,777,-1,777,411,410,-1,411,778,779,-1,411,779,423,-1,423,779,780,-1,423,780,424,-1,781,412,780,-1,780,412,424,-1,412,781,782,-1,412,782,413,-1,413,782,783,-1,413,783,425,-1,425,783,784,-1,425,784,426,-1,785,360,784,-1,784,360,426,-1,786,361,785,-1,785,361,360,-1,361,786,787,-1,361,787,414,-1,414,787,788,-1,414,788,415,-1,415,788,789,-1,415,789,379,-1,379,789,790,-1,379,790,380,-1,380,790,791,-1,380,791,381,-1,381,791,792,-1,381,792,372,-1,372,792,793,-1,372,793,373,-1,373,793,794,-1,373,794,374,-1,374,794,795,-1,374,795,363,-1,363,795,796,-1,363,796,364,-1,364,796,797,-1,364,797,349,-1,798,350,797,-1,797,350,349,-1,350,798,799,-1,350,799,356,-1,356,799,800,-1,356,800,357,-1,801,346,800,-1,800,346,357,-1,801,703,346,-1,346,703,344,-1,738,723,722,-1,706,705,719,-1,738,737,726,-1,726,737,736,-1,754,753,721,-1,721,753,752,-1,721,752,751,-1,801,757,703,-1,703,757,756,-1,723,738,724,-1,724,738,726,-1,724,726,725,-1,745,744,721,-1,721,744,743,-1,721,743,742,-1,765,764,801,-1,801,764,763,-1,742,741,721,-1,721,741,740,-1,721,740,722,-1,722,740,739,-1,722,739,738,-1,751,750,721,-1,721,750,749,-1,721,749,748,-1,705,704,719,-1,719,704,702,-1,719,702,720,-1,789,788,794,-1,797,787,786,-1,729,728,727,-1,702,703,720,-1,720,703,756,-1,720,756,721,-1,721,756,755,-1,721,755,754,-1,711,710,718,-1,718,710,719,-1,707,706,708,-1,708,706,719,-1,708,719,709,-1,709,719,710,-1,801,769,768,-1,760,759,801,-1,801,759,758,-1,801,758,757,-1,794,788,795,-1,801,779,778,-1,736,735,726,-1,726,735,734,-1,726,734,733,-1,748,747,721,-1,721,747,746,-1,721,746,745,-1,778,777,801,-1,801,777,776,-1,801,776,775,-1,733,732,726,-1,726,732,731,-1,726,731,727,-1,727,731,730,-1,727,730,729,-1,768,767,801,-1,801,767,766,-1,801,766,765,-1,787,797,788,-1,788,797,796,-1,788,796,795,-1,793,792,791,-1,786,785,797,-1,797,785,784,-1,797,784,798,-1,798,784,783,-1,798,783,799,-1,799,783,782,-1,799,782,800,-1,800,782,781,-1,800,781,801,-1,801,781,780,-1,801,780,779,-1,775,774,801,-1,801,774,773,-1,801,773,772,-1,718,717,711,-1,711,717,716,-1,711,716,715,-1,763,762,801,-1,801,762,761,-1,801,761,760,-1,793,791,794,-1,794,791,790,-1,794,790,789,-1,772,771,801,-1,801,771,770,-1,801,770,769,-1,714,713,715,-1,715,713,712,-1,715,712,711,-1,802,211,803,-1,803,211,218,-1,804,212,802,-1,802,212,211,-1,805,244,804,-1,804,244,212,-1,244,805,806,-1,244,806,245,-1,245,806,807,-1,245,807,267,-1,267,807,808,-1,267,808,268,-1,268,808,809,-1,268,809,269,-1,269,809,810,-1,269,810,273,-1,273,810,811,-1,273,811,274,-1,274,811,812,-1,274,812,270,-1,270,812,813,-1,270,813,271,-1,271,813,814,-1,271,814,272,-1,272,814,815,-1,272,815,251,-1,251,815,816,-1,251,816,250,-1,250,816,817,-1,250,817,249,-1,249,817,818,-1,249,818,238,-1,238,818,819,-1,238,819,236,-1,236,819,820,-1,236,820,234,-1,234,820,821,-1,234,821,243,-1,243,821,822,-1,243,822,254,-1,254,822,823,-1,254,823,253,-1,253,823,824,-1,253,824,252,-1,252,824,825,-1,252,825,265,-1,265,825,826,-1,265,826,266,-1,266,826,827,-1,266,827,242,-1,242,827,828,-1,242,828,255,-1,255,828,829,-1,255,829,256,-1,256,829,830,-1,256,830,247,-1,247,830,831,-1,247,831,248,-1,248,831,832,-1,248,832,257,-1,257,832,833,-1,257,833,258,-1,258,833,834,-1,258,834,235,-1,835,237,834,-1,834,237,235,-1,836,223,835,-1,835,223,237,-1,223,836,837,-1,223,837,224,-1,224,837,838,-1,224,838,225,-1,225,838,839,-1,225,839,207,-1,207,839,840,-1,207,840,208,-1,208,840,841,-1,208,841,213,-1,213,841,842,-1,213,842,214,-1,214,842,215,-1,215,842,843,-1,215,843,276,-1,276,843,226,-1,226,843,844,-1,226,844,227,-1,227,844,845,-1,227,845,229,-1,229,845,846,-1,229,846,230,-1,230,846,847,-1,230,847,259,-1,259,847,848,-1,259,848,260,-1,260,848,849,-1,260,849,261,-1,261,849,850,-1,261,850,262,-1,262,850,851,-1,262,851,263,-1,263,851,852,-1,263,852,264,-1,264,852,853,-1,264,853,220,-1,220,853,854,-1,220,854,221,-1,221,854,855,-1,221,855,239,-1,239,855,856,-1,239,856,240,-1,240,856,857,-1,240,857,241,-1,241,857,858,-1,241,858,246,-1,246,858,859,-1,246,859,216,-1,216,859,860,-1,216,860,217,-1,217,860,861,-1,217,861,219,-1,219,861,862,-1,219,862,231,-1,231,862,863,-1,231,863,232,-1,864,233,863,-1,863,233,232,-1,864,803,233,-1,233,803,218,-1,804,802,864,-1,864,802,803,-1,805,804,806,-1,806,804,864,-1,806,864,807,-1,807,864,808,-1,848,847,823,-1,863,810,864,-1,864,810,809,-1,864,809,808,-1,823,847,824,-1,824,847,846,-1,824,846,825,-1,825,846,845,-1,825,845,826,-1,826,845,844,-1,826,844,827,-1,827,844,843,-1,827,843,828,-1,828,843,842,-1,828,842,829,-1,829,842,841,-1,829,841,830,-1,830,841,840,-1,830,840,831,-1,831,840,839,-1,831,839,832,-1,832,839,838,-1,832,838,833,-1,833,838,837,-1,833,837,834,-1,834,837,836,-1,834,836,835,-1,821,820,850,-1,863,862,810,-1,810,862,861,-1,810,861,811,-1,811,861,860,-1,811,860,812,-1,812,860,859,-1,812,859,813,-1,823,822,848,-1,848,822,821,-1,848,821,849,-1,849,821,850,-1,859,858,813,-1,813,858,857,-1,813,857,814,-1,814,857,856,-1,814,856,815,-1,815,856,855,-1,815,855,816,-1,816,855,854,-1,816,854,817,-1,817,854,853,-1,817,853,818,-1,818,853,819,-1,819,853,852,-1,819,852,820,-1,820,852,851,-1,820,851,850,-1,865,282,866,-1,866,282,281,-1,866,281,325,-1,282,865,867,-1,282,867,283,-1,283,867,868,-1,283,868,284,-1,284,868,869,-1,284,869,278,-1,870,295,869,-1,869,295,278,-1,295,870,871,-1,295,871,296,-1,296,871,872,-1,296,872,297,-1,297,872,873,-1,297,873,298,-1,298,873,874,-1,298,874,300,-1,300,874,875,-1,300,875,301,-1,301,875,876,-1,301,876,279,-1,279,876,877,-1,279,877,280,-1,280,877,878,-1,280,878,299,-1,299,878,879,-1,299,879,287,-1,287,879,880,-1,287,880,288,-1,288,880,881,-1,288,881,289,-1,289,881,882,-1,289,882,290,-1,290,882,883,-1,290,883,285,-1,285,883,884,-1,285,884,286,-1,286,884,885,-1,286,885,309,-1,309,885,886,-1,309,886,310,-1,310,886,887,-1,310,887,311,-1,311,887,888,-1,311,888,312,-1,312,888,889,-1,312,889,313,-1,313,889,890,-1,313,890,307,-1,307,890,891,-1,307,891,308,-1,308,891,892,-1,308,892,314,-1,893,315,892,-1,892,315,314,-1,894,316,893,-1,893,316,315,-1,316,894,895,-1,316,895,319,-1,319,895,896,-1,319,896,320,-1,320,896,897,-1,320,897,321,-1,321,897,898,-1,321,898,317,-1,317,898,899,-1,317,899,318,-1,318,899,900,-1,318,900,322,-1,322,900,901,-1,322,901,323,-1,323,901,902,-1,323,902,306,-1,306,902,903,-1,306,903,293,-1,293,903,904,-1,293,904,291,-1,291,904,905,-1,291,905,292,-1,906,294,905,-1,905,294,292,-1,907,302,906,-1,906,302,294,-1,302,907,908,-1,302,908,303,-1,303,908,909,-1,303,909,304,-1,910,305,909,-1,909,305,304,-1,305,910,326,-1,326,910,866,-1,326,866,325,-1,880,879,888,-1,888,879,878,-1,888,878,877,-1,877,876,888,-1,888,876,875,-1,888,875,889,-1,889,875,874,-1,889,874,890,-1,907,906,870,-1,870,906,905,-1,870,905,904,-1,874,873,890,-1,890,873,872,-1,890,872,891,-1,891,872,871,-1,866,910,865,-1,865,910,909,-1,865,909,867,-1,867,909,908,-1,867,908,868,-1,868,908,907,-1,868,907,869,-1,869,907,870,-1,904,903,870,-1,870,903,902,-1,870,902,901,-1,882,887,886,-1,887,882,888,-1,888,882,881,-1,888,881,880,-1,901,900,870,-1,870,900,899,-1,870,899,898,-1,898,897,870,-1,870,897,896,-1,870,896,895,-1,895,894,870,-1,870,894,893,-1,870,893,871,-1,871,893,892,-1,871,892,891,-1,886,885,882,-1,882,885,884,-1,882,884,883,-1,591,592,587,-1,587,586,588,-1,588,589,587,-1,587,589,590,-1,587,590,591,-1,697,698,689,-1,699,700,698,-1,698,700,701,-1,698,701,681,-1,697,689,696,-1,681,680,698,-1,698,680,682,-1,698,682,683,-1,696,689,695,-1,695,689,690,-1,695,690,691,-1,683,684,698,-1,698,684,685,-1,698,685,686,-1,691,692,695,-1,695,692,693,-1,695,693,694,-1,686,687,698,-1,698,687,688,-1,698,688,689,-1,
        ]
    }
}
Shape{
    appearance Appearance {
        material  Material 	{
            diffuseColor 0.6470588235294118 0.6196078431372549 0.5882352941176471
            specularColor 0.45098039215686275 0.43529411764705883 0.4117647058823529
            ambientIntensity 0.2
            transparency 0
            shininess 0.5
        }
    }
    geometry IndexedFaceSet {
        ccw TRUE
        solid FALSE
        coord DEF co Coordinate {
            point [
                4.0846 3.4843 -1.1811, 4.0059 3.4055 -1.5748, 3.7894 3.4843 -1.1811, 3.8681 3.4055 -1.5748, 4.0059 3.2874 -1.5748, 4.0846 3.2087 -1.1811, 3.7894 3.2087 -1.1811, 3.8681 3.2874 -1.5748, 3.7894 3.2087 0.3937, 4.0846 3.2087 0.3937, 4.0846 3.4843 0.3937, 3.7894 3.4843 0.3937, 3.3563 0.5782 7.2507, 4.5374 0.5782 7.2507, 4.5374 0.6355 7.1779, 3.3563 0.6355 7.1779, 4.5374 0.6743 7.0938, 3.3563 0.6743 7.0938, 4.5374 0.6923 7.0029, 3.3563 0.6923 7.0029, 4.5374 0.2467 6.5573, 4.0846 0.2467 6.5573, 4.5374 0.2493 6.6421, 4.0846 0.2493 6.6421, 4.5374 0.2699 6.7243, 4.0846 0.2699 6.7243, 4.5374 0.3077 6.8003, 4.0846 0.3077 6.8003, 4.5374 0.3608 6.8663, 4.0846 0.3608 6.8663, 4.5374 0.166 7.0612, 3.3563 0.166 7.0612, 3.3563 0.0685 6.9376, 4.5374 0.0685 6.9376, 3.3563 0.0027 6.7947, 4.5374 0.0027 6.7947, 3.3563 -0.028 6.6403, 4.5374 -0.028 6.6403, 3.3563 -0.0218 6.483, 4.5374 -0.0218 6.483, 3.3563 0.021 6.3316, 4.5374 0.021 6.3316, 3.7894 0.2467 6.5573, 3.3563 0.2467 6.5573, 3.7894 0.2493 6.6421, 3.3563 0.2493 6.6421, 3.7894 0.2699 6.7243, 3.3563 0.2699 6.7243, 3.7894 0.3077 6.8003, 3.3563 0.3077 6.8003, 3.7894 0.3608 6.8663, 3.3563 0.3608 6.8663, 4.5374 0.3833 6.8888, 4.0846 0.3833 6.8888, 4.5374 0.4808 6.7914, 4.0846 0.4808 6.7914, 3.7894 0.3833 6.8888, 3.3563 0.3833 6.8888, 3.7894 0.4808 6.7914, 3.3563 0.4808 6.7914, 4.5374 0.4139 6.9418, 4.5374 0.4021 6.9133, 4.5374 -0.3544 8.1833, 4.5374 -0.5493 7.9884, 4.5374 0.3833 7.0558, 4.5374 0.4021 7.0314, 4.5374 0.4139 7.0029, 4.5374 0.4179 6.9723, 3.3563 0.4021 6.9133, 3.3563 -0.5493 7.9884, 3.3563 -0.3544 8.1833, 3.3563 0.3833 7.0558, 3.3563 0.4021 7.0314, 3.3563 0.4139 7.0029, 3.3563 0.4179 6.9723, 3.3563 0.4139 6.9418, 4.0846 -2.4213 -1.1811, 4.0059 -2.5 -1.5748, 3.7894 -2.4213 -1.1811, 3.8681 -2.5 -1.5748, 4.0059 -2.6181 -1.5748, 4.0846 -2.6969 -1.1811, 3.7894 -2.6969 -1.1811, 3.8681 -2.6181 -1.5748, 3.7894 -2.6969 0.3937, 4.0846 -2.6969 0.3937, 4.0846 -2.4213 0.3937, 3.7894 -2.4213 0.3937, 3.7894 -2.6904 0.9609, 4.0846 -2.6904 0.9609, 4.0846 -2.6683 1.0368, 3.7894 -2.6683 1.0368, 4.0846 -2.6315 1.1068, 3.7894 -2.6315 1.1068, 4.0846 -2.5815 1.168, 3.7894 -2.5815 1.168, 3.3563 -1.6956 2.221, 4.5374 -1.6956 2.221, 4.5374 -1.6382 2.1483, 3.3563 -1.6382 2.1483, 4.5374 -1.5995 2.0641, 3.3563 -1.5995 2.0641, 4.5374 -1.5814 1.9732, 3.3563 -1.5814 1.9732, 4.5374 -2.5815 1.168, 4.5374 -2.4841 1.0706, 4.0846 -2.4841 1.0706, 3.3563 -2.5815 1.168, 3.7894 -2.4841 1.0706, 3.3563 -2.4841 1.0706, 4.5374 -1.8904 1.8591, 4.5374 -1.8717 1.8836, 4.5374 -1.8599 1.9121, 4.5374 -2.6282 3.1536, 4.5374 -2.823 2.9588, 4.5374 -1.8904 2.0262, 4.5374 -1.8717 2.0017, 4.5374 -1.8599 1.9732, 4.5374 -1.8558 1.9426, 3.3563 -1.8904 1.8591, 3.3563 -1.8717 1.8836, 3.3563 -2.823 2.9588, 3.3563 -2.6282 3.1536, 3.3563 -1.8904 2.0262, 3.3563 -1.8717 2.0017, 3.3563 -1.8599 1.9732, 3.3563 -1.8558 1.9426, 3.3563 -1.8599 1.9121, 3.7894 -2.6421 0.9126, 4.0846 -2.6421 0.9126, 4.0846 -2.6421 0.9126
            ]
        }
        coordIndex [
            0,1,2,-1,2,1,3,-1,1,0,4,-1,4,0,5,-1,2,3,6,-1,6,3,7,-1,6,7,5,-1,5,7,4,-1,6,5,8,-1,8,5,9,-1,1,4,3,-1,3,4,7,-1,10,0,11,-1,11,0,2,-1,5,0,9,-1,9,0,10,-1,11,2,8,-1,8,2,6,-1,12,13,14,-1,12,14,15,-1,15,14,16,-1,15,16,17,-1,17,16,18,-1,17,18,19,-1,20,21,22,-1,22,21,23,-1,22,23,24,-1,24,23,25,-1,24,25,26,-1,26,25,27,-1,26,27,28,-1,28,27,29,-1,30,31,32,-1,30,32,33,-1,33,32,34,-1,33,34,35,-1,35,34,36,-1,35,36,37,-1,37,36,38,-1,37,38,39,-1,39,38,40,-1,39,40,41,-1,42,43,44,-1,44,43,45,-1,44,45,46,-1,46,45,47,-1,46,47,48,-1,48,47,49,-1,48,49,50,-1,50,49,51,-1,41,20,39,-1,39,20,22,-1,28,30,26,-1,26,30,33,-1,26,33,24,-1,24,33,35,-1,24,35,22,-1,22,35,37,-1,22,37,39,-1,31,51,32,-1,32,51,49,-1,32,49,34,-1,34,49,47,-1,34,47,36,-1,36,47,45,-1,36,45,38,-1,38,45,43,-1,38,43,40,-1,52,53,54,-1,54,53,55,-1,56,57,58,-1,58,57,59,-1,18,60,54,-1,54,60,61,-1,54,61,52,-1,62,63,13,-1,13,63,64,-1,13,64,14,-1,14,64,65,-1,14,65,16,-1,16,65,66,-1,16,66,18,-1,18,66,67,-1,18,67,60,-1,59,57,68,-1,59,68,19,-1,69,70,71,-1,71,70,12,-1,71,12,72,-1,72,12,15,-1,72,15,73,-1,73,15,17,-1,73,17,74,-1,74,17,19,-1,74,19,75,-1,75,19,68,-1,46,58,44,-1,44,58,42,-1,46,48,58,-1,58,48,50,-1,58,50,56,-1,53,29,55,-1,55,29,27,-1,27,25,55,-1,55,25,23,-1,55,23,21,-1,63,62,69,-1,69,62,70,-1,63,69,64,-1,64,69,71,-1,56,50,53,-1,53,50,29,-1,53,52,61,-1,68,57,56,-1,56,53,68,-1,68,53,61,-1,68,61,75,-1,75,61,60,-1,75,60,74,-1,74,60,67,-1,74,67,73,-1,73,67,66,-1,73,66,72,-1,72,66,65,-1,72,65,71,-1,71,65,64,-1,30,28,29,-1,30,29,31,-1,31,29,50,-1,31,50,51,-1,62,13,70,-1,70,13,12,-1,76,77,78,-1,78,77,79,-1,77,76,80,-1,80,76,81,-1,78,79,82,-1,82,79,83,-1,82,83,81,-1,81,83,80,-1,82,81,84,-1,84,81,85,-1,77,80,79,-1,79,80,83,-1,86,76,87,-1,87,76,78,-1,81,76,85,-1,85,76,86,-1,87,78,84,-1,84,78,82,-1,88,89,90,-1,88,90,91,-1,91,90,92,-1,91,92,93,-1,93,92,94,-1,93,94,95,-1,96,97,98,-1,96,98,99,-1,99,98,100,-1,99,100,101,-1,101,100,102,-1,101,102,103,-1,104,94,105,-1,105,94,106,-1,95,107,108,-1,108,107,109,-1,104,105,110,-1,110,105,102,-1,110,102,111,-1,111,102,112,-1,113,114,97,-1,97,114,115,-1,97,115,98,-1,98,115,116,-1,98,116,100,-1,100,116,117,-1,100,117,102,-1,102,117,118,-1,102,118,112,-1,109,107,103,-1,103,107,119,-1,103,119,120,-1,121,122,123,-1,123,122,96,-1,123,96,124,-1,124,96,99,-1,124,99,125,-1,125,99,101,-1,125,101,126,-1,126,101,103,-1,126,103,127,-1,127,103,120,-1,93,95,108,-1,93,108,91,-1,91,108,128,-1,91,128,88,-1,89,129,90,-1,90,129,106,-1,90,106,92,-1,92,106,94,-1,114,113,121,-1,121,113,122,-1,114,121,115,-1,115,121,123,-1,94,104,110,-1,94,110,95,-1,95,110,119,-1,95,119,107,-1,119,110,120,-1,120,110,111,-1,120,111,127,-1,127,111,112,-1,127,112,126,-1,126,112,118,-1,126,118,125,-1,125,118,117,-1,125,117,124,-1,124,117,116,-1,124,116,123,-1,123,116,115,-1,113,97,122,-1,122,97,96,-1,
        ]
    }
}
Shape{
    appearance Appearance {
        material  Material 	{
            diffuseColor 0.396078431372549 0.396078431372549 0.396078431372549
            specularColor 0.027450980392156862 0.027450980392156862 0.027450980392156862
            ambientIntensity 0.2
            transparency 0
            shininess 0.5
        }
    }
    geometry IndexedFaceSet {
        ccw TRUE
        solid FALSE
        coord DEF co Coordinate {
            point [
                5.1181 1.0236 10.1181, 5.1181 4.1732 0.0, 5.1181 2.5984 10.1181, 5.1181 4.1732 10.5118, 5.1181 2.5984 10.5118, 5.1181 -2.317 4.0215, 5.1181 -4.1732 2.1654, 5.1181 -3.593 0.0, 5.1181 -3.204 0.0, 5.1181 -1.3636 0.0, 5.1181 -0.2762 0.0, 5.1181 -0.0743 0.0, 5.1181 0.1238 0.0, 5.1181 0.3346 0.0, 5.1181 -2.317 6.7774, 5.1181 1.8054 0.0, -0.1476 -2.6421 0.9126, -0.1476 -2.4841 1.0706, -0.7874 -2.6421 0.9126, -0.5807 -2.4841 1.0706, -0.5807 -1.5814 1.9732, 0.1476 -2.4841 1.0706, 0.1476 -2.6421 0.9126, 0.6004 -2.4841 1.0706, 0.7874 -2.6421 0.9126, 0.6004 -1.5814 1.9732, 0.7874 -0.9718 2.5829, -0.7874 -0.9718 2.5829, 0.7874 -2.317 6.1869, 0.9843 -2.317 6.7774, -0.7874 -2.317 6.1869, -0.9843 -2.317 6.7774, -0.7874 -2.317 4.2184, -0.9843 -2.317 4.0215, 0.7874 -2.317 4.2184, 0.9843 -2.317 4.0215, -0.3614 0.5078 0.0, -0.3614 0.3674 0.0, -0.3695 0.3654 0.0, -0.2657 3.0906 0.0, 0.0151 3.0906 0.0, 0.0151 1.8054 0.0, -0.2657 3.6024 0.0, -0.3614 4.1732 0.0, 0.0151 3.6024 0.0, 0.0151 4.1732 0.0, 0.2657 3.6024 0.0, 0.9843 4.1732 0.0, 0.2657 3.0906 0.0, 0.9843 1.8054 0.0, 0.0151 -1.3636 0.0, 0.9843 -1.3636 0.0, 0.2657 -2.3031 0.0, 0.2657 -2.815 0.0, 0.9843 -3.204 0.0, 0.0151 -2.815 0.0, 0.0151 -3.204 0.0, -0.2657 -2.815 0.0, -0.3614 -3.204 0.0, -0.2657 -2.3031 0.0, -0.3614 -1.3636 0.0, 0.0151 -2.3031 0.0, -0.2108 0.4722 0.0, -0.2294 0.3952 0.0, -0.3484 0.5056 0.0, -0.3138 0.377 0.0, -0.3569 0.3685 0.0, -0.3759 0.3615 0.0, -0.3759 0.3611 0.0, -0.9843 0.3346 0.0, -0.3759 0.3607 0.0, -0.3758 0.3603 0.0, -0.3695 0.3346 0.0, -0.3755 0.36 0.0, -0.375 0.3596 0.0, -0.3742 0.3591 0.0, -0.3729 0.3588 0.0, -0.3749 0.3629 0.0, -0.3755 0.3623 0.0, -0.3734 0.5103 0.0, -0.3749 0.5134 0.0, -0.375 0.513 0.0, -0.3725 0.5149 0.0, -0.3734 0.5146 0.0, -0.9843 1.8054 0.0, -0.3741 0.5143 0.0, -0.3746 0.5139 0.0, -0.3757 0.3619 0.0, -0.3742 0.5109 0.0, -0.3747 0.5114 0.0, -0.3749 0.5119 0.0, -0.3705 0.3651 0.0, -0.3725 0.3644 0.0, -0.3738 0.3636 0.0, -0.3695 1.8054 0.0, -0.3695 0.5154 0.0, -0.3711 0.5151 0.0, -0.3715 0.5096 0.0, -0.371 0.5095 0.0, -0.3695 0.5092 0.0, -0.3751 0.5127 0.0, -0.3751 0.5124 0.0, -0.3138 0.3561 0.0, -0.3087 0.3589 0.0, -0.284 0.3663 0.0, -0.3591 0.3572 0.0, -0.3354 0.3544 0.0, -0.3614 0.3346 0.0, -0.3075 0.5148 0.0, -0.3111 0.5172 0.0, -0.2974 0.5112 0.0, 0.0112 0.4387 0.0, -0.2317 0.4936 0.0, -0.2601 0.5004 0.0, -0.2735 0.5035 0.0, -0.2867 0.5072 0.0, -0.3244 0.3536 0.0, -0.3192 0.3538 0.0, 0.0151 0.3346 0.0, -0.316 0.3549 0.0, -0.3614 1.8054 0.0, -0.2589 0.3725 0.0, 0.0112 0.4308 0.0, -0.3162 0.5202 0.0, -0.3209 0.5197 0.0, -0.3292 0.5192 0.0, -0.3135 0.5192 0.0, -0.3144 0.5198 0.0, -0.3151 0.52 0.0, -0.3563 0.5169 0.0, -0.3614 0.5163 0.0, -0.3659 0.5157 0.0, -0.369 0.5155 0.0, -0.3309 0.5191 0.0, -0.3695 0.3583 0.0, -0.367 0.358 0.0, -0.3614 0.3574 0.0, -0.3343 0.1458 0.0, -0.334 0.1461 0.0, 0.0151 0.1238 0.0, -0.3378 0.1452 0.0, -0.3372 0.145 0.0, -0.3614 0.1238 0.0, -0.0024 0.2545 0.0, -0.0055 0.2673 0.0, -0.0108 0.2775 0.0, -0.0187 0.2866 0.0, -0.0311 0.2955 0.0, -0.052 0.3038 0.0, -0.3367 0.1449 0.0, -0.3362 0.1449 0.0, -0.3354 0.1453 0.0, -0.0013 0.2369 0.0, -0.0023 0.2244 0.0, -0.0139 0.1451 0.0, -0.015 0.1447 0.0, -0.0164 0.1445 0.0, -0.3338 0.1463 0.0, -0.3336 0.1468 0.0, -0.0369 0.1673 0.0, -0.3336 0.147 0.0, -0.3334 0.1482 0.0, -0.3336 0.1504 0.0, -0.3336 0.1582 0.0, -0.3336 0.1673 0.0, -0.3015 0.2991 0.0, -0.3219 0.2878 0.0, -0.3338 0.278 0.0, -0.3416 0.2679 0.0, -0.3443 0.2626 0.0, -0.3625 0.1698 0.0, -0.3614 0.1682 0.0, -0.3599 0.1661 0.0, -0.3523 0.158 0.0, -0.012 0.1786 0.0, -0.0109 0.1905 0.0, -0.0047 0.212 0.0, -0.3407 0.1472 0.0, -0.3395 0.1463 0.0, -0.3385 0.1456 0.0, -0.013 0.1458 0.0, -0.012 0.1469 0.0, -0.0138 0.1572 0.0, -0.0226 0.1473 0.0, -0.0245 0.1498 0.0, -0.033 0.1599 0.0, -0.0209 0.1459 0.0, -0.0191 0.1449 0.0, -0.0179 0.1446 0.0, -0.0138 0.169 0.0, -0.0129 0.1738 0.0, -0.1136 0.3128 0.0, -0.1972 0.3157 0.0, -0.265 0.3097 0.0, -0.3478 0.2509 0.0, -0.3529 0.2149 0.0, -0.3558 0.19 0.0, -0.0351 0.1635 0.0, -0.3495 0.1554 0.0, -0.3422 0.1486 0.0, -0.3629 0.1729 0.0, -0.3631 0.1724 0.0, -0.3695 0.1238 0.0, -0.363 0.1709 0.0, -0.3583 0.1807 0.0, -0.3614 0.1755 0.0, -0.3618 0.1748 0.0, -0.3348 -0.1183 0.0, -0.3467 -0.128 0.0, -0.3614 -0.0743 0.0, 0.0151 -0.0743 0.0, -0.0018 -0.1065 0.0, -0.153 -0.1065 0.0, -0.3548 -0.1391 0.0, -0.3603 -0.1524 0.0, -0.3614 -0.1597 0.0, 0.0044 -0.1716 0.0, 0.0001 -0.1551 0.0, -0.0018 -0.115 0.0, -0.007 -0.1422 0.0, -0.0566 -0.2371 0.0, -0.0272 -0.2234 0.0, 0.0151 -0.2762 0.0, -0.2226 -0.098 0.0, -0.2898 -0.1023 0.0, -0.3161 -0.109 0.0, -0.3614 -0.1754 0.0, -0.3612 -0.1798 0.0, -0.3614 -0.2762 0.0, -0.3562 -0.1946 0.0, -0.3482 -0.2076 0.0, -0.0179 -0.1302 0.0, -0.0262 -0.124 0.0, -0.0352 -0.119 0.0, -0.2063 -0.2379 0.0, -0.2521 -0.1099 0.0, -0.1086 -0.2348 0.0, -0.2221 -0.1071 0.0, -0.0892 -0.2313 0.0, -0.0125 -0.211 0.0, -0.0021 -0.1971 0.0, 0.0024 -0.1884 0.0, -0.3433 -0.1716 0.0, -0.2872 -0.2239 0.0, -0.153 -0.1172 0.0, -0.0733 -0.122 0.0, 0.0041 -0.1811 0.0, -0.3309 -0.1366 0.0, -0.3215 -0.1283 0.0, -0.0497 -0.218 0.0, -0.0334 -0.2077 0.0, -0.0244 -0.1986 0.0, -0.3353 -0.1951 0.0, -0.3275 -0.2034 0.0, -0.3108 -0.215 0.0, -0.3423 -0.159 0.0, -0.3378 -0.1467 0.0, -0.307 -0.1208 0.0, -0.2693 -0.1125 0.0, -0.3374 -0.2174 0.0, -0.3135 -0.2309 0.0, -0.2627 -0.2463 0.0, -0.2578 -0.2472 0.0, -0.1507 -0.2539 0.0, -0.1185 -0.2509 0.0, -0.3399 -0.1878 0.0, -0.3423 -0.1804 0.0, -0.0475 -0.1291 0.0, -0.0329 -0.1367 0.0, -0.0249 -0.1436 0.0, -0.0143 -0.1671 0.0, -0.015 -0.1789 0.0, -0.0184 -0.189 0.0, -0.0186 -0.1526 0.0, -0.0154 -0.1614 0.0, -0.3695 -0.0743 0.0, -0.362 -0.1637 0.0, -0.3695 -0.2762 0.0, -0.0477 -0.4037 0.0, -0.3207 -0.3219 0.0, -0.3195 -0.3194 0.0, 0.0151 -0.417 0.0, -0.012 -0.3953 0.0, -0.0247 -0.4013 0.0, -0.0408 -0.4036 0.0, -0.345 -0.2962 0.0, -0.3462 -0.2968 0.0, -0.3369 -0.3 0.0, -0.3389 -0.2981 0.0, -0.3404 -0.2972 0.0, -0.3428 -0.2965 0.0, -0.3392 -0.42 0.0, -0.3342 -0.4196 0.0, -0.352 -0.4215 0.0, -0.3008 -0.4185 0.0, -0.3365 -0.4037 0.0, -0.3328 -0.3601 0.0, -0.3296 -0.3394 0.0, -0.3281 -0.3325 0.0, -0.3312 -0.3062 0.0, -0.3261 -0.3284 0.0, -0.3232 -0.3248 0.0, -0.046 -0.4185 0.0, -0.0183 -0.4189 0.0, 0.0089 -0.423 0.0, -0.3548 -0.4215 0.0, -0.3502 -0.3249 0.0, -0.3544 -0.3651 0.0, -0.3468 -0.2973 0.0, -0.3473 -0.2981 0.0, -0.3478 -0.2993 0.0, -0.348 -0.3015 0.0, -0.3483 -0.3119 0.0, -0.3552 -0.3755 0.0, -0.3575 -0.3992 0.0, -0.3586 -0.4123 0.0, -0.359 -0.4189 0.0, -0.3585 -0.4195 0.0, -0.3595 -0.4153 0.0, -0.3595 -0.4169 0.0, -0.3594 -0.418 0.0, -0.3577 -0.4203 0.0, -0.3561 -0.4211 0.0, 0.0146 -0.4241 0.0, 0.0151 -0.4236 0.0, 0.0191 -0.4202 0.0, 0.9843 -0.2762 0.0, -0.3614 -3.593 0.0, 0.0151 -3.593 0.0, 0.9843 -3.593 0.0, -0.3695 -1.3636 0.0, -0.3695 -3.204 0.0, -0.3695 -3.593 0.0, -0.36 -0.0373 0.0, -0.3594 -0.0387 0.0, -0.3584 -0.04 0.0, -0.3572 -0.041 0.0, -0.339 0.1017 0.0, -0.3394 0.1011 0.0, -0.0123 -0.0507 0.0, -0.0119 -0.0506 0.0, -0.0116 -0.0504 0.0, -0.0109 -0.0491 0.0, -0.0107 -0.0482 0.0, -0.1604 -0.0203 0.0, -0.1542 0.0273 0.0, -0.0358 -0.0203 0.0, -0.1502 0.0469 0.0, -0.1394 0.0703 0.0, -0.0194 0.0868 0.0, -0.0206 0.0777 0.0, -0.3363 0.1031 0.0, -0.3375 0.1028 0.0, -0.3385 0.1022 0.0, -0.3603 -0.0358 0.0, -0.3601 -0.033 0.0, -0.0223 0.0644 0.0, -0.0239 0.051 0.0, -0.1423 0.0652 0.0, -0.1457 0.0595 0.0, 0.0066 0.0732 0.0, -0.0103 0.0895 0.0, -0.161 0.0893 0.0, -0.0189 0.0893 0.0, -0.0192 0.0884 0.0, -0.1629 0.0888 0.0, -0.1637 0.0883 0.0, -0.3132 0.085 0.0, -0.1647 0.0872 0.0, -0.1652 0.0862 0.0, -0.0113 -0.05 0.0, -0.0112 -0.0499 0.0, -0.0168 0.0915 0.0, -0.0175 0.0911 0.0, -0.0183 0.0903 0.0, -0.3309 0.1009 0.0, -0.3329 0.1024 0.0, -0.3341 0.1029 0.0, -0.3352 0.1032 0.0, -0.0146 0.0917 0.0, -0.0154 0.0918 0.0, -0.0162 0.0917 0.0, -0.1575 0.088 0.0, -0.1588 0.0887 0.0, -0.16 0.0892 0.0, -0.1802 -0.0203 0.0, -0.3336 -0.0203 0.0, -0.3218 0.0641 0.0, -0.3523 0.0035 0.0, -0.3569 -0.0225 0.0, -0.3592 -0.0289 0.0, -0.3555 -0.0417 0.0, -0.3533 -0.0421 0.0, -0.349 -0.0418 0.0, -0.0187 -0.05 0.0, -0.0164 -0.0506 0.0, -0.015 -0.0507 0.0, -0.0108 -0.0466 0.0, -0.0109 -0.0458 0.0, -0.0126 -0.035 0.0, -0.1654 0.0853 0.0, -0.1655 0.0839 0.0, -0.3161 0.08 0.0, -0.3197 0.0723 0.0, -0.3397 0.1002 0.0, -0.3399 0.0979 0.0, -0.3399 0.0975 0.0, -0.0139 -0.0507 0.0, -0.0127 -0.0508 0.0, -0.0138 -0.0254 0.0, -0.0138 -0.0157 0.0, -0.0138 -0.0141 0.0, -0.0081 0.0301 0.0, -0.0041 0.0496 0.0, -0.0122 0.0906 0.0, -0.0136 0.0913 0.0, -0.162 0.0892 0.0, -0.1559 0.0868 0.0, -0.3404 0.089 0.0, -0.3457 0.0462 0.0, -0.0288 -0.0427 0.0, -0.0243 -0.0464 0.0, -0.0212 -0.0487 0.0, -0.0135 -0.003 0.0, -0.012 0.008 0.0, 0.0015 0.0652 0.0, 0.0033 0.0681 0.0, -0.3347 -0.0382 0.0, -0.32 -0.0367 0.0, -0.3093 -0.0367 0.0, -0.0358 -0.0367 0.0, -0.2951 -0.0361 0.0, -0.3022 -0.0364 0.0, -0.9843 0.1238 0.0, -0.9843 -0.0743 0.0, -0.9843 -0.2762 0.0, -0.9843 -1.3636 0.0, -0.9843 -3.204 0.0, -0.9843 -3.593 0.0, 0.9843 0.3346 0.0, 0.9843 0.1238 0.0, 0.9843 -0.0743 0.0, -0.9843 4.1732 0.0, -0.3695 4.1732 0.0, -0.9843 -4.1732 2.1654, 0.9843 -4.1732 2.1654, -0.7874 -4.034 2.3045, -0.7874 -2.9205 3.4181, 0.7874 -4.034 2.3045, 0.7874 -2.9205 3.4181, -0.7874 0.1885 9.2829, -0.7874 1.0236 10.1181, -0.9843 1.0236 10.1181, -0.7874 -0.6467 8.4478, 0.7874 0.1885 9.2829, 0.7874 -0.6467 8.4478, 0.7874 1.0236 10.1181, 0.9843 1.0236 10.1181, 0.7874 -2.0943 7.0002, -0.7874 -2.0943 7.0002, 0.9843 2.5984 10.1181, -0.9843 2.5984 10.1181, -0.9843 2.5984 10.5118, 0.9843 2.5984 10.5118, -0.9843 4.1732 10.5118, 0.9843 4.1732 10.5118, 0.7874 1.5804 7.891, -0.7874 1.5804 7.891, 0.7874 2.4156 8.7262, -0.7874 2.4156 8.7262, 0.7874 -0.7024 5.6082, -0.7874 -0.7024 5.6082, 0.6004 0.2467 6.5573, 0.6004 0.021 6.3316, -0.5807 0.2467 6.5573, -0.7874 1.302 7.6126, -0.5807 0.021 6.3316, -0.1476 0.2467 6.5573, -0.1476 0.4808 6.7914, -0.5807 0.4808 6.7914, -0.5807 0.6923 7.0029, 0.7874 1.302 7.6126, 0.6004 0.6923 7.0029, 0.6004 0.4808 6.7914, 0.1476 0.4808 6.7914, 0.1476 0.2467 6.5573, 0.7874 -0.424 8.2251, -0.7874 -0.424 8.2251, 0.7874 0.1328 8.7818, -0.7874 0.1328 8.7818, 0.7874 -1.9093 3.8107, -0.7874 -1.9093 3.8107, 0.7874 -0.9251 4.795, -0.7874 -0.9251 4.795, -0.1476 -2.6904 0.9609, 0.1476 -2.6904 0.9609, 0.7874 -2.6978 3.1954, -0.7874 -2.6978 3.1954, 0.7874 -2.141 3.7522, -0.7874 -2.141 3.7522, -0.2657 3.6024 0.3937, 0.2657 3.6024 0.3937, -0.2657 3.0906 0.3937, 0.2657 3.0906 0.3937, 0.1476 3.4843 0.3937, 0.1476 3.2087 0.3937, -0.1476 3.2087 0.3937, -0.1476 3.4843 0.3937, -0.2657 -2.3031 0.3937, 0.2657 -2.3031 0.3937, -0.2657 -2.815 0.3937, 0.2657 -2.815 0.3937, 0.1476 -2.4213 0.3937, 0.1476 -2.6969 0.3937, -0.1476 -2.6969 0.3937, -0.1476 -2.4213 0.3937, -0.3138 0.377 0.0039, -0.2294 0.3952 0.0039, -0.3569 0.3685 0.0039, -0.3705 0.3651 0.0039, -0.3725 0.3644 0.0039, -0.3738 0.3636 0.0039, -0.3749 0.3629 0.0039, -0.3755 0.3623 0.0039, -0.3757 0.3619 0.0039, -0.3759 0.3615 0.0039, -0.3759 0.3611 0.0039, -0.3759 0.3607 0.0039, -0.3758 0.3603 0.0039, -0.3755 0.36 0.0039, -0.375 0.3596 0.0039, -0.3742 0.3591 0.0039, -0.3729 0.3588 0.0039, -0.367 0.358 0.0039, -0.3591 0.3572 0.0039, -0.3354 0.3544 0.0039, -0.3244 0.3536 0.0039, -0.3192 0.3538 0.0039, -0.316 0.3549 0.0039, -0.3138 0.3561 0.0039, -0.3087 0.3589 0.0039, -0.284 0.3663 0.0039, -0.2589 0.3725 0.0039, 0.0112 0.4308 0.0039, 0.0112 0.4387 0.0039, -0.2317 0.4936 0.0039, -0.2601 0.5004 0.0039, -0.2735 0.5035 0.0039, -0.2867 0.5072 0.0039, -0.2974 0.5112 0.0039, -0.3075 0.5148 0.0039, -0.3111 0.5172 0.0039, -0.3135 0.5192 0.0039, -0.3144 0.5198 0.0039, -0.3151 0.52 0.0039, -0.3162 0.5202 0.0039, -0.3209 0.5197 0.0039, -0.3292 0.5192 0.0039, -0.3309 0.5191 0.0039, -0.3563 0.5169 0.0039, -0.3659 0.5157 0.0039, -0.369 0.5155 0.0039, -0.3711 0.5151 0.0039, -0.3725 0.5149 0.0039, -0.3734 0.5146 0.0039, -0.3741 0.5143 0.0039, -0.3746 0.5139 0.0039, -0.3749 0.5134 0.0039, -0.375 0.513 0.0039, -0.3751 0.5127 0.0039, -0.3751 0.5124 0.0039, -0.3749 0.5119 0.0039, -0.3747 0.5114 0.0039, -0.3742 0.5109 0.0039, -0.3734 0.5103 0.0039, -0.3715 0.5096 0.0039, -0.371 0.5095 0.0039, -0.3484 0.5056 0.0039, -0.2108 0.4722 0.0039, -0.0432 0.4348 0.0039, -0.2096 0.3979 0.0039, -0.2023 0.471 0.0039, -0.1876 0.4557 0.0039, -0.1972 0.4415 0.0039, -0.1999 0.4366 0.0039, -0.205 0.4202 0.0039, -0.2096 0.3979 0.0, -0.0432 0.4348 0.0, -0.205 0.4202 0.0, -0.1999 0.4366 0.0, -0.1972 0.4415 0.0, -0.1876 0.4557 0.0, -0.2023 0.471 0.0, -0.0245 0.1498 0.0039, -0.033 0.1599 0.0039, -0.0226 0.1473 0.0039, -0.0209 0.1459 0.0039, -0.0191 0.1449 0.0039, -0.0179 0.1446 0.0039, -0.0164 0.1445 0.0039, -0.015 0.1447 0.0039, -0.0139 0.1451 0.0039, -0.013 0.1458 0.0039, -0.012 0.1469 0.0039, -0.0138 0.1572 0.0039, -0.0138 0.169 0.0039, -0.0129 0.1738 0.0039, -0.012 0.1786 0.0039, -0.0109 0.1905 0.0039, -0.0047 0.212 0.0039, -0.0023 0.2244 0.0039, -0.0013 0.2369 0.0039, -0.0024 0.2545 0.0039, -0.0055 0.2673 0.0039, -0.0108 0.2775 0.0039, -0.0187 0.2866 0.0039, -0.0311 0.2955 0.0039, -0.052 0.3038 0.0039, -0.1136 0.3128 0.0039, -0.1972 0.3157 0.0039, -0.265 0.3097 0.0039, -0.3015 0.2991 0.0039, -0.3219 0.2878 0.0039, -0.3338 0.278 0.0039, -0.3416 0.2679 0.0039, -0.3443 0.2626 0.0039, -0.3478 0.2509 0.0039, -0.3529 0.2149 0.0039, -0.3558 0.19 0.0039, -0.3583 0.1807 0.0039, -0.3618 0.1748 0.0039, -0.3629 0.1729 0.0039, -0.3631 0.1724 0.0039, -0.363 0.1709 0.0039, -0.3625 0.1698 0.0039, -0.3599 0.1661 0.0039, -0.3523 0.158 0.0039, -0.3495 0.1554 0.0039, -0.3422 0.1486 0.0039, -0.3407 0.1472 0.0039, -0.3395 0.1463 0.0039, -0.3385 0.1456 0.0039, -0.3378 0.1452 0.0039, -0.3372 0.145 0.0039, -0.3367 0.1449 0.0039, -0.3362 0.1449 0.0039, -0.3354 0.1453 0.0039, -0.3343 0.1458 0.0039, -0.334 0.1461 0.0039, -0.3338 0.1463 0.0039, -0.3336 0.1468 0.0039, -0.3336 0.147 0.0039, -0.3334 0.1482 0.0039, -0.3336 0.1504 0.0039, -0.3336 0.1582 0.0039, -0.3336 0.1673 0.0039, -0.0369 0.1673 0.0039, -0.0351 0.1635 0.0039, -0.3325 0.2007 0.0039, -0.3329 0.1919 0.0039, -0.3325 0.1832 0.0039, -0.033 0.1832 0.0039, -0.0284 0.1939 0.0039, -0.0229 0.218 0.0039, -0.0211 0.2426 0.0039, -0.0239 0.2576 0.0039, -0.3242 0.2557 0.0039, -0.3202 0.2648 0.0039, -0.3148 0.2717 0.0039, -0.3065 0.2781 0.0039, -0.2796 0.2899 0.0039, -0.3297 0.2256 0.0039, -0.3274 0.243 0.0039, -0.0282 0.2685 0.0039, -0.0331 0.2752 0.0039, -0.0412 0.282 0.0039, -0.0534 0.2883 0.0039, -0.0704 0.2932 0.0039, -0.1474 0.2999 0.0039, -0.2223 0.2992 0.0039, -0.3297 0.2256 0.0, -0.3325 0.2007 0.0, -0.3274 0.243 0.0, -0.3242 0.2557 0.0, -0.3202 0.2648 0.0, -0.3148 0.2717 0.0, -0.3065 0.2781 0.0, -0.2796 0.2899 0.0, -0.2223 0.2992 0.0, -0.1474 0.2999 0.0, -0.0704 0.2932 0.0, -0.0534 0.2883 0.0, -0.0412 0.282 0.0, -0.0331 0.2752 0.0, -0.0282 0.2685 0.0, -0.0239 0.2576 0.0, -0.0211 0.2426 0.0, -0.0229 0.218 0.0, -0.0284 0.1939 0.0, -0.033 0.1832 0.0, -0.3325 0.1832 0.0, -0.3329 0.1919 0.0, -0.1542 0.0273 0.0039, -0.1604 -0.0203 0.0039, -0.1502 0.0469 0.0039, -0.1457 0.0595 0.0039, -0.1423 0.0652 0.0039, -0.1394 0.0703 0.0039, -0.1559 0.0868 0.0039, -0.1575 0.088 0.0039, -0.1588 0.0887 0.0039, -0.16 0.0892 0.0039, -0.161 0.0893 0.0039, -0.162 0.0892 0.0039, -0.1629 0.0888 0.0039, -0.1637 0.0883 0.0039, -0.1647 0.0872 0.0039, -0.1652 0.0862 0.0039, -0.1654 0.0853 0.0039, -0.1655 0.0839 0.0039, -0.1802 -0.0203 0.0039, -0.3336 -0.0203 0.0039, -0.3218 0.0641 0.0039, -0.3197 0.0723 0.0039, -0.3161 0.08 0.0039, -0.3132 0.085 0.0039, -0.3309 0.1009 0.0039, -0.3329 0.1024 0.0039, -0.3341 0.1029 0.0039, -0.3352 0.1032 0.0039, -0.3363 0.1031 0.0039, -0.3375 0.1028 0.0039, -0.3385 0.1022 0.0039, -0.339 0.1017 0.0039, -0.3394 0.1011 0.0039, -0.3397 0.1002 0.0039, -0.3399 0.0979 0.0039, -0.3399 0.0975 0.0039, -0.3404 0.089 0.0039, -0.3457 0.0462 0.0039, -0.3523 0.0035 0.0039, -0.3569 -0.0225 0.0039, -0.3592 -0.0289 0.0039, -0.3601 -0.033 0.0039, -0.3603 -0.0358 0.0039, -0.36 -0.0373 0.0039, -0.3594 -0.0387 0.0039, -0.3584 -0.04 0.0039, -0.3572 -0.041 0.0039, -0.3555 -0.0417 0.0039, -0.3533 -0.0421 0.0039, -0.349 -0.0418 0.0039, -0.3347 -0.0382 0.0039, -0.32 -0.0367 0.0039, -0.3093 -0.0367 0.0039, -0.3022 -0.0364 0.0039, -0.2951 -0.0361 0.0039, -0.0358 -0.0367 0.0039, -0.0288 -0.0427 0.0039, -0.0243 -0.0464 0.0039, -0.0212 -0.0487 0.0039, -0.0187 -0.05 0.0039, -0.0164 -0.0506 0.0039, -0.015 -0.0507 0.0039, -0.0139 -0.0507 0.0039, -0.0127 -0.0508 0.0039, -0.0123 -0.0507 0.0039, -0.0119 -0.0506 0.0039, -0.0116 -0.0504 0.0039, -0.0113 -0.05 0.0039, -0.0112 -0.0499 0.0039, -0.0109 -0.0491 0.0039, -0.0107 -0.0482 0.0039, -0.0108 -0.0466 0.0039, -0.0109 -0.0458 0.0039, -0.0126 -0.035 0.0039, -0.0138 -0.0254 0.0039, -0.0138 -0.0157 0.0039, -0.0138 -0.0141 0.0039, -0.0135 -0.003 0.0039, -0.012 0.008 0.0039, -0.0081 0.0301 0.0039, -0.0041 0.0496 0.0039, 0.0015 0.0652 0.0039, 0.0033 0.0681 0.0039, 0.0066 0.0732 0.0039, -0.0103 0.0895 0.0039, -0.0122 0.0906 0.0039, -0.0136 0.0913 0.0039, -0.0146 0.0917 0.0039, -0.0154 0.0918 0.0039, -0.0162 0.0917 0.0039, -0.0168 0.0915 0.0039, -0.0175 0.0911 0.0039, -0.0183 0.0903 0.0039, -0.0189 0.0893 0.0039, -0.0192 0.0884 0.0039, -0.0194 0.0868 0.0039, -0.0206 0.0777 0.0039, -0.0223 0.0644 0.0039, -0.0239 0.051 0.0039, -0.0358 -0.0203 0.0039, -0.0018 -0.1065 0.0039, -0.0018 -0.115 0.0039, -0.153 -0.1065 0.0039, -0.153 -0.1172 0.0039, -0.0733 -0.122 0.0039, -0.0475 -0.1291 0.0039, -0.0329 -0.1367 0.0039, -0.0249 -0.1436 0.0039, -0.0186 -0.1526 0.0039, -0.0154 -0.1614 0.0039, -0.0143 -0.1671 0.0039, -0.015 -0.1789 0.0039, -0.0184 -0.189 0.0039, -0.0244 -0.1986 0.0039, -0.0334 -0.2077 0.0039, -0.0497 -0.218 0.0039, -0.0892 -0.2313 0.0039, -0.1086 -0.2348 0.0039, -0.2063 -0.2379 0.0039, -0.2872 -0.2239 0.0039, -0.3108 -0.215 0.0039, -0.3275 -0.2034 0.0039, -0.3353 -0.1951 0.0039, -0.3399 -0.1878 0.0039, -0.3423 -0.1804 0.0039, -0.3433 -0.1716 0.0039, -0.3423 -0.159 0.0039, -0.3378 -0.1467 0.0039, -0.3309 -0.1366 0.0039, -0.3215 -0.1283 0.0039, -0.307 -0.1208 0.0039, -0.2693 -0.1125 0.0039, -0.2521 -0.1099 0.0039, -0.2221 -0.1071 0.0039, -0.2226 -0.098 0.0039, -0.2898 -0.1023 0.0039, -0.3161 -0.109 0.0039, -0.3348 -0.1183 0.0039, -0.3467 -0.128 0.0039, -0.3548 -0.1391 0.0039, -0.3603 -0.1524 0.0039, -0.362 -0.1637 0.0039, -0.3612 -0.1798 0.0039, -0.3562 -0.1946 0.0039, -0.3482 -0.2076 0.0039, -0.3374 -0.2174 0.0039, -0.3135 -0.2309 0.0039, -0.2627 -0.2463 0.0039, -0.2578 -0.2472 0.0039, -0.1507 -0.2539 0.0039, -0.1185 -0.2509 0.0039, -0.0566 -0.2371 0.0039, -0.0272 -0.2234 0.0039, -0.0125 -0.211 0.0039, -0.0021 -0.1971 0.0039, 0.0024 -0.1884 0.0039, 0.0041 -0.1811 0.0039, 0.0044 -0.1716 0.0039, 0.0001 -0.1551 0.0039, -0.007 -0.1422 0.0039, -0.0179 -0.1302 0.0039, -0.0262 -0.124 0.0039, -0.0352 -0.119 0.0039, -0.012 -0.3953 0.0039, 0.0191 -0.4202 0.0039, -0.0247 -0.4013 0.0039, -0.0408 -0.4036 0.0039, -0.0477 -0.4037 0.0039, -0.3365 -0.4037 0.0039, -0.3328 -0.3601 0.0039, -0.3296 -0.3394 0.0039, -0.3281 -0.3325 0.0039, -0.3261 -0.3284 0.0039, -0.3232 -0.3248 0.0039, -0.3207 -0.3219 0.0039, -0.3195 -0.3194 0.0039, -0.3312 -0.3062 0.0039, -0.3369 -0.3 0.0039, -0.3389 -0.2981 0.0039, -0.3404 -0.2972 0.0039, -0.3428 -0.2965 0.0039, -0.345 -0.2962 0.0039, -0.3462 -0.2968 0.0039, -0.3468 -0.2973 0.0039, -0.3473 -0.2981 0.0039, -0.3478 -0.2993 0.0039, -0.348 -0.3015 0.0039, -0.3483 -0.3119 0.0039, -0.3502 -0.3249 0.0039, -0.3544 -0.3651 0.0039, -0.3552 -0.3755 0.0039, -0.3575 -0.3992 0.0039, -0.3586 -0.4123 0.0039, -0.3595 -0.4153 0.0039, -0.3595 -0.4169 0.0039, -0.3594 -0.418 0.0039, -0.359 -0.4189 0.0039, -0.3585 -0.4195 0.0039, -0.3577 -0.4203 0.0039, -0.3561 -0.4211 0.0039, -0.3548 -0.4215 0.0039, -0.352 -0.4215 0.0039, -0.3392 -0.42 0.0039, -0.3342 -0.4196 0.0039, -0.3008 -0.4185 0.0039, -0.046 -0.4185 0.0039, -0.0183 -0.4189 0.0039, 0.0089 -0.423 0.0039, 0.0146 -0.4241 0.0039, 0.0146 -0.4241 0.0039
            ]
        }
        coordIndex [
            0,1,2,-1,2,1,3,-1,2,3,4,-1,5,6,7,-1,7,8,5,-1,5,8,9,-1,5,9,10,-1,10,11,5,-1,5,11,12,-1,5,12,13,-1,0,14,1,-1,1,14,5,-1,1,5,15,-1,15,5,13,-1,16,17,18,-1,18,17,19,-1,18,19,20,-1,21,22,23,-1,23,22,24,-1,23,24,25,-1,25,24,26,-1,25,26,20,-1,20,26,27,-1,20,27,18,-1,28,29,30,-1,30,29,31,-1,30,31,32,-1,32,31,33,-1,32,33,34,-1,34,33,35,-1,34,35,28,-1,28,35,29,-1,36,37,38,-1,39,40,41,-1,42,43,44,-1,44,43,45,-1,44,45,46,-1,46,45,47,-1,46,47,48,-1,48,47,49,-1,48,49,40,-1,50,51,52,-1,52,51,53,-1,53,51,54,-1,53,54,55,-1,55,54,56,-1,55,56,57,-1,57,56,58,-1,57,58,59,-1,59,58,60,-1,59,60,61,-1,62,63,64,-1,64,63,65,-1,64,65,36,-1,36,65,66,-1,36,66,37,-1,67,68,69,-1,69,68,70,-1,69,70,71,-1,72,71,73,-1,73,74,72,-1,72,74,75,-1,72,75,76,-1,77,78,79,-1,80,81,69,-1,82,83,84,-1,84,83,85,-1,84,85,69,-1,69,85,86,-1,69,86,80,-1,78,87,79,-1,79,87,67,-1,79,67,88,-1,88,67,69,-1,88,69,89,-1,89,69,90,-1,91,92,79,-1,79,92,93,-1,79,93,77,-1,94,95,84,-1,84,95,96,-1,84,96,82,-1,79,97,91,-1,91,97,98,-1,91,98,38,-1,38,98,99,-1,38,99,36,-1,81,100,69,-1,69,100,101,-1,69,101,90,-1,102,103,104,-1,105,106,107,-1,108,109,110,-1,110,109,111,-1,110,111,112,-1,112,113,110,-1,110,113,114,-1,110,114,115,-1,106,116,107,-1,107,116,117,-1,107,117,118,-1,118,117,119,-1,118,111,41,-1,41,111,120,-1,41,120,39,-1,102,104,119,-1,119,104,121,-1,119,121,118,-1,118,121,122,-1,118,122,111,-1,123,124,125,-1,109,126,111,-1,111,126,127,-1,111,127,120,-1,120,127,128,-1,120,128,123,-1,129,130,120,-1,120,130,131,-1,120,131,94,-1,94,131,132,-1,94,132,95,-1,123,125,120,-1,120,125,133,-1,120,133,129,-1,76,134,72,-1,72,134,135,-1,72,135,107,-1,107,135,136,-1,107,136,105,-1,137,138,139,-1,140,141,142,-1,143,144,118,-1,118,144,145,-1,145,146,118,-1,118,146,147,-1,118,147,148,-1,141,149,142,-1,142,149,150,-1,142,150,139,-1,139,150,151,-1,139,151,137,-1,143,118,152,-1,152,118,139,-1,152,139,153,-1,154,139,155,-1,155,139,156,-1,157,158,159,-1,159,158,160,-1,159,160,161,-1,161,162,159,-1,159,162,163,-1,159,163,164,-1,107,165,166,-1,166,167,107,-1,107,167,168,-1,107,168,169,-1,170,171,142,-1,142,171,172,-1,142,172,173,-1,174,175,139,-1,139,175,176,-1,139,176,153,-1,177,178,142,-1,142,178,179,-1,142,179,140,-1,154,180,139,-1,139,180,181,-1,139,181,182,-1,183,138,184,-1,184,138,185,-1,183,186,138,-1,138,186,187,-1,138,187,139,-1,139,187,188,-1,139,188,156,-1,182,189,139,-1,139,189,190,-1,139,190,174,-1,148,191,118,-1,118,191,192,-1,118,192,107,-1,107,192,193,-1,107,193,165,-1,169,194,107,-1,107,194,195,-1,107,195,196,-1,157,159,138,-1,138,159,197,-1,138,197,185,-1,173,198,142,-1,142,198,199,-1,142,199,177,-1,200,201,72,-1,72,201,202,-1,202,201,203,-1,202,203,170,-1,196,204,107,-1,107,204,205,-1,107,205,72,-1,72,205,206,-1,72,206,200,-1,207,208,209,-1,210,211,212,-1,208,213,209,-1,209,213,214,-1,209,214,215,-1,216,217,218,-1,218,217,219,-1,220,221,222,-1,223,224,209,-1,209,224,225,-1,209,225,207,-1,226,227,228,-1,228,227,229,-1,228,229,230,-1,219,231,218,-1,218,231,232,-1,218,232,233,-1,234,235,236,-1,236,235,237,-1,236,237,238,-1,221,239,222,-1,222,239,240,-1,222,240,241,-1,242,234,243,-1,209,210,223,-1,223,210,212,-1,223,212,237,-1,237,212,244,-1,237,244,238,-1,238,244,245,-1,241,246,222,-1,222,246,216,-1,222,216,210,-1,210,216,218,-1,210,218,211,-1,234,247,248,-1,249,238,250,-1,250,238,251,-1,252,243,253,-1,253,243,254,-1,242,255,234,-1,234,255,256,-1,234,256,247,-1,248,257,234,-1,234,257,258,-1,234,258,235,-1,230,259,228,-1,228,259,260,-1,228,260,261,-1,261,262,228,-1,228,262,263,-1,228,263,222,-1,222,263,264,-1,222,264,220,-1,252,265,243,-1,243,265,266,-1,243,266,242,-1,245,267,238,-1,238,267,268,-1,238,268,269,-1,270,271,238,-1,238,271,272,-1,238,272,251,-1,269,273,238,-1,238,273,274,-1,238,274,270,-1,275,276,277,-1,277,276,226,-1,278,279,280,-1,222,281,282,-1,282,283,222,-1,222,283,284,-1,222,284,278,-1,228,285,286,-1,287,288,222,-1,222,288,289,-1,222,289,228,-1,228,289,290,-1,228,290,285,-1,291,292,293,-1,293,292,294,-1,295,296,278,-1,278,296,297,-1,278,297,298,-1,278,280,222,-1,222,280,299,-1,222,299,287,-1,298,300,278,-1,278,300,301,-1,278,301,279,-1,302,303,304,-1,60,305,293,-1,228,306,307,-1,286,308,228,-1,228,308,309,-1,228,309,310,-1,294,302,293,-1,293,302,304,-1,293,304,60,-1,60,304,50,-1,60,50,61,-1,61,50,52,-1,310,311,228,-1,228,311,312,-1,228,312,306,-1,307,313,228,-1,228,313,314,-1,228,314,315,-1,60,316,317,-1,315,318,228,-1,228,318,319,-1,228,319,60,-1,60,319,320,-1,60,320,316,-1,317,321,60,-1,60,321,322,-1,60,322,305,-1,304,323,50,-1,50,323,324,-1,50,324,51,-1,51,324,325,-1,51,325,326,-1,327,58,328,-1,328,58,56,-1,328,56,329,-1,329,56,54,-1,226,228,277,-1,277,228,60,-1,277,60,330,-1,330,60,58,-1,330,58,331,-1,331,58,327,-1,331,327,332,-1,333,334,209,-1,209,334,335,-1,209,335,336,-1,142,337,338,-1,339,340,210,-1,210,340,341,-1,210,342,343,-1,344,345,346,-1,346,345,347,-1,348,349,350,-1,351,352,142,-1,142,352,353,-1,142,353,337,-1,333,209,354,-1,354,209,142,-1,354,142,355,-1,350,356,348,-1,348,356,357,-1,348,357,358,-1,358,357,346,-1,358,346,359,-1,359,346,347,-1,210,360,139,-1,139,360,361,-1,362,363,364,-1,365,366,367,-1,367,366,368,-1,367,368,369,-1,341,370,210,-1,210,370,371,-1,210,371,342,-1,372,373,362,-1,362,373,374,-1,362,374,363,-1,139,367,375,-1,375,376,139,-1,139,376,377,-1,139,377,142,-1,142,377,378,-1,142,378,351,-1,379,380,139,-1,139,380,381,-1,382,383,364,-1,364,383,384,-1,364,384,362,-1,385,386,387,-1,388,389,142,-1,142,389,390,-1,142,390,355,-1,336,391,209,-1,209,391,392,-1,209,392,393,-1,209,394,210,-1,210,394,395,-1,210,395,396,-1,343,397,210,-1,210,397,398,-1,210,398,399,-1,369,400,367,-1,367,400,401,-1,367,401,402,-1,402,401,385,-1,402,385,403,-1,403,385,387,-1,338,404,142,-1,142,404,405,-1,142,405,406,-1,396,407,210,-1,210,407,408,-1,210,408,339,-1,399,409,210,-1,210,409,410,-1,210,410,411,-1,210,412,413,-1,361,414,139,-1,139,414,415,-1,139,415,379,-1,381,372,139,-1,139,372,362,-1,139,362,367,-1,367,362,416,-1,367,416,365,-1,349,348,364,-1,364,348,417,-1,364,417,382,-1,406,418,142,-1,142,418,419,-1,142,419,388,-1,420,421,209,-1,209,421,422,-1,209,422,394,-1,411,423,210,-1,210,423,424,-1,210,424,412,-1,413,425,210,-1,210,425,426,-1,210,426,360,-1,393,427,209,-1,209,427,428,-1,209,428,429,-1,430,420,431,-1,431,420,209,-1,431,209,432,-1,432,209,429,-1,170,142,202,-1,202,142,209,-1,202,209,275,-1,275,209,215,-1,275,215,276,-1,71,72,69,-1,69,72,202,-1,69,202,433,-1,433,202,275,-1,433,275,434,-1,434,275,277,-1,434,277,435,-1,435,277,330,-1,435,330,436,-1,436,330,331,-1,436,331,437,-1,437,331,332,-1,437,332,438,-1,40,49,41,-1,41,49,439,-1,41,439,118,-1,118,439,440,-1,118,440,139,-1,139,440,441,-1,139,441,210,-1,210,441,326,-1,210,326,222,-1,222,326,325,-1,222,325,281,-1,84,442,94,-1,94,442,443,-1,94,443,120,-1,120,443,43,-1,120,43,39,-1,39,43,42,-1,444,438,332,-1,328,329,445,-1,444,332,445,-1,445,332,327,-1,445,327,328,-1,444,446,447,-1,446,444,448,-1,448,444,445,-1,448,445,449,-1,449,445,35,-1,449,35,447,-1,447,35,33,-1,447,33,444,-1,450,451,452,-1,452,31,450,-1,450,31,453,-1,450,453,454,-1,454,453,455,-1,456,454,457,-1,457,454,455,-1,457,455,29,-1,29,455,458,-1,29,458,31,-1,31,458,459,-1,31,459,453,-1,457,460,456,-1,456,460,461,-1,456,461,451,-1,451,461,452,-1,462,461,463,-1,463,461,460,-1,464,462,465,-1,465,462,463,-1,443,442,464,-1,465,47,45,-1,465,45,464,-1,464,45,43,-1,464,43,443,-1,462,464,461,-1,461,464,442,-1,452,461,31,-1,31,461,442,-1,31,442,33,-1,33,442,84,-1,33,84,69,-1,69,433,33,-1,33,433,434,-1,33,434,435,-1,438,444,437,-1,437,444,33,-1,437,33,436,-1,436,33,435,-1,457,47,460,-1,460,47,465,-1,460,465,463,-1,35,445,329,-1,329,54,35,-1,35,54,51,-1,35,51,326,-1,326,441,35,-1,35,441,440,-1,35,440,439,-1,457,29,47,-1,47,29,35,-1,47,35,49,-1,49,35,439,-1,454,466,450,-1,450,466,467,-1,466,468,467,-1,467,468,469,-1,468,456,469,-1,469,456,451,-1,456,468,454,-1,454,468,466,-1,469,451,467,-1,467,451,450,-1,458,470,459,-1,459,470,471,-1,472,473,470,-1,474,475,471,-1,470,473,471,-1,471,473,476,-1,471,476,474,-1,477,478,474,-1,474,478,479,-1,474,479,475,-1,475,479,480,-1,475,480,481,-1,481,480,482,-1,481,482,483,-1,484,485,483,-1,483,485,472,-1,483,472,481,-1,481,472,470,-1,486,455,487,-1,487,455,453,-1,488,481,486,-1,486,481,470,-1,486,470,455,-1,455,470,458,-1,453,459,487,-1,487,459,471,-1,487,471,489,-1,489,471,475,-1,34,490,32,-1,32,490,491,-1,490,492,491,-1,491,492,493,-1,492,28,493,-1,493,28,30,-1,492,490,28,-1,28,490,34,-1,491,493,32,-1,32,493,30,-1,16,18,494,-1,494,18,446,-1,494,446,495,-1,495,446,448,-1,495,448,22,-1,22,448,24,-1,496,449,497,-1,497,449,447,-1,498,26,496,-1,496,26,24,-1,496,24,449,-1,449,24,448,-1,447,446,497,-1,497,446,18,-1,497,18,499,-1,499,18,27,-1,489,488,487,-1,487,488,486,-1,481,488,475,-1,475,488,489,-1,499,498,497,-1,497,498,496,-1,26,498,27,-1,27,498,499,-1,500,42,501,-1,501,42,44,-1,501,44,46,-1,500,502,42,-1,42,502,39,-1,39,502,40,-1,40,502,503,-1,40,503,48,-1,503,501,48,-1,48,501,46,-1,504,501,505,-1,505,501,503,-1,505,503,506,-1,506,503,502,-1,506,502,507,-1,507,502,500,-1,507,500,504,-1,504,500,501,-1,508,59,509,-1,509,59,61,-1,509,61,52,-1,508,510,59,-1,59,510,57,-1,57,510,55,-1,55,510,511,-1,55,511,53,-1,511,509,53,-1,53,509,52,-1,512,509,513,-1,513,509,511,-1,513,511,514,-1,514,511,510,-1,514,510,515,-1,515,510,508,-1,515,508,512,-1,512,508,509,-1,516,65,517,-1,517,65,63,-1,518,66,516,-1,516,66,65,-1,519,91,38,-1,519,38,518,-1,518,38,37,-1,518,37,66,-1,91,519,520,-1,91,520,92,-1,92,520,521,-1,92,521,93,-1,93,521,522,-1,93,522,77,-1,77,522,523,-1,77,523,78,-1,78,523,524,-1,78,524,87,-1,87,524,525,-1,87,525,67,-1,67,525,526,-1,67,526,68,-1,68,526,527,-1,68,527,70,-1,70,527,528,-1,70,528,71,-1,71,528,529,-1,71,529,73,-1,73,529,530,-1,73,530,74,-1,74,530,531,-1,74,531,75,-1,75,531,532,-1,75,532,76,-1,76,532,134,-1,134,532,533,-1,134,533,135,-1,135,533,136,-1,136,533,534,-1,136,534,105,-1,535,106,534,-1,534,106,105,-1,106,535,536,-1,106,536,116,-1,116,536,537,-1,116,537,117,-1,117,537,538,-1,117,538,119,-1,119,538,539,-1,119,539,102,-1,540,103,539,-1,539,103,102,-1,103,540,541,-1,103,541,104,-1,104,541,542,-1,104,542,121,-1,543,122,542,-1,542,122,121,-1,544,111,543,-1,543,111,122,-1,545,112,544,-1,544,112,111,-1,546,113,545,-1,545,113,112,-1,113,546,547,-1,113,547,114,-1,114,547,548,-1,114,548,115,-1,549,110,548,-1,548,110,115,-1,110,549,550,-1,110,550,108,-1,108,550,551,-1,108,551,109,-1,109,551,552,-1,109,552,126,-1,126,552,553,-1,126,553,127,-1,127,553,554,-1,127,554,128,-1,128,554,555,-1,128,555,123,-1,123,555,556,-1,123,556,124,-1,124,556,557,-1,124,557,125,-1,125,557,558,-1,125,558,133,-1,559,129,558,-1,558,129,133,-1,129,559,130,-1,130,559,560,-1,130,560,131,-1,132,131,561,-1,561,131,560,-1,132,561,95,-1,95,561,562,-1,95,562,96,-1,96,562,563,-1,96,563,82,-1,82,563,564,-1,82,564,83,-1,83,564,565,-1,83,565,85,-1,85,565,566,-1,85,566,86,-1,86,566,567,-1,86,567,80,-1,80,567,568,-1,80,568,81,-1,81,568,569,-1,81,569,100,-1,100,569,570,-1,100,570,101,-1,101,570,571,-1,101,571,90,-1,90,571,572,-1,90,572,89,-1,89,572,573,-1,89,573,88,-1,88,573,574,-1,88,574,79,-1,79,574,575,-1,79,575,97,-1,97,575,576,-1,97,576,98,-1,576,577,64,-1,64,36,576,-1,576,36,99,-1,576,99,98,-1,578,62,577,-1,577,62,64,-1,578,517,62,-1,62,517,63,-1,579,543,580,-1,580,543,542,-1,578,581,582,-1,552,551,577,-1,577,551,550,-1,577,550,549,-1,582,583,578,-1,578,583,584,-1,578,584,517,-1,517,584,585,-1,541,516,542,-1,542,516,517,-1,542,517,580,-1,580,517,585,-1,563,562,575,-1,575,562,576,-1,549,548,577,-1,577,548,547,-1,577,547,578,-1,578,547,546,-1,578,546,581,-1,581,546,545,-1,581,545,579,-1,579,545,544,-1,579,544,543,-1,516,535,518,-1,518,535,534,-1,518,534,519,-1,519,534,533,-1,519,533,520,-1,520,533,532,-1,520,532,521,-1,558,557,577,-1,577,557,556,-1,577,556,555,-1,541,540,516,-1,516,540,539,-1,516,539,538,-1,562,561,576,-1,576,561,560,-1,576,560,577,-1,577,560,559,-1,577,559,558,-1,538,537,516,-1,516,537,536,-1,516,536,535,-1,570,569,575,-1,555,554,577,-1,577,554,553,-1,577,553,552,-1,570,575,571,-1,531,523,532,-1,532,523,522,-1,532,522,521,-1,569,568,575,-1,575,568,567,-1,575,567,566,-1,531,530,523,-1,523,530,529,-1,523,529,524,-1,524,529,525,-1,566,565,575,-1,575,565,564,-1,575,564,563,-1,574,573,575,-1,575,573,572,-1,575,572,571,-1,525,529,526,-1,526,529,528,-1,526,528,527,-1,580,586,579,-1,579,586,587,-1,586,580,585,-1,586,585,588,-1,588,585,584,-1,588,584,589,-1,589,584,583,-1,589,583,590,-1,582,591,583,-1,583,591,590,-1,581,592,582,-1,582,592,591,-1,587,592,579,-1,579,592,581,-1,593,184,594,-1,594,184,185,-1,184,593,595,-1,184,595,183,-1,183,595,596,-1,183,596,186,-1,186,596,597,-1,186,597,187,-1,187,597,598,-1,187,598,188,-1,188,598,599,-1,188,599,156,-1,156,599,600,-1,156,600,155,-1,155,600,601,-1,155,601,154,-1,154,601,602,-1,154,602,180,-1,180,602,603,-1,180,603,181,-1,604,182,603,-1,603,182,181,-1,605,189,604,-1,604,189,182,-1,189,605,606,-1,189,606,190,-1,190,606,607,-1,190,607,174,-1,608,175,607,-1,607,175,174,-1,609,176,608,-1,608,176,175,-1,176,609,610,-1,176,610,153,-1,153,610,611,-1,153,611,152,-1,152,611,612,-1,152,612,143,-1,143,612,613,-1,143,613,144,-1,144,613,614,-1,144,614,145,-1,145,614,615,-1,145,615,146,-1,146,615,616,-1,146,616,147,-1,147,616,617,-1,147,617,148,-1,148,617,618,-1,148,618,191,-1,191,618,619,-1,191,619,192,-1,192,619,620,-1,192,620,193,-1,193,620,621,-1,193,621,165,-1,165,621,622,-1,165,622,166,-1,166,622,623,-1,166,623,167,-1,167,623,624,-1,167,624,168,-1,168,624,625,-1,168,625,169,-1,169,625,626,-1,169,626,194,-1,194,626,627,-1,194,627,195,-1,628,196,627,-1,627,196,195,-1,204,196,629,-1,629,196,628,-1,204,629,205,-1,205,629,630,-1,205,630,206,-1,206,630,631,-1,206,631,200,-1,200,631,632,-1,200,632,201,-1,201,632,633,-1,201,633,203,-1,203,633,634,-1,203,634,170,-1,170,634,171,-1,171,634,635,-1,171,635,172,-1,172,635,636,-1,172,636,173,-1,173,636,637,-1,173,637,198,-1,638,199,637,-1,637,199,198,-1,199,638,639,-1,199,639,177,-1,177,639,640,-1,177,640,178,-1,178,640,641,-1,178,641,179,-1,179,641,642,-1,179,642,140,-1,140,642,643,-1,140,643,141,-1,141,643,644,-1,141,644,149,-1,149,644,645,-1,149,645,150,-1,150,645,646,-1,150,646,151,-1,151,646,647,-1,151,647,137,-1,137,647,648,-1,137,648,138,-1,138,648,649,-1,138,649,157,-1,157,649,650,-1,157,650,158,-1,158,650,651,-1,158,651,160,-1,160,651,652,-1,160,652,161,-1,161,652,653,-1,161,653,162,-1,654,163,653,-1,653,163,162,-1,655,164,654,-1,654,164,163,-1,656,159,655,-1,655,159,164,-1,159,656,657,-1,159,657,197,-1,197,657,594,-1,197,594,185,-1,658,659,628,-1,628,659,660,-1,630,629,655,-1,605,604,661,-1,630,655,631,-1,641,640,653,-1,629,628,655,-1,655,628,660,-1,655,660,656,-1,656,660,661,-1,656,661,657,-1,657,661,604,-1,657,604,594,-1,594,604,593,-1,662,663,609,-1,609,663,610,-1,610,663,664,-1,610,664,611,-1,640,639,653,-1,653,639,638,-1,653,638,654,-1,654,638,637,-1,654,637,655,-1,655,637,636,-1,655,636,635,-1,597,596,604,-1,604,596,595,-1,604,595,593,-1,609,608,662,-1,662,608,607,-1,662,607,661,-1,661,607,606,-1,661,606,605,-1,611,664,612,-1,612,664,665,-1,612,665,613,-1,644,643,653,-1,653,643,642,-1,653,642,641,-1,666,624,667,-1,667,624,623,-1,667,623,668,-1,668,623,622,-1,668,622,669,-1,669,622,670,-1,658,628,671,-1,671,628,627,-1,671,627,672,-1,672,627,626,-1,672,626,666,-1,666,626,625,-1,666,625,624,-1,652,651,646,-1,646,651,650,-1,646,650,647,-1,647,650,649,-1,647,649,648,-1,603,602,604,-1,604,602,601,-1,604,601,600,-1,600,599,604,-1,604,599,598,-1,604,598,597,-1,613,665,614,-1,614,665,673,-1,614,673,615,-1,615,673,674,-1,615,674,616,-1,616,674,675,-1,616,675,617,-1,632,631,633,-1,633,631,655,-1,633,655,634,-1,634,655,635,-1,652,646,653,-1,653,646,645,-1,653,645,644,-1,675,676,617,-1,617,676,677,-1,617,677,618,-1,618,677,678,-1,618,678,619,-1,619,678,679,-1,619,679,620,-1,620,679,670,-1,620,670,621,-1,621,670,622,-1,671,680,658,-1,658,680,681,-1,680,671,672,-1,680,672,682,-1,682,672,666,-1,682,666,683,-1,683,666,667,-1,683,667,684,-1,684,667,668,-1,684,668,685,-1,685,668,669,-1,685,669,686,-1,686,669,670,-1,686,670,687,-1,687,670,679,-1,687,679,688,-1,688,679,678,-1,688,678,689,-1,689,678,677,-1,689,677,690,-1,690,677,676,-1,690,676,691,-1,691,676,675,-1,691,675,692,-1,692,675,674,-1,692,674,693,-1,693,674,673,-1,693,673,694,-1,694,673,665,-1,694,665,695,-1,695,665,664,-1,695,664,696,-1,696,664,663,-1,696,663,697,-1,697,663,662,-1,697,662,698,-1,661,699,662,-1,662,699,698,-1,660,700,661,-1,661,700,699,-1,700,660,659,-1,700,659,701,-1,701,659,658,-1,701,658,681,-1,702,345,703,-1,703,345,344,-1,345,702,704,-1,345,704,347,-1,347,704,705,-1,347,705,359,-1,359,705,706,-1,359,706,358,-1,707,348,706,-1,706,348,358,-1,708,417,707,-1,707,417,348,-1,417,708,709,-1,417,709,382,-1,382,709,710,-1,382,710,383,-1,383,710,711,-1,383,711,384,-1,384,711,712,-1,384,712,362,-1,362,712,713,-1,362,713,416,-1,416,713,714,-1,416,714,365,-1,365,714,715,-1,365,715,366,-1,366,715,716,-1,366,716,368,-1,368,716,717,-1,368,717,369,-1,369,717,718,-1,369,718,400,-1,400,718,719,-1,400,719,401,-1,720,385,719,-1,719,385,401,-1,721,386,720,-1,720,386,385,-1,722,387,721,-1,721,387,386,-1,387,722,723,-1,387,723,403,-1,403,723,724,-1,403,724,402,-1,725,367,724,-1,724,367,402,-1,726,375,725,-1,725,375,367,-1,375,726,727,-1,375,727,376,-1,376,727,728,-1,376,728,377,-1,377,728,729,-1,377,729,378,-1,378,729,730,-1,378,730,351,-1,351,730,731,-1,351,731,352,-1,352,731,732,-1,352,732,353,-1,353,732,733,-1,353,733,337,-1,337,733,734,-1,337,734,338,-1,338,734,735,-1,338,735,404,-1,404,735,736,-1,404,736,405,-1,405,736,737,-1,405,737,406,-1,738,418,737,-1,737,418,406,-1,418,738,739,-1,418,739,419,-1,419,739,740,-1,419,740,388,-1,741,389,740,-1,740,389,388,-1,389,741,742,-1,389,742,390,-1,390,742,743,-1,390,743,355,-1,355,743,744,-1,355,744,354,-1,354,744,745,-1,354,745,333,-1,333,745,746,-1,333,746,334,-1,334,746,747,-1,334,747,335,-1,335,747,748,-1,335,748,336,-1,336,748,749,-1,336,749,391,-1,391,749,750,-1,391,750,392,-1,392,750,751,-1,392,751,393,-1,393,751,752,-1,393,752,427,-1,427,752,753,-1,427,753,428,-1,754,429,753,-1,753,429,428,-1,429,754,755,-1,429,755,432,-1,432,755,756,-1,432,756,431,-1,757,430,756,-1,756,430,431,-1,430,757,758,-1,430,758,420,-1,420,758,759,-1,420,759,421,-1,421,759,760,-1,421,760,422,-1,422,760,761,-1,422,761,394,-1,394,761,762,-1,394,762,395,-1,395,762,763,-1,395,763,396,-1,396,763,764,-1,396,764,407,-1,407,764,765,-1,407,765,408,-1,408,765,766,-1,408,766,339,-1,339,766,767,-1,339,767,340,-1,340,767,768,-1,340,768,341,-1,341,768,769,-1,341,769,370,-1,370,769,770,-1,370,770,371,-1,371,770,771,-1,371,771,342,-1,342,771,772,-1,342,772,343,-1,343,772,773,-1,343,773,397,-1,397,773,774,-1,397,774,398,-1,775,399,774,-1,774,399,398,-1,399,775,776,-1,399,776,409,-1,409,776,777,-1,409,777,410,-1,778,411,777,-1,777,411,410,-1,411,778,779,-1,411,779,423,-1,423,779,780,-1,423,780,424,-1,781,412,780,-1,780,412,424,-1,412,781,782,-1,412,782,413,-1,413,782,783,-1,413,783,425,-1,425,783,784,-1,425,784,426,-1,785,360,784,-1,784,360,426,-1,786,361,785,-1,785,361,360,-1,361,786,787,-1,361,787,414,-1,414,787,788,-1,414,788,415,-1,415,788,789,-1,415,789,379,-1,379,789,790,-1,379,790,380,-1,380,790,791,-1,380,791,381,-1,381,791,792,-1,381,792,372,-1,372,792,793,-1,372,793,373,-1,373,793,794,-1,373,794,374,-1,374,794,795,-1,374,795,363,-1,363,795,796,-1,363,796,364,-1,364,796,797,-1,364,797,349,-1,798,350,797,-1,797,350,349,-1,350,798,799,-1,350,799,356,-1,356,799,800,-1,356,800,357,-1,801,346,800,-1,800,346,357,-1,801,703,346,-1,346,703,344,-1,738,723,722,-1,706,705,719,-1,738,737,726,-1,726,737,736,-1,754,753,721,-1,721,753,752,-1,721,752,751,-1,801,757,703,-1,703,757,756,-1,723,738,724,-1,724,738,726,-1,724,726,725,-1,745,744,721,-1,721,744,743,-1,721,743,742,-1,765,764,801,-1,801,764,763,-1,742,741,721,-1,721,741,740,-1,721,740,722,-1,722,740,739,-1,722,739,738,-1,751,750,721,-1,721,750,749,-1,721,749,748,-1,705,704,719,-1,719,704,702,-1,719,702,720,-1,789,788,794,-1,797,787,786,-1,729,728,727,-1,702,703,720,-1,720,703,756,-1,720,756,721,-1,721,756,755,-1,721,755,754,-1,711,710,718,-1,718,710,719,-1,707,706,708,-1,708,706,719,-1,708,719,709,-1,709,719,710,-1,801,769,768,-1,760,759,801,-1,801,759,758,-1,801,758,757,-1,794,788,795,-1,801,779,778,-1,736,735,726,-1,726,735,734,-1,726,734,733,-1,748,747,721,-1,721,747,746,-1,721,746,745,-1,778,777,801,-1,801,777,776,-1,801,776,775,-1,733,732,726,-1,726,732,731,-1,726,731,727,-1,727,731,730,-1,727,730,729,-1,768,767,801,-1,801,767,766,-1,801,766,765,-1,787,797,788,-1,788,797,796,-1,788,796,795,-1,793,792,791,-1,786,785,797,-1,797,785,784,-1,797,784,798,-1,798,784,783,-1,798,783,799,-1,799,783,782,-1,799,782,800,-1,800,782,781,-1,800,781,801,-1,801,781,780,-1,801,780,779,-1,775,774,801,-1,801,774,773,-1,801,773,772,-1,718,717,711,-1,711,717,716,-1,711,716,715,-1,763,762,801,-1,801,762,761,-1,801,761,760,-1,793,791,794,-1,794,791,790,-1,794,790,789,-1,772,771,801,-1,801,771,770,-1,801,770,769,-1,714,713,715,-1,715,713,712,-1,715,712,711,-1,802,211,803,-1,803,211,218,-1,804,212,802,-1,802,212,211,-1,805,244,804,-1,804,244,212,-1,244,805,806,-1,244,806,245,-1,245,806,807,-1,245,807,267,-1,267,807,808,-1,267,808,268,-1,268,808,809,-1,268,809,269,-1,269,809,810,-1,269,810,273,-1,273,810,811,-1,273,811,274,-1,274,811,812,-1,274,812,270,-1,270,812,813,-1,270,813,271,-1,271,813,814,-1,271,814,272,-1,272,814,815,-1,272,815,251,-1,251,815,816,-1,251,816,250,-1,250,816,817,-1,250,817,249,-1,249,817,818,-1,249,818,238,-1,238,818,819,-1,238,819,236,-1,236,819,820,-1,236,820,234,-1,234,820,821,-1,234,821,243,-1,243,821,822,-1,243,822,254,-1,254,822,823,-1,254,823,253,-1,253,823,824,-1,253,824,252,-1,252,824,825,-1,252,825,265,-1,265,825,826,-1,265,826,266,-1,266,826,827,-1,266,827,242,-1,242,827,828,-1,242,828,255,-1,255,828,829,-1,255,829,256,-1,256,829,830,-1,256,830,247,-1,247,830,831,-1,247,831,248,-1,248,831,832,-1,248,832,257,-1,257,832,833,-1,257,833,258,-1,258,833,834,-1,258,834,235,-1,835,237,834,-1,834,237,235,-1,836,223,835,-1,835,223,237,-1,223,836,837,-1,223,837,224,-1,224,837,838,-1,224,838,225,-1,225,838,839,-1,225,839,207,-1,207,839,840,-1,207,840,208,-1,208,840,841,-1,208,841,213,-1,213,841,842,-1,213,842,214,-1,214,842,215,-1,215,842,843,-1,215,843,276,-1,276,843,226,-1,226,843,844,-1,226,844,227,-1,227,844,845,-1,227,845,229,-1,229,845,846,-1,229,846,230,-1,230,846,847,-1,230,847,259,-1,259,847,848,-1,259,848,260,-1,260,848,849,-1,260,849,261,-1,261,849,850,-1,261,850,262,-1,262,850,851,-1,262,851,263,-1,263,851,852,-1,263,852,264,-1,264,852,853,-1,264,853,220,-1,220,853,854,-1,220,854,221,-1,221,854,855,-1,221,855,239,-1,239,855,856,-1,239,856,240,-1,240,856,857,-1,240,857,241,-1,241,857,858,-1,241,858,246,-1,246,858,859,-1,246,859,216,-1,216,859,860,-1,216,860,217,-1,217,860,861,-1,217,861,219,-1,219,861,862,-1,219,862,231,-1,231,862,863,-1,231,863,232,-1,864,233,863,-1,863,233,232,-1,864,803,233,-1,233,803,218,-1,804,802,864,-1,864,802,803,-1,805,804,806,-1,806,804,864,-1,806,864,807,-1,807,864,808,-1,848,847,823,-1,863,810,864,-1,864,810,809,-1,864,809,808,-1,823,847,824,-1,824,847,846,-1,824,846,825,-1,825,846,845,-1,825,845,826,-1,826,845,844,-1,826,844,827,-1,827,844,843,-1,827,843,828,-1,828,843,842,-1,828,842,829,-1,829,842,841,-1,829,841,830,-1,830,841,840,-1,830,840,831,-1,831,840,839,-1,831,839,832,-1,832,839,838,-1,832,838,833,-1,833,838,837,-1,833,837,834,-1,834,837,836,-1,834,836,835,-1,821,820,850,-1,863,862,810,-1,810,862,861,-1,810,861,811,-1,811,861,860,-1,811,860,812,-1,812,860,859,-1,812,859,813,-1,823,822,848,-1,848,822,821,-1,848,821,849,-1,849,821,850,-1,859,858,813,-1,813,858,857,-1,813,857,814,-1,814,857,856,-1,814,856,815,-1,815,856,855,-1,815,855,816,-1,816,855,854,-1,816,854,817,-1,817,854,853,-1,817,853,818,-1,818,853,819,-1,819,853,852,-1,819,852,820,-1,820,852,851,-1,820,851,850,-1,865,282,866,-1,866,282,281,-1,866,281,325,-1,282,865,867,-1,282,867,283,-1,283,867,868,-1,283,868,284,-1,284,868,869,-1,284,869,278,-1,870,295,869,-1,869,295,278,-1,295,870,871,-1,295,871,296,-1,296,871,872,-1,296,872,297,-1,297,872,873,-1,297,873,298,-1,298,873,874,-1,298,874,300,-1,300,874,875,-1,300,875,301,-1,301,875,876,-1,301,876,279,-1,279,876,877,-1,279,877,280,-1,280,877,878,-1,280,878,299,-1,299,878,879,-1,299,879,287,-1,287,879,880,-1,287,880,288,-1,288,880,881,-1,288,881,289,-1,289,881,882,-1,289,882,290,-1,290,882,883,-1,290,883,285,-1,285,883,884,-1,285,884,286,-1,286,884,885,-1,286,885,308,-1,308,885,886,-1,308,886,309,-1,309,886,887,-1,309,887,310,-1,310,887,888,-1,310,888,311,-1,311,888,889,-1,311,889,312,-1,312,889,890,-1,312,890,306,-1,306,890,891,-1,306,891,307,-1,307,891,892,-1,307,892,313,-1,893,314,892,-1,892,314,313,-1,894,315,893,-1,893,315,314,-1,315,894,895,-1,315,895,318,-1,318,895,896,-1,318,896,319,-1,319,896,897,-1,319,897,320,-1,320,897,898,-1,320,898,316,-1,316,898,899,-1,316,899,317,-1,317,899,900,-1,317,900,321,-1,321,900,901,-1,321,901,322,-1,322,901,902,-1,322,902,305,-1,305,902,903,-1,305,903,293,-1,293,903,904,-1,293,904,291,-1,291,904,905,-1,291,905,292,-1,906,294,905,-1,905,294,292,-1,907,302,906,-1,906,302,294,-1,302,907,908,-1,302,908,303,-1,303,908,909,-1,303,909,304,-1,910,323,909,-1,909,323,304,-1,323,910,324,-1,324,910,866,-1,324,866,325,-1,880,879,888,-1,888,879,878,-1,888,878,877,-1,877,876,888,-1,888,876,875,-1,888,875,889,-1,889,875,874,-1,889,874,890,-1,907,906,870,-1,870,906,905,-1,870,905,904,-1,874,873,890,-1,890,873,872,-1,890,872,891,-1,891,872,871,-1,866,910,865,-1,865,910,909,-1,865,909,867,-1,867,909,908,-1,867,908,868,-1,868,908,907,-1,868,907,869,-1,869,907,870,-1,904,903,870,-1,870,903,902,-1,870,902,901,-1,882,887,886,-1,887,882,888,-1,888,882,881,-1,888,881,880,-1,901,900,870,-1,870,900,899,-1,870,899,898,-1,898,897,870,-1,870,897,896,-1,870,896,895,-1,895,894,870,-1,870,894,893,-1,870,893,871,-1,871,893,892,-1,871,892,891,-1,886,885,882,-1,882,885,884,-1,882,884,883,-1,591,592,587,-1,587,586,588,-1,588,589,587,-1,587,589,590,-1,587,590,591,-1,697,698,689,-1,699,700,698,-1,698,700,701,-1,698,701,681,-1,697,689,696,-1,681,680,698,-1,698,680,682,-1,698,682,683,-1,696,689,695,-1,695,689,690,-1,695,690,691,-1,683,684,698,-1,698,684,685,-1,698,685,686,-1,691,692,695,-1,695,692,693,-1,695,693,694,-1,686,687,698,-1,698,687,688,-1,698,688,689,-1,
        ]
    }
}
Shape{
    appearance Appearance {
        material  Material 	{
            diffuseColor 0.6470588235294118 0.6196078431372549 0.5882352941176471
            specularColor 0.45098039215686275 0.43529411764705883 0.4117647058823529
            ambientIntensity 0.2
            transparency 0
            shininess 0.5
        }
    }
    geometry IndexedFaceSet {
        ccw TRUE
        solid FALSE
        coord DEF co Coordinate {
            point [
                0.1476 3.4843 -1.1811, 0.0689 3.4055 -1.5748, -0.1476 3.4843 -1.1811, -0.0689 3.4055 -1.5748, 0.0689 3.2874 -1.5748, 0.1476 3.2087 -1.1811, -0.1476 3.2087 -1.1811, -0.0689 3.2874 -1.5748, -0.1476 3.2087 0.3937, 0.1476 3.2087 0.3937, 0.1476 3.4843 0.3937, -0.1476 3.4843 0.3937, -0.5807 0.5782 7.2507, 0.6004 0.5782 7.2507, 0.6004 0.6355 7.1779, -0.5807 0.6355 7.1779, 0.6004 0.6743 7.0938, -0.5807 0.6743 7.0938, 0.6004 0.6923 7.0029, -0.5807 0.6923 7.0029, 0.6004 0.2467 6.5573, 0.1476 0.2467 6.5573, 0.6004 0.2493 6.6421, 0.1476 0.2493 6.6421, 0.6004 0.2699 6.7243, 0.1476 0.2699 6.7243, 0.6004 0.3077 6.8003, 0.1476 0.3077 6.8003, 0.6004 0.3608 6.8663, 0.1476 0.3608 6.8663, 0.6004 0.166 7.0612, -0.5807 0.166 7.0612, -0.5807 0.0685 6.9376, 0.6004 0.0685 6.9376, -0.5807 0.0027 6.7947, 0.6004 0.0027 6.7947, -0.5807 -0.028 6.6403, 0.6004 -0.028 6.6403, -0.5807 -0.0218 6.483, 0.6004 -0.0218 6.483, -0.5807 0.021 6.3316, 0.6004 0.021 6.3316, -0.1476 0.2467 6.5573, -0.5807 0.2467 6.5573, -0.1476 0.2493 6.6421, -0.5807 0.2493 6.6421, -0.1476 0.2699 6.7243, -0.5807 0.2699 6.7243, -0.1476 0.3077 6.8003, -0.5807 0.3077 6.8003, -0.1476 0.3608 6.8663, -0.5807 0.3608 6.8663, 0.6004 0.3833 6.8888, 0.1476 0.3833 6.8888, 0.6004 0.4808 6.7914, 0.1476 0.4808 6.7914, -0.1476 0.3833 6.8888, -0.5807 0.3833 6.8888, -0.1476 0.4808 6.7914, -0.5807 0.4808 6.7914, 0.6004 0.4139 6.9418, 0.6004 0.4021 6.9133, 0.6004 -0.3544 8.1833, 0.6004 -0.5493 7.9884, 0.6004 0.3833 7.0558, 0.6004 0.4021 7.0314, 0.6004 0.4139 7.0029, 0.6004 0.4179 6.9723, -0.5807 0.4021 6.9133, -0.5807 -0.5493 7.9884, -0.5807 -0.3544 8.1833, -0.5807 0.3833 7.0558, -0.5807 0.4021 7.0314, -0.5807 0.4139 7.0029, -0.5807 0.4179 6.9723, -0.5807 0.4139 6.9418, 0.1476 -2.4213 -1.1811, 0.0689 -2.5 -1.5748, -0.1476 -2.4213 -1.1811, -0.0689 -2.5 -1.5748, 0.0689 -2.6181 -1.5748, 0.1476 -2.6969 -1.1811, -0.1476 -2.6969 -1.1811, -0.0689 -2.6181 -1.5748, -0.1476 -2.6969 0.3937, 0.1476 -2.6969 0.3937, 0.1476 -2.4213 0.3937, -0.1476 -2.4213 0.3937, -0.1476 -2.6904 0.9609, 0.1476 -2.6904 0.9609, 0.1476 -2.6683 1.0368, -0.1476 -2.6683 1.0368, 0.1476 -2.6315 1.1068, -0.1476 -2.6315 1.1068, 0.1476 -2.5815 1.168, -0.1476 -2.5815 1.168, -0.5807 -1.6956 2.221, 0.6004 -1.6956 2.221, 0.6004 -1.6382 2.1483, -0.5807 -1.6382 2.1483, 0.6004 -1.5995 2.0641, -0.5807 -1.5995 2.0641, 0.6004 -1.5814 1.9732, -0.5807 -1.5814 1.9732, 0.6004 -2.5815 1.168, 0.6004 -2.4841 1.0706, 0.1476 -2.4841 1.0706, -0.5807 -2.5815 1.168, -0.1476 -2.4841 1.0706, -0.5807 -2.4841 1.0706, 0.6004 -1.8904 1.8591, 0.6004 -1.8717 1.8836, 0.6004 -1.8599 1.9121, 0.6004 -2.6282 3.1536, 0.6004 -2.823 2.9588, 0.6004 -1.8904 2.0262, 0.6004 -1.8717 2.0017, 0.6004 -1.8599 1.9732, 0.6004 -1.8558 1.9426, -0.5807 -1.8904 1.8591, -0.5807 -1.8717 1.8836, -0.5807 -2.823 2.9588, -0.5807 -2.6282 3.1536, -0.5807 -1.8904 2.0262, -0.5807 -1.8717 2.0017, -0.5807 -1.8599 1.9732, -0.5807 -1.8558 1.9426, -0.5807 -1.8599 1.9121, -0.1476 -2.6421 0.9126, 0.1476 -2.6421 0.9126, 0.1476 -2.6421 0.9126
            ]
        }
        coordIndex [
            0,1,2,-1,2,1,3,-1,1,0,4,-1,4,0,5,-1,2,3,6,-1,6,3,7,-1,6,7,5,-1,5,7,4,-1,6,5,8,-1,8,5,9,-1,1,4,3,-1,3,4,7,-1,10,0,11,-1,11,0,2,-1,5,0,9,-1,9,0,10,-1,11,2,8,-1,8,2,6,-1,12,13,14,-1,12,14,15,-1,15,14,16,-1,15,16,17,-1,17,16,18,-1,17,18,19,-1,20,21,22,-1,22,21,23,-1,22,23,24,-1,24,23,25,-1,24,25,26,-1,26,25,27,-1,26,27,28,-1,28,27,29,-1,30,31,32,-1,30,32,33,-1,33,32,34,-1,33,34,35,-1,35,34,36,-1,35,36,37,-1,37,36,38,-1,37,38,39,-1,39,38,40,-1,39,40,41,-1,42,43,44,-1,44,43,45,-1,44,45,46,-1,46,45,47,-1,46,47,48,-1,48,47,49,-1,48,49,50,-1,50,49,51,-1,41,20,39,-1,39,20,22,-1,28,30,26,-1,26,30,33,-1,26,33,24,-1,24,33,35,-1,24,35,22,-1,22,35,37,-1,22,37,39,-1,31,51,32,-1,32,51,49,-1,32,49,34,-1,34,49,47,-1,34,47,36,-1,36,47,45,-1,36,45,38,-1,38,45,43,-1,38,43,40,-1,52,53,54,-1,54,53,55,-1,56,57,58,-1,58,57,59,-1,18,60,54,-1,54,60,61,-1,54,61,52,-1,62,63,13,-1,13,63,64,-1,13,64,14,-1,14,64,65,-1,14,65,16,-1,16,65,66,-1,16,66,18,-1,18,66,67,-1,18,67,60,-1,59,57,68,-1,59,68,19,-1,69,70,71,-1,71,70,12,-1,71,12,72,-1,72,12,15,-1,72,15,73,-1,73,15,17,-1,73,17,74,-1,74,17,19,-1,74,19,75,-1,75,19,68,-1,46,58,44,-1,44,58,42,-1,46,48,58,-1,58,48,50,-1,58,50,56,-1,53,29,55,-1,55,29,27,-1,27,25,55,-1,55,25,23,-1,55,23,21,-1,63,62,69,-1,69,62,70,-1,63,69,64,-1,64,69,71,-1,56,50,53,-1,53,50,29,-1,53,52,61,-1,68,57,56,-1,56,53,68,-1,68,53,61,-1,68,61,75,-1,75,61,60,-1,75,60,74,-1,74,60,67,-1,74,67,73,-1,73,67,66,-1,73,66,72,-1,72,66,65,-1,72,65,71,-1,71,65,64,-1,30,28,29,-1,30,29,31,-1,31,29,50,-1,31,50,51,-1,62,13,70,-1,70,13,12,-1,76,77,78,-1,78,77,79,-1,77,76,80,-1,80,76,81,-1,78,79,82,-1,82,79,83,-1,82,83,81,-1,81,83,80,-1,82,81,84,-1,84,81,85,-1,77,80,79,-1,79,80,83,-1,86,76,87,-1,87,76,78,-1,81,76,85,-1,85,76,86,-1,87,78,84,-1,84,78,82,-1,88,89,90,-1,88,90,91,-1,91,90,92,-1,91,92,93,-1,93,92,94,-1,93,94,95,-1,96,97,98,-1,96,98,99,-1,99,98,100,-1,99,100,101,-1,101,100,102,-1,101,102,103,-1,104,94,105,-1,105,94,106,-1,95,107,108,-1,108,107,109,-1,104,105,110,-1,110,105,102,-1,110,102,111,-1,111,102,112,-1,113,114,97,-1,97,114,115,-1,97,115,98,-1,98,115,116,-1,98,116,100,-1,100,116,117,-1,100,117,102,-1,102,117,118,-1,102,118,112,-1,109,107,103,-1,103,107,119,-1,103,119,120,-1,121,122,123,-1,123,122,96,-1,123,96,124,-1,124,96,99,-1,124,99,125,-1,125,99,101,-1,125,101,126,-1,126,101,103,-1,126,103,127,-1,127,103,120,-1,93,95,108,-1,93,108,91,-1,91,108,128,-1,91,128,88,-1,89,129,90,-1,90,129,106,-1,90,106,92,-1,92,106,94,-1,114,113,121,-1,121,113,122,-1,114,121,115,-1,115,121,123,-1,94,104,110,-1,94,110,95,-1,95,110,119,-1,95,119,107,-1,119,110,120,-1,120,110,111,-1,120,111,127,-1,127,111,112,-1,127,112,126,-1,126,112,118,-1,126,118,125,-1,125,118,117,-1,125,117,124,-1,124,117,116,-1,124,116,123,-1,123,116,115,-1,113,97,122,-1,122,97,96,-1,
        ]
    }
}
Shape{
    appearance Appearance {
        material  Material 	{
            diffuseColor 0.396078431372549 0.396078431372549 0.396078431372549
            specularColor 0.027450980392156862 0.027450980392156862 0.027450980392156862
            ambientIntensity 0.2
            transparency 0
            shininess 0.5
        }
    }
    geometry IndexedFaceSet {
        ccw TRUE
        solid FALSE
        coord DEF co Coordinate {
            point [
                1.8209 -2.6421 0.9126, 1.8209 -2.4841 1.0706, 1.1811 -2.6421 0.9126, 1.3878 -2.4841 1.0706, 1.3878 -1.5814 1.9732, 2.1161 -2.4841 1.0706, 2.1161 -2.6421 0.9126, 2.5689 -2.4841 1.0706, 2.7559 -2.6421 0.9126, 2.5689 -1.5814 1.9732, 2.7559 -0.9718 2.5829, 1.1811 -0.9718 2.5829, 2.7559 -2.317 6.1869, 2.9528 -2.317 6.7774, 1.1811 -2.317 6.1869, 0.9843 -2.317 6.7774, 1.1811 -2.317 4.2184, 0.9843 -2.317 4.0215, 2.7559 -2.317 4.2184, 2.9528 -2.317 4.0215, 1.6071 0.5078 0.0, 1.6071 0.3674 0.0, 1.599 0.3654 0.0, 1.7028 3.0906 0.0, 1.9836 3.0906 0.0, 1.9836 1.8054 0.0, 1.7028 3.6024 0.0, 1.6071 4.1732 0.0, 1.9836 3.6024 0.0, 1.9836 4.1732 0.0, 2.2343 3.6024 0.0, 2.9528 4.1732 0.0, 2.2343 3.0906 0.0, 2.9528 1.8054 0.0, 1.9836 -1.3636 0.0, 2.9528 -1.3636 0.0, 2.2343 -2.3031 0.0, 2.2343 -2.815 0.0, 2.9528 -3.204 0.0, 1.9836 -2.815 0.0, 1.9836 -3.204 0.0, 1.7028 -2.815 0.0, 1.6071 -3.204 0.0, 1.7028 -2.3031 0.0, 1.6071 -1.3636 0.0, 1.9836 -2.3031 0.0, 1.7577 0.4722 0.0, 1.7391 0.3952 0.0, 1.6201 0.5056 0.0, 1.6547 0.377 0.0, 1.6116 0.3685 0.0, 1.5926 0.3615 0.0, 1.5926 0.3611 0.0, 0.9843 0.3346 0.0, 1.5926 0.3607 0.0, 1.5928 0.3603 0.0, 1.599 0.3346 0.0, 1.593 0.36 0.0, 1.5935 0.3596 0.0, 1.5943 0.3591 0.0, 1.5956 0.3588 0.0, 1.5936 0.3629 0.0, 1.593 0.3623 0.0, 1.5951 0.5103 0.0, 1.5936 0.5134 0.0, 1.5935 0.513 0.0, 1.596 0.5149 0.0, 1.5951 0.5146 0.0, 0.9843 1.8054 0.0, 1.5945 0.5143 0.0, 1.5939 0.5139 0.0, 1.5928 0.3619 0.0, 1.5943 0.5109 0.0, 1.5938 0.5114 0.0, 1.5936 0.5119 0.0, 1.598 0.3651 0.0, 1.596 0.3644 0.0, 1.5947 0.3636 0.0, 1.599 1.8054 0.0, 1.599 0.5154 0.0, 1.5974 0.5151 0.0, 1.597 0.5096 0.0, 1.5975 0.5095 0.0, 1.599 0.5092 0.0, 1.5934 0.5127 0.0, 1.5934 0.5124 0.0, 1.6547 0.3561 0.0, 1.6598 0.3589 0.0, 1.6845 0.3663 0.0, 1.6094 0.3572 0.0, 1.6331 0.3544 0.0, 1.6071 0.3346 0.0, 1.661 0.5148 0.0, 1.6574 0.5172 0.0, 1.6711 0.5112 0.0, 1.9797 0.4387 0.0, 1.7368 0.4936 0.0, 1.7084 0.5004 0.0, 1.695 0.5035 0.0, 1.6818 0.5072 0.0, 1.6441 0.3536 0.0, 1.6493 0.3538 0.0, 1.9836 0.3346 0.0, 1.6525 0.3549 0.0, 1.6071 1.8054 0.0, 1.7096 0.3725 0.0, 1.9797 0.4308 0.0, 1.6523 0.5202 0.0, 1.6476 0.5197 0.0, 1.6393 0.5192 0.0, 1.655 0.5192 0.0, 1.6541 0.5198 0.0, 1.6534 0.52 0.0, 1.6122 0.5169 0.0, 1.6071 0.5163 0.0, 1.6026 0.5157 0.0, 1.5996 0.5155 0.0, 1.6376 0.5191 0.0, 1.599 0.3583 0.0, 1.6015 0.358 0.0, 1.6071 0.3574 0.0, 1.6342 0.1458 0.0, 1.6345 0.1461 0.0, 1.9836 0.1238 0.0, 1.6307 0.1452 0.0, 1.6313 0.145 0.0, 1.6071 0.1238 0.0, 1.9661 0.2545 0.0, 1.963 0.2673 0.0, 1.9577 0.2775 0.0, 1.9498 0.2866 0.0, 1.9374 0.2955 0.0, 1.9165 0.3038 0.0, 1.6318 0.1449 0.0, 1.6323 0.1449 0.0, 1.6331 0.1453 0.0, 1.9672 0.2369 0.0, 1.9662 0.2244 0.0, 1.9546 0.1451 0.0, 1.9535 0.1447 0.0, 1.9521 0.1445 0.0, 1.6347 0.1463 0.0, 1.6349 0.1468 0.0, 1.9316 0.1673 0.0, 1.6349 0.147 0.0, 1.6351 0.1482 0.0, 1.6349 0.1504 0.0, 1.6349 0.1582 0.0, 1.6349 0.1673 0.0, 1.667 0.2991 0.0, 1.6466 0.2878 0.0, 1.6347 0.278 0.0, 1.6269 0.2679 0.0, 1.6242 0.2626 0.0, 1.606 0.1698 0.0, 1.6071 0.1682 0.0, 1.6086 0.1661 0.0, 1.6162 0.158 0.0, 1.9565 0.1786 0.0, 1.9576 0.1905 0.0, 1.9638 0.212 0.0, 1.6278 0.1472 0.0, 1.629 0.1463 0.0, 1.63 0.1456 0.0, 1.9555 0.1458 0.0, 1.9565 0.1469 0.0, 1.9547 0.1572 0.0, 1.9459 0.1473 0.0, 1.944 0.1498 0.0, 1.9355 0.1599 0.0, 1.9476 0.1459 0.0, 1.9494 0.1449 0.0, 1.9506 0.1446 0.0, 1.9547 0.169 0.0, 1.9556 0.1738 0.0, 1.8549 0.3128 0.0, 1.7713 0.3157 0.0, 1.7035 0.3097 0.0, 1.6207 0.2509 0.0, 1.6156 0.2149 0.0, 1.6127 0.19 0.0, 1.9334 0.1635 0.0, 1.619 0.1554 0.0, 1.6263 0.1486 0.0, 1.6056 0.1729 0.0, 1.6054 0.1724 0.0, 1.599 0.1238 0.0, 1.6055 0.1709 0.0, 1.6102 0.1807 0.0, 1.6071 0.1755 0.0, 1.6067 0.1748 0.0, 1.6337 -0.1183 0.0, 1.6218 -0.128 0.0, 1.6071 -0.0743 0.0, 1.9836 -0.0743 0.0, 1.9667 -0.1065 0.0, 1.8155 -0.1065 0.0, 1.6137 -0.1391 0.0, 1.6082 -0.1524 0.0, 1.6071 -0.1597 0.0, 1.9729 -0.1716 0.0, 1.9686 -0.1551 0.0, 1.9667 -0.115 0.0, 1.9615 -0.1422 0.0, 1.9119 -0.2371 0.0, 1.9413 -0.2234 0.0, 1.9836 -0.2762 0.0, 1.7459 -0.098 0.0, 1.6787 -0.1023 0.0, 1.6524 -0.109 0.0, 1.6071 -0.1754 0.0, 1.6073 -0.1798 0.0, 1.6071 -0.2762 0.0, 1.6123 -0.1946 0.0, 1.6204 -0.2076 0.0, 1.9506 -0.1302 0.0, 1.9423 -0.124 0.0, 1.9333 -0.119 0.0, 1.7622 -0.2379 0.0, 1.7164 -0.1099 0.0, 1.86 -0.2348 0.0, 1.7464 -0.1071 0.0, 1.8793 -0.2313 0.0, 1.956 -0.211 0.0, 1.9664 -0.1971 0.0, 1.9709 -0.1884 0.0, 1.6252 -0.1716 0.0, 1.6813 -0.2239 0.0, 1.8155 -0.1172 0.0, 1.8952 -0.122 0.0, 1.9726 -0.1811 0.0, 1.6376 -0.1366 0.0, 1.647 -0.1283 0.0, 1.9188 -0.218 0.0, 1.9351 -0.2077 0.0, 1.9441 -0.1986 0.0, 1.6332 -0.1951 0.0, 1.641 -0.2034 0.0, 1.6577 -0.215 0.0, 1.6262 -0.159 0.0, 1.6307 -0.1467 0.0, 1.6615 -0.1208 0.0, 1.6992 -0.1125 0.0, 1.6311 -0.2174 0.0, 1.655 -0.2309 0.0, 1.7058 -0.2463 0.0, 1.7107 -0.2472 0.0, 1.8178 -0.2539 0.0, 1.85 -0.2509 0.0, 1.6286 -0.1878 0.0, 1.6262 -0.1804 0.0, 1.921 -0.1291 0.0, 1.9356 -0.1367 0.0, 1.9436 -0.1436 0.0, 1.9542 -0.1671 0.0, 1.9535 -0.1789 0.0, 1.9501 -0.189 0.0, 1.95 -0.1526 0.0, 1.9531 -0.1614 0.0, 1.599 -0.0743 0.0, 1.6065 -0.1637 0.0, 1.599 -0.2762 0.0, 1.9208 -0.4037 0.0, 1.6478 -0.3219 0.0, 1.649 -0.3194 0.0, 1.9836 -0.417 0.0, 1.9565 -0.3953 0.0, 1.9438 -0.4013 0.0, 1.9277 -0.4036 0.0, 1.6235 -0.2962 0.0, 1.6223 -0.2968 0.0, 1.6316 -0.3 0.0, 1.6296 -0.2981 0.0, 1.6281 -0.2972 0.0, 1.6258 -0.2965 0.0, 1.6293 -0.42 0.0, 1.6343 -0.4196 0.0, 1.6165 -0.4215 0.0, 1.6677 -0.4185 0.0, 1.632 -0.4037 0.0, 1.6357 -0.3601 0.0, 1.6389 -0.3394 0.0, 1.6404 -0.3325 0.0, 1.6373 -0.3062 0.0, 1.6424 -0.3284 0.0, 1.6453 -0.3248 0.0, 1.9225 -0.4185 0.0, 1.9502 -0.4189 0.0, 1.9774 -0.423 0.0, 1.6137 -0.4215 0.0, 1.6183 -0.3249 0.0, 1.6141 -0.3651 0.0, 1.6217 -0.2973 0.0, 1.6212 -0.2981 0.0, 1.6207 -0.2993 0.0, 1.6205 -0.3015 0.0, 1.6202 -0.3119 0.0, 1.6133 -0.3755 0.0, 1.611 -0.3992 0.0, 1.61 -0.4123 0.0, 1.6095 -0.4189 0.0, 1.61 -0.4195 0.0, 1.6091 -0.4153 0.0, 1.609 -0.4169 0.0, 1.6091 -0.418 0.0, 1.6108 -0.4203 0.0, 1.6124 -0.4211 0.0, 1.9831 -0.4241 0.0, 1.9836 -0.4236 0.0, 1.9876 -0.4202 0.0, 2.9528 -0.2762 0.0, 1.6071 -3.593 0.0, 1.9836 -3.593 0.0, 2.9528 -3.593 0.0, 1.599 -1.3636 0.0, 1.599 -3.204 0.0, 1.599 -3.593 0.0, 1.6085 -0.0373 0.0, 1.6091 -0.0387 0.0, 1.6101 -0.04 0.0, 1.6113 -0.041 0.0, 1.6295 0.1017 0.0, 1.6291 0.1011 0.0, 1.9563 -0.0507 0.0, 1.9566 -0.0506 0.0, 1.9569 -0.0504 0.0, 1.9576 -0.0491 0.0, 1.9578 -0.0482 0.0, 1.8081 -0.0203 0.0, 1.8143 0.0273 0.0, 1.9327 -0.0203 0.0, 1.8183 0.0469 0.0, 1.8291 0.0703 0.0, 1.9491 0.0868 0.0, 1.948 0.0777 0.0, 1.6322 0.1031 0.0, 1.6311 0.1028 0.0, 1.63 0.1022 0.0, 1.6082 -0.0358 0.0, 1.6084 -0.033 0.0, 1.9462 0.0644 0.0, 1.9446 0.051 0.0, 1.8262 0.0652 0.0, 1.8228 0.0595 0.0, 1.9751 0.0732 0.0, 1.9582 0.0895 0.0, 1.8075 0.0893 0.0, 1.9496 0.0893 0.0, 1.9493 0.0884 0.0, 1.8056 0.0888 0.0, 1.8048 0.0883 0.0, 1.6553 0.085 0.0, 1.8038 0.0872 0.0, 1.8033 0.0862 0.0, 1.9572 -0.05 0.0, 1.9573 -0.0499 0.0, 1.9517 0.0915 0.0, 1.951 0.0911 0.0, 1.9502 0.0903 0.0, 1.6376 0.1009 0.0, 1.6356 0.1024 0.0, 1.6344 0.1029 0.0, 1.6333 0.1032 0.0, 1.9539 0.0917 0.0, 1.9531 0.0918 0.0, 1.9523 0.0917 0.0, 1.811 0.088 0.0, 1.8097 0.0887 0.0, 1.8085 0.0892 0.0, 1.7883 -0.0203 0.0, 1.6349 -0.0203 0.0, 1.6467 0.0641 0.0, 1.6162 0.0035 0.0, 1.6116 -0.0225 0.0, 1.6093 -0.0289 0.0, 1.613 -0.0417 0.0, 1.6152 -0.0421 0.0, 1.6195 -0.0418 0.0, 1.9498 -0.05 0.0, 1.9521 -0.0506 0.0, 1.9535 -0.0507 0.0, 1.9577 -0.0466 0.0, 1.9576 -0.0458 0.0, 1.9559 -0.035 0.0, 1.8031 0.0853 0.0, 1.803 0.0839 0.0, 1.6524 0.08 0.0, 1.6488 0.0723 0.0, 1.6288 0.1002 0.0, 1.6286 0.0979 0.0, 1.6286 0.0975 0.0, 1.9546 -0.0507 0.0, 1.9558 -0.0508 0.0, 1.9547 -0.0254 0.0, 1.9547 -0.0157 0.0, 1.9547 -0.0141 0.0, 1.9605 0.0301 0.0, 1.9644 0.0496 0.0, 1.9563 0.0906 0.0, 1.9549 0.0913 0.0, 1.8065 0.0892 0.0, 1.8126 0.0868 0.0, 1.6281 0.089 0.0, 1.6228 0.0462 0.0, 1.9397 -0.0427 0.0, 1.9442 -0.0464 0.0, 1.9473 -0.0487 0.0, 1.955 -0.003 0.0, 1.9565 0.008 0.0, 1.97 0.0652 0.0, 1.9718 0.0681 0.0, 1.6338 -0.0382 0.0, 1.6485 -0.0367 0.0, 1.6592 -0.0367 0.0, 1.9327 -0.0367 0.0, 1.6734 -0.0361 0.0, 1.6663 -0.0364 0.0, 0.9843 0.1238 0.0, 0.9843 -0.0743 0.0, 0.9843 -0.2762 0.0, 0.9843 -1.3636 0.0, 0.9843 -3.204 0.0, 0.9843 -3.593 0.0, 2.9528 0.3346 0.0, 2.9528 0.1238 0.0, 2.9528 -0.0743 0.0, 0.9843 4.1732 0.0, 1.599 4.1732 0.0, 0.9843 -4.1732 2.1654, 2.9528 -4.1732 2.1654, 1.1811 -4.034 2.3045, 1.1811 -2.9205 3.4181, 2.7559 -4.034 2.3045, 2.7559 -2.9205 3.4181, 1.1811 0.1885 9.2829, 1.1811 1.0236 10.1181, 0.9843 1.0236 10.1181, 1.1811 -0.6467 8.4478, 2.7559 0.1885 9.2829, 2.7559 -0.6467 8.4478, 2.7559 1.0236 10.1181, 2.9528 1.0236 10.1181, 2.7559 -2.0943 7.0002, 1.1811 -2.0943 7.0002, 2.9528 2.5984 10.1181, 0.9843 2.5984 10.1181, 0.9843 2.5984 10.5118, 2.9528 2.5984 10.5118, 0.9843 4.1732 10.5118, 2.9528 4.1732 10.5118, 2.7559 1.5804 7.891, 1.1811 1.5804 7.891, 2.7559 2.4156 8.7262, 1.1811 2.4156 8.7262, 2.7559 -0.7024 5.6082, 1.1811 -0.7024 5.6082, 2.5689 0.2467 6.5573, 2.5689 0.021 6.3316, 1.3878 0.2467 6.5573, 1.1811 1.302 7.6126, 1.3878 0.021 6.3316, 1.8209 0.2467 6.5573, 1.8209 0.4808 6.7914, 1.3878 0.4808 6.7914, 1.3878 0.6923 7.0029, 2.7559 1.302 7.6126, 2.5689 0.6923 7.0029, 2.5689 0.4808 6.7914, 2.1161 0.4808 6.7914, 2.1161 0.2467 6.5573, 2.7559 -0.424 8.2251, 1.1811 -0.424 8.2251, 2.7559 0.1328 8.7818, 1.1811 0.1328 8.7818, 2.7559 -1.9093 3.8107, 1.1811 -1.9093 3.8107, 2.7559 -0.9251 4.795, 1.1811 -0.9251 4.795, 1.8209 -2.6904 0.9609, 2.1161 -2.6904 0.9609, 2.7559 -2.6978 3.1954, 1.1811 -2.6978 3.1954, 2.7559 -2.141 3.7522, 1.1811 -2.141 3.7522, 1.7028 3.6024 0.3937, 2.2343 3.6024 0.3937, 1.7028 3.0906 0.3937, 2.2343 3.0906 0.3937, 2.1161 3.4843 0.3937, 2.1161 3.2087 0.3937, 1.8209 3.2087 0.3937, 1.8209 3.4843 0.3937, 1.7028 -2.3031 0.3937, 2.2343 -2.3031 0.3937, 1.7028 -2.815 0.3937, 2.2343 -2.815 0.3937, 2.1161 -2.4213 0.3937, 2.1161 -2.6969 0.3937, 1.8209 -2.6969 0.3937, 1.8209 -2.4213 0.3937, 1.6547 0.377 0.0039, 1.7391 0.3952 0.0039, 1.6116 0.3685 0.0039, 1.598 0.3651 0.0039, 1.596 0.3644 0.0039, 1.5947 0.3636 0.0039, 1.5936 0.3629 0.0039, 1.593 0.3623 0.0039, 1.5928 0.3619 0.0039, 1.5926 0.3615 0.0039, 1.5926 0.3611 0.0039, 1.5926 0.3607 0.0039, 1.5928 0.3603 0.0039, 1.593 0.36 0.0039, 1.5935 0.3596 0.0039, 1.5943 0.3591 0.0039, 1.5956 0.3588 0.0039, 1.6015 0.358 0.0039, 1.6094 0.3572 0.0039, 1.6331 0.3544 0.0039, 1.6441 0.3536 0.0039, 1.6493 0.3538 0.0039, 1.6525 0.3549 0.0039, 1.6547 0.3561 0.0039, 1.6598 0.3589 0.0039, 1.6845 0.3663 0.0039, 1.7096 0.3725 0.0039, 1.9797 0.4308 0.0039, 1.9797 0.4387 0.0039, 1.7368 0.4936 0.0039, 1.7084 0.5004 0.0039, 1.695 0.5035 0.0039, 1.6818 0.5072 0.0039, 1.6711 0.5112 0.0039, 1.661 0.5148 0.0039, 1.6574 0.5172 0.0039, 1.655 0.5192 0.0039, 1.6541 0.5198 0.0039, 1.6534 0.52 0.0039, 1.6523 0.5202 0.0039, 1.6476 0.5197 0.0039, 1.6393 0.5192 0.0039, 1.6376 0.5191 0.0039, 1.6122 0.5169 0.0039, 1.6026 0.5157 0.0039, 1.5996 0.5155 0.0039, 1.5974 0.5151 0.0039, 1.596 0.5149 0.0039, 1.5951 0.5146 0.0039, 1.5945 0.5143 0.0039, 1.5939 0.5139 0.0039, 1.5936 0.5134 0.0039, 1.5935 0.513 0.0039, 1.5934 0.5127 0.0039, 1.5934 0.5124 0.0039, 1.5936 0.5119 0.0039, 1.5938 0.5114 0.0039, 1.5943 0.5109 0.0039, 1.5951 0.5103 0.0039, 1.597 0.5096 0.0039, 1.5975 0.5095 0.0039, 1.6201 0.5056 0.0039, 1.7577 0.4722 0.0039, 1.9253 0.4348 0.0039, 1.7589 0.3979 0.0039, 1.7662 0.471 0.0039, 1.7809 0.4557 0.0039, 1.7713 0.4415 0.0039, 1.7686 0.4366 0.0039, 1.7635 0.4202 0.0039, 1.7589 0.3979 0.0, 1.9253 0.4348 0.0, 1.7635 0.4202 0.0, 1.7686 0.4366 0.0, 1.7713 0.4415 0.0, 1.7809 0.4557 0.0, 1.7662 0.471 0.0, 1.944 0.1498 0.0039, 1.9355 0.1599 0.0039, 1.9459 0.1473 0.0039, 1.9476 0.1459 0.0039, 1.9494 0.1449 0.0039, 1.9506 0.1446 0.0039, 1.9521 0.1445 0.0039, 1.9535 0.1447 0.0039, 1.9546 0.1451 0.0039, 1.9555 0.1458 0.0039, 1.9565 0.1469 0.0039, 1.9547 0.1572 0.0039, 1.9547 0.169 0.0039, 1.9556 0.1738 0.0039, 1.9565 0.1786 0.0039, 1.9576 0.1905 0.0039, 1.9638 0.212 0.0039, 1.9662 0.2244 0.0039, 1.9672 0.2369 0.0039, 1.9661 0.2545 0.0039, 1.963 0.2673 0.0039, 1.9577 0.2775 0.0039, 1.9498 0.2866 0.0039, 1.9374 0.2955 0.0039, 1.9165 0.3038 0.0039, 1.8549 0.3128 0.0039, 1.7713 0.3157 0.0039, 1.7035 0.3097 0.0039, 1.667 0.2991 0.0039, 1.6466 0.2878 0.0039, 1.6347 0.278 0.0039, 1.6269 0.2679 0.0039, 1.6242 0.2626 0.0039, 1.6207 0.2509 0.0039, 1.6156 0.2149 0.0039, 1.6127 0.19 0.0039, 1.6102 0.1807 0.0039, 1.6067 0.1748 0.0039, 1.6056 0.1729 0.0039, 1.6054 0.1724 0.0039, 1.6055 0.1709 0.0039, 1.606 0.1698 0.0039, 1.6086 0.1661 0.0039, 1.6162 0.158 0.0039, 1.619 0.1554 0.0039, 1.6263 0.1486 0.0039, 1.6278 0.1472 0.0039, 1.629 0.1463 0.0039, 1.63 0.1456 0.0039, 1.6307 0.1452 0.0039, 1.6313 0.145 0.0039, 1.6318 0.1449 0.0039, 1.6323 0.1449 0.0039, 1.6331 0.1453 0.0039, 1.6342 0.1458 0.0039, 1.6345 0.1461 0.0039, 1.6347 0.1463 0.0039, 1.6349 0.1468 0.0039, 1.6349 0.147 0.0039, 1.6351 0.1482 0.0039, 1.6349 0.1504 0.0039, 1.6349 0.1582 0.0039, 1.6349 0.1673 0.0039, 1.9316 0.1673 0.0039, 1.9334 0.1635 0.0039, 1.636 0.2007 0.0039, 1.6356 0.1919 0.0039, 1.636 0.1832 0.0039, 1.9355 0.1832 0.0039, 1.9401 0.1939 0.0039, 1.9456 0.218 0.0039, 1.9474 0.2426 0.0039, 1.9446 0.2576 0.0039, 1.6443 0.2557 0.0039, 1.6483 0.2648 0.0039, 1.6537 0.2717 0.0039, 1.662 0.2781 0.0039, 1.6889 0.2899 0.0039, 1.6388 0.2256 0.0039, 1.6411 0.243 0.0039, 1.9403 0.2685 0.0039, 1.9354 0.2752 0.0039, 1.9273 0.282 0.0039, 1.9151 0.2883 0.0039, 1.8981 0.2932 0.0039, 1.8211 0.2999 0.0039, 1.7462 0.2992 0.0039, 1.6388 0.2256 0.0, 1.636 0.2007 0.0, 1.6411 0.243 0.0, 1.6443 0.2557 0.0, 1.6483 0.2648 0.0, 1.6537 0.2717 0.0, 1.662 0.2781 0.0, 1.6889 0.2899 0.0, 1.7462 0.2992 0.0, 1.8211 0.2999 0.0, 1.8981 0.2932 0.0, 1.9151 0.2883 0.0, 1.9273 0.282 0.0, 1.9354 0.2752 0.0, 1.9403 0.2685 0.0, 1.9446 0.2576 0.0, 1.9474 0.2426 0.0, 1.9456 0.218 0.0, 1.9401 0.1939 0.0, 1.9355 0.1832 0.0, 1.636 0.1832 0.0, 1.6356 0.1919 0.0, 1.8143 0.0273 0.0039, 1.8081 -0.0203 0.0039, 1.8183 0.0469 0.0039, 1.8228 0.0595 0.0039, 1.8262 0.0652 0.0039, 1.8291 0.0703 0.0039, 1.8126 0.0868 0.0039, 1.811 0.088 0.0039, 1.8097 0.0887 0.0039, 1.8085 0.0892 0.0039, 1.8075 0.0893 0.0039, 1.8065 0.0892 0.0039, 1.8056 0.0888 0.0039, 1.8048 0.0883 0.0039, 1.8038 0.0872 0.0039, 1.8033 0.0862 0.0039, 1.8031 0.0853 0.0039, 1.803 0.0839 0.0039, 1.7883 -0.0203 0.0039, 1.6349 -0.0203 0.0039, 1.6467 0.0641 0.0039, 1.6488 0.0723 0.0039, 1.6524 0.08 0.0039, 1.6553 0.085 0.0039, 1.6376 0.1009 0.0039, 1.6356 0.1024 0.0039, 1.6344 0.1029 0.0039, 1.6333 0.1032 0.0039, 1.6322 0.1031 0.0039, 1.6311 0.1028 0.0039, 1.63 0.1022 0.0039, 1.6295 0.1017 0.0039, 1.6291 0.1011 0.0039, 1.6288 0.1002 0.0039, 1.6286 0.0979 0.0039, 1.6286 0.0975 0.0039, 1.6281 0.089 0.0039, 1.6228 0.0462 0.0039, 1.6162 0.0035 0.0039, 1.6116 -0.0225 0.0039, 1.6093 -0.0289 0.0039, 1.6084 -0.033 0.0039, 1.6082 -0.0358 0.0039, 1.6085 -0.0373 0.0039, 1.6091 -0.0387 0.0039, 1.6101 -0.04 0.0039, 1.6113 -0.041 0.0039, 1.613 -0.0417 0.0039, 1.6152 -0.0421 0.0039, 1.6195 -0.0418 0.0039, 1.6338 -0.0382 0.0039, 1.6485 -0.0367 0.0039, 1.6592 -0.0367 0.0039, 1.6663 -0.0364 0.0039, 1.6734 -0.0361 0.0039, 1.9327 -0.0367 0.0039, 1.9397 -0.0427 0.0039, 1.9442 -0.0464 0.0039, 1.9473 -0.0487 0.0039, 1.9498 -0.05 0.0039, 1.9521 -0.0506 0.0039, 1.9535 -0.0507 0.0039, 1.9546 -0.0507 0.0039, 1.9558 -0.0508 0.0039, 1.9563 -0.0507 0.0039, 1.9566 -0.0506 0.0039, 1.9569 -0.0504 0.0039, 1.9572 -0.05 0.0039, 1.9573 -0.0499 0.0039, 1.9576 -0.0491 0.0039, 1.9578 -0.0482 0.0039, 1.9577 -0.0466 0.0039, 1.9576 -0.0458 0.0039, 1.9559 -0.035 0.0039, 1.9547 -0.0254 0.0039, 1.9547 -0.0157 0.0039, 1.9547 -0.0141 0.0039, 1.955 -0.003 0.0039, 1.9565 0.008 0.0039, 1.9605 0.0301 0.0039, 1.9644 0.0496 0.0039, 1.97 0.0652 0.0039, 1.9718 0.0681 0.0039, 1.9751 0.0732 0.0039, 1.9582 0.0895 0.0039, 1.9563 0.0906 0.0039, 1.9549 0.0913 0.0039, 1.9539 0.0917 0.0039, 1.9531 0.0918 0.0039, 1.9523 0.0917 0.0039, 1.9517 0.0915 0.0039, 1.951 0.0911 0.0039, 1.9502 0.0903 0.0039, 1.9496 0.0893 0.0039, 1.9493 0.0884 0.0039, 1.9491 0.0868 0.0039, 1.948 0.0777 0.0039, 1.9462 0.0644 0.0039, 1.9446 0.051 0.0039, 1.9327 -0.0203 0.0039, 1.9667 -0.1065 0.0039, 1.9667 -0.115 0.0039, 1.8155 -0.1065 0.0039, 1.8155 -0.1172 0.0039, 1.8952 -0.122 0.0039, 1.921 -0.1291 0.0039, 1.9356 -0.1367 0.0039, 1.9436 -0.1436 0.0039, 1.95 -0.1526 0.0039, 1.9531 -0.1614 0.0039, 1.9542 -0.1671 0.0039, 1.9535 -0.1789 0.0039, 1.9501 -0.189 0.0039, 1.9441 -0.1986 0.0039, 1.9351 -0.2077 0.0039, 1.9188 -0.218 0.0039, 1.8793 -0.2313 0.0039, 1.86 -0.2348 0.0039, 1.7622 -0.2379 0.0039, 1.6813 -0.2239 0.0039, 1.6577 -0.215 0.0039, 1.641 -0.2034 0.0039, 1.6332 -0.1951 0.0039, 1.6286 -0.1878 0.0039, 1.6262 -0.1804 0.0039, 1.6252 -0.1716 0.0039, 1.6262 -0.159 0.0039, 1.6307 -0.1467 0.0039, 1.6376 -0.1366 0.0039, 1.647 -0.1283 0.0039, 1.6615 -0.1208 0.0039, 1.6992 -0.1125 0.0039, 1.7164 -0.1099 0.0039, 1.7464 -0.1071 0.0039, 1.7459 -0.098 0.0039, 1.6787 -0.1023 0.0039, 1.6524 -0.109 0.0039, 1.6337 -0.1183 0.0039, 1.6218 -0.128 0.0039, 1.6137 -0.1391 0.0039, 1.6082 -0.1524 0.0039, 1.6065 -0.1637 0.0039, 1.6073 -0.1798 0.0039, 1.6123 -0.1946 0.0039, 1.6204 -0.2076 0.0039, 1.6311 -0.2174 0.0039, 1.655 -0.2309 0.0039, 1.7058 -0.2463 0.0039, 1.7107 -0.2472 0.0039, 1.8178 -0.2539 0.0039, 1.85 -0.2509 0.0039, 1.9119 -0.2371 0.0039, 1.9413 -0.2234 0.0039, 1.956 -0.211 0.0039, 1.9664 -0.1971 0.0039, 1.9709 -0.1884 0.0039, 1.9726 -0.1811 0.0039, 1.9729 -0.1716 0.0039, 1.9686 -0.1551 0.0039, 1.9615 -0.1422 0.0039, 1.9506 -0.1302 0.0039, 1.9423 -0.124 0.0039, 1.9333 -0.119 0.0039, 1.9565 -0.3953 0.0039, 1.9876 -0.4202 0.0039, 1.9438 -0.4013 0.0039, 1.9277 -0.4036 0.0039, 1.9208 -0.4037 0.0039, 1.632 -0.4037 0.0039, 1.6357 -0.3601 0.0039, 1.6389 -0.3394 0.0039, 1.6404 -0.3325 0.0039, 1.6424 -0.3284 0.0039, 1.6453 -0.3248 0.0039, 1.6478 -0.3219 0.0039, 1.649 -0.3194 0.0039, 1.6373 -0.3062 0.0039, 1.6316 -0.3 0.0039, 1.6296 -0.2981 0.0039, 1.6281 -0.2972 0.0039, 1.6258 -0.2965 0.0039, 1.6235 -0.2962 0.0039, 1.6223 -0.2968 0.0039, 1.6217 -0.2973 0.0039, 1.6212 -0.2981 0.0039, 1.6207 -0.2993 0.0039, 1.6205 -0.3015 0.0039, 1.6202 -0.3119 0.0039, 1.6183 -0.3249 0.0039, 1.6141 -0.3651 0.0039, 1.6133 -0.3755 0.0039, 1.611 -0.3992 0.0039, 1.61 -0.4123 0.0039, 1.6091 -0.4153 0.0039, 1.609 -0.4169 0.0039, 1.6091 -0.418 0.0039, 1.6095 -0.4189 0.0039, 1.61 -0.4195 0.0039, 1.6108 -0.4203 0.0039, 1.6124 -0.4211 0.0039, 1.6137 -0.4215 0.0039, 1.6165 -0.4215 0.0039, 1.6293 -0.42 0.0039, 1.6343 -0.4196 0.0039, 1.6677 -0.4185 0.0039, 1.9225 -0.4185 0.0039, 1.9502 -0.4189 0.0039, 1.9774 -0.423 0.0039, 1.9831 -0.4241 0.0039, 1.9831 -0.4241 0.0039
            ]
        }
        coordIndex [
            0,1,2,-1,2,1,3,-1,2,3,4,-1,5,6,7,-1,7,6,8,-1,7,8,9,-1,9,8,10,-1,9,10,4,-1,4,10,11,-1,4,11,2,-1,12,13,14,-1,14,13,15,-1,14,15,16,-1,16,15,17,-1,16,17,18,-1,18,17,19,-1,18,19,12,-1,12,19,13,-1,20,21,22,-1,23,24,25,-1,26,27,28,-1,28,27,29,-1,28,29,30,-1,30,29,31,-1,30,31,32,-1,32,31,33,-1,32,33,24,-1,34,35,36,-1,36,35,37,-1,37,35,38,-1,37,38,39,-1,39,38,40,-1,39,40,41,-1,41,40,42,-1,41,42,43,-1,43,42,44,-1,43,44,45,-1,46,47,48,-1,48,47,49,-1,48,49,20,-1,20,49,50,-1,20,50,21,-1,51,52,53,-1,53,52,54,-1,53,54,55,-1,56,55,57,-1,57,58,56,-1,56,58,59,-1,56,59,60,-1,61,62,63,-1,64,65,53,-1,66,67,68,-1,68,67,69,-1,68,69,53,-1,53,69,70,-1,53,70,64,-1,62,71,63,-1,63,71,51,-1,63,51,72,-1,72,51,53,-1,72,53,73,-1,73,53,74,-1,75,76,63,-1,63,76,77,-1,63,77,61,-1,78,79,68,-1,68,79,80,-1,68,80,66,-1,63,81,75,-1,75,81,82,-1,75,82,22,-1,22,82,83,-1,22,83,20,-1,65,84,53,-1,53,84,85,-1,53,85,74,-1,86,87,88,-1,89,90,91,-1,92,93,94,-1,94,93,95,-1,94,95,96,-1,96,97,94,-1,94,97,98,-1,94,98,99,-1,90,100,91,-1,91,100,101,-1,91,101,102,-1,102,101,103,-1,102,95,25,-1,25,95,104,-1,25,104,23,-1,86,88,103,-1,103,88,105,-1,103,105,102,-1,102,105,106,-1,102,106,95,-1,107,108,109,-1,93,110,95,-1,95,110,111,-1,95,111,104,-1,104,111,112,-1,104,112,107,-1,113,114,104,-1,104,114,115,-1,104,115,78,-1,78,115,116,-1,78,116,79,-1,107,109,104,-1,104,109,117,-1,104,117,113,-1,60,118,56,-1,56,118,119,-1,56,119,91,-1,91,119,120,-1,91,120,89,-1,121,122,123,-1,124,125,126,-1,127,128,102,-1,102,128,129,-1,129,130,102,-1,102,130,131,-1,102,131,132,-1,125,133,126,-1,126,133,134,-1,126,134,123,-1,123,134,135,-1,123,135,121,-1,127,102,136,-1,136,102,123,-1,136,123,137,-1,138,123,139,-1,139,123,140,-1,141,142,143,-1,143,142,144,-1,143,144,145,-1,145,146,143,-1,143,146,147,-1,143,147,148,-1,91,149,150,-1,150,151,91,-1,91,151,152,-1,91,152,153,-1,154,155,126,-1,126,155,156,-1,126,156,157,-1,158,159,123,-1,123,159,160,-1,123,160,137,-1,161,162,126,-1,126,162,163,-1,126,163,124,-1,138,164,123,-1,123,164,165,-1,123,165,166,-1,167,122,168,-1,168,122,169,-1,167,170,122,-1,122,170,171,-1,122,171,123,-1,123,171,172,-1,123,172,140,-1,166,173,123,-1,123,173,174,-1,123,174,158,-1,132,175,102,-1,102,175,176,-1,102,176,91,-1,91,176,177,-1,91,177,149,-1,153,178,91,-1,91,178,179,-1,91,179,180,-1,141,143,122,-1,122,143,181,-1,122,181,169,-1,157,182,126,-1,126,182,183,-1,126,183,161,-1,184,185,56,-1,56,185,186,-1,186,185,187,-1,186,187,154,-1,180,188,91,-1,91,188,189,-1,91,189,56,-1,56,189,190,-1,56,190,184,-1,191,192,193,-1,194,195,196,-1,192,197,193,-1,193,197,198,-1,193,198,199,-1,200,201,202,-1,202,201,203,-1,204,205,206,-1,207,208,193,-1,193,208,209,-1,193,209,191,-1,210,211,212,-1,212,211,213,-1,212,213,214,-1,203,215,202,-1,202,215,216,-1,202,216,217,-1,218,219,220,-1,220,219,221,-1,220,221,222,-1,205,223,206,-1,206,223,224,-1,206,224,225,-1,226,218,227,-1,193,194,207,-1,207,194,196,-1,207,196,221,-1,221,196,228,-1,221,228,222,-1,222,228,229,-1,225,230,206,-1,206,230,200,-1,206,200,194,-1,194,200,202,-1,194,202,195,-1,218,231,232,-1,233,222,234,-1,234,222,235,-1,236,227,237,-1,237,227,238,-1,226,239,218,-1,218,239,240,-1,218,240,231,-1,232,241,218,-1,218,241,242,-1,218,242,219,-1,214,243,212,-1,212,243,244,-1,212,244,245,-1,245,246,212,-1,212,246,247,-1,212,247,206,-1,206,247,248,-1,206,248,204,-1,236,249,227,-1,227,249,250,-1,227,250,226,-1,229,251,222,-1,222,251,252,-1,222,252,253,-1,254,255,222,-1,222,255,256,-1,222,256,235,-1,253,257,222,-1,222,257,258,-1,222,258,254,-1,259,260,261,-1,261,260,210,-1,262,263,264,-1,206,265,266,-1,266,267,206,-1,206,267,268,-1,206,268,262,-1,212,269,270,-1,271,272,206,-1,206,272,273,-1,206,273,212,-1,212,273,274,-1,212,274,269,-1,275,276,277,-1,277,276,278,-1,279,280,262,-1,262,280,281,-1,262,281,282,-1,262,264,206,-1,206,264,283,-1,206,283,271,-1,282,284,262,-1,262,284,285,-1,262,285,263,-1,286,287,288,-1,44,289,277,-1,212,290,291,-1,270,292,212,-1,212,292,293,-1,212,293,294,-1,278,286,277,-1,277,286,288,-1,277,288,44,-1,44,288,34,-1,44,34,45,-1,45,34,36,-1,294,295,212,-1,212,295,296,-1,212,296,290,-1,291,297,212,-1,212,297,298,-1,212,298,299,-1,44,300,301,-1,299,302,212,-1,212,302,303,-1,212,303,44,-1,44,303,304,-1,44,304,300,-1,301,305,44,-1,44,305,306,-1,44,306,289,-1,288,307,34,-1,34,307,308,-1,34,308,35,-1,35,308,309,-1,35,309,310,-1,311,42,312,-1,312,42,40,-1,312,40,313,-1,313,40,38,-1,210,212,261,-1,261,212,44,-1,261,44,314,-1,314,44,42,-1,314,42,315,-1,315,42,311,-1,315,311,316,-1,317,318,193,-1,193,318,319,-1,193,319,320,-1,126,321,322,-1,323,324,194,-1,194,324,325,-1,194,326,327,-1,328,329,330,-1,330,329,331,-1,332,333,334,-1,335,336,126,-1,126,336,337,-1,126,337,321,-1,317,193,338,-1,338,193,126,-1,338,126,339,-1,334,340,332,-1,332,340,341,-1,332,341,342,-1,342,341,330,-1,342,330,343,-1,343,330,331,-1,194,344,123,-1,123,344,345,-1,346,347,348,-1,349,350,351,-1,351,350,352,-1,351,352,353,-1,325,354,194,-1,194,354,355,-1,194,355,326,-1,356,357,346,-1,346,357,358,-1,346,358,347,-1,123,351,359,-1,359,360,123,-1,123,360,361,-1,123,361,126,-1,126,361,362,-1,126,362,335,-1,363,364,123,-1,123,364,365,-1,366,367,348,-1,348,367,368,-1,348,368,346,-1,369,370,371,-1,372,373,126,-1,126,373,374,-1,126,374,339,-1,320,375,193,-1,193,375,376,-1,193,376,377,-1,193,378,194,-1,194,378,379,-1,194,379,380,-1,327,381,194,-1,194,381,382,-1,194,382,383,-1,353,384,351,-1,351,384,385,-1,351,385,386,-1,386,385,369,-1,386,369,387,-1,387,369,371,-1,322,388,126,-1,126,388,389,-1,126,389,390,-1,380,391,194,-1,194,391,392,-1,194,392,323,-1,383,393,194,-1,194,393,394,-1,194,394,395,-1,194,396,397,-1,345,398,123,-1,123,398,399,-1,123,399,363,-1,365,356,123,-1,123,356,346,-1,123,346,351,-1,351,346,400,-1,351,400,349,-1,333,332,348,-1,348,332,401,-1,348,401,366,-1,390,402,126,-1,126,402,403,-1,126,403,372,-1,404,405,193,-1,193,405,406,-1,193,406,378,-1,395,407,194,-1,194,407,408,-1,194,408,396,-1,397,409,194,-1,194,409,410,-1,194,410,344,-1,377,411,193,-1,193,411,412,-1,193,412,413,-1,414,404,415,-1,415,404,193,-1,415,193,416,-1,416,193,413,-1,154,126,186,-1,186,126,193,-1,186,193,259,-1,259,193,199,-1,259,199,260,-1,55,56,53,-1,53,56,186,-1,53,186,417,-1,417,186,259,-1,417,259,418,-1,418,259,261,-1,418,261,419,-1,419,261,314,-1,419,314,420,-1,420,314,315,-1,420,315,421,-1,421,315,316,-1,421,316,422,-1,24,33,25,-1,25,33,423,-1,25,423,102,-1,102,423,424,-1,102,424,123,-1,123,424,425,-1,123,425,194,-1,194,425,310,-1,194,310,206,-1,206,310,309,-1,206,309,265,-1,68,426,78,-1,78,426,427,-1,78,427,104,-1,104,427,27,-1,104,27,23,-1,23,27,26,-1,428,422,316,-1,312,313,429,-1,428,316,429,-1,429,316,311,-1,429,311,312,-1,428,430,431,-1,430,428,432,-1,432,428,429,-1,432,429,433,-1,433,429,19,-1,433,19,431,-1,431,19,17,-1,431,17,428,-1,434,435,436,-1,436,15,434,-1,434,15,437,-1,434,437,438,-1,438,437,439,-1,440,438,441,-1,441,438,439,-1,441,439,13,-1,13,439,442,-1,13,442,15,-1,15,442,443,-1,15,443,437,-1,441,444,440,-1,440,444,445,-1,440,445,435,-1,435,445,436,-1,446,445,447,-1,447,445,444,-1,448,446,449,-1,449,446,447,-1,427,426,448,-1,449,31,29,-1,449,29,448,-1,448,29,27,-1,448,27,427,-1,446,448,445,-1,445,448,426,-1,436,445,15,-1,15,445,426,-1,15,426,17,-1,17,426,68,-1,17,68,53,-1,53,417,17,-1,17,417,418,-1,17,418,419,-1,422,428,421,-1,421,428,17,-1,421,17,420,-1,420,17,419,-1,441,31,444,-1,444,31,449,-1,444,449,447,-1,19,429,313,-1,313,38,19,-1,19,38,35,-1,19,35,310,-1,310,425,19,-1,19,425,424,-1,19,424,423,-1,441,13,31,-1,31,13,19,-1,31,19,33,-1,33,19,423,-1,438,450,434,-1,434,450,451,-1,450,452,451,-1,451,452,453,-1,452,440,453,-1,453,440,435,-1,440,452,438,-1,438,452,450,-1,453,435,451,-1,451,435,434,-1,442,454,443,-1,443,454,455,-1,456,457,454,-1,458,459,455,-1,454,457,455,-1,455,457,460,-1,455,460,458,-1,461,462,458,-1,458,462,463,-1,458,463,459,-1,459,463,464,-1,459,464,465,-1,465,464,466,-1,465,466,467,-1,468,469,467,-1,467,469,456,-1,467,456,465,-1,465,456,454,-1,470,439,471,-1,471,439,437,-1,472,465,470,-1,470,465,454,-1,470,454,439,-1,439,454,442,-1,437,443,471,-1,471,443,455,-1,471,455,473,-1,473,455,459,-1,18,474,16,-1,16,474,475,-1,474,476,475,-1,475,476,477,-1,476,12,477,-1,477,12,14,-1,476,474,12,-1,12,474,18,-1,475,477,16,-1,16,477,14,-1,0,2,478,-1,478,2,430,-1,478,430,479,-1,479,430,432,-1,479,432,6,-1,6,432,8,-1,480,433,481,-1,481,433,431,-1,482,10,480,-1,480,10,8,-1,480,8,433,-1,433,8,432,-1,431,430,481,-1,481,430,2,-1,481,2,483,-1,483,2,11,-1,473,472,471,-1,471,472,470,-1,465,472,459,-1,459,472,473,-1,483,482,481,-1,481,482,480,-1,10,482,11,-1,11,482,483,-1,484,26,485,-1,485,26,28,-1,485,28,30,-1,484,486,26,-1,26,486,23,-1,23,486,24,-1,24,486,487,-1,24,487,32,-1,487,485,32,-1,32,485,30,-1,488,485,489,-1,489,485,487,-1,489,487,490,-1,490,487,486,-1,490,486,491,-1,491,486,484,-1,491,484,488,-1,488,484,485,-1,492,43,493,-1,493,43,45,-1,493,45,36,-1,492,494,43,-1,43,494,41,-1,41,494,39,-1,39,494,495,-1,39,495,37,-1,495,493,37,-1,37,493,36,-1,496,493,497,-1,497,493,495,-1,497,495,498,-1,498,495,494,-1,498,494,499,-1,499,494,492,-1,499,492,496,-1,496,492,493,-1,500,49,501,-1,501,49,47,-1,502,50,500,-1,500,50,49,-1,503,75,22,-1,503,22,502,-1,502,22,21,-1,502,21,50,-1,75,503,504,-1,75,504,76,-1,76,504,505,-1,76,505,77,-1,77,505,506,-1,77,506,61,-1,61,506,507,-1,61,507,62,-1,62,507,508,-1,62,508,71,-1,71,508,509,-1,71,509,51,-1,51,509,510,-1,51,510,52,-1,52,510,511,-1,52,511,54,-1,54,511,512,-1,54,512,55,-1,55,512,513,-1,55,513,57,-1,57,513,514,-1,57,514,58,-1,58,514,515,-1,58,515,59,-1,59,515,516,-1,59,516,60,-1,60,516,118,-1,118,516,517,-1,118,517,119,-1,119,517,120,-1,120,517,518,-1,120,518,89,-1,519,90,518,-1,518,90,89,-1,90,519,520,-1,90,520,100,-1,100,520,521,-1,100,521,101,-1,101,521,522,-1,101,522,103,-1,103,522,523,-1,103,523,86,-1,524,87,523,-1,523,87,86,-1,87,524,525,-1,87,525,88,-1,88,525,526,-1,88,526,105,-1,527,106,526,-1,526,106,105,-1,528,95,527,-1,527,95,106,-1,529,96,528,-1,528,96,95,-1,530,97,529,-1,529,97,96,-1,97,530,531,-1,97,531,98,-1,98,531,532,-1,98,532,99,-1,533,94,532,-1,532,94,99,-1,94,533,534,-1,94,534,92,-1,92,534,535,-1,92,535,93,-1,93,535,536,-1,93,536,110,-1,110,536,537,-1,110,537,111,-1,111,537,538,-1,111,538,112,-1,112,538,539,-1,112,539,107,-1,107,539,540,-1,107,540,108,-1,108,540,541,-1,108,541,109,-1,109,541,542,-1,109,542,117,-1,543,113,542,-1,542,113,117,-1,113,543,114,-1,114,543,544,-1,114,544,115,-1,116,115,545,-1,545,115,544,-1,116,545,79,-1,79,545,546,-1,79,546,80,-1,80,546,547,-1,80,547,66,-1,66,547,548,-1,66,548,67,-1,67,548,549,-1,67,549,69,-1,69,549,550,-1,69,550,70,-1,70,550,551,-1,70,551,64,-1,64,551,552,-1,64,552,65,-1,65,552,553,-1,65,553,84,-1,84,553,554,-1,84,554,85,-1,85,554,555,-1,85,555,74,-1,74,555,556,-1,74,556,73,-1,73,556,557,-1,73,557,72,-1,72,557,558,-1,72,558,63,-1,63,558,559,-1,63,559,81,-1,81,559,560,-1,81,560,82,-1,560,561,48,-1,48,20,560,-1,560,20,83,-1,560,83,82,-1,562,46,561,-1,561,46,48,-1,562,501,46,-1,46,501,47,-1,563,527,564,-1,564,527,526,-1,562,565,566,-1,536,535,561,-1,561,535,534,-1,561,534,533,-1,566,567,562,-1,562,567,568,-1,562,568,501,-1,501,568,569,-1,525,500,526,-1,526,500,501,-1,526,501,564,-1,564,501,569,-1,547,546,559,-1,559,546,560,-1,533,532,561,-1,561,532,531,-1,561,531,562,-1,562,531,530,-1,562,530,565,-1,565,530,529,-1,565,529,563,-1,563,529,528,-1,563,528,527,-1,500,519,502,-1,502,519,518,-1,502,518,503,-1,503,518,517,-1,503,517,504,-1,504,517,516,-1,504,516,505,-1,542,541,561,-1,561,541,540,-1,561,540,539,-1,525,524,500,-1,500,524,523,-1,500,523,522,-1,546,545,560,-1,560,545,544,-1,560,544,561,-1,561,544,543,-1,561,543,542,-1,522,521,500,-1,500,521,520,-1,500,520,519,-1,554,553,559,-1,539,538,561,-1,561,538,537,-1,561,537,536,-1,554,559,555,-1,515,507,516,-1,516,507,506,-1,516,506,505,-1,553,552,559,-1,559,552,551,-1,559,551,550,-1,515,514,507,-1,507,514,513,-1,507,513,508,-1,508,513,509,-1,550,549,559,-1,559,549,548,-1,559,548,547,-1,558,557,559,-1,559,557,556,-1,559,556,555,-1,509,513,510,-1,510,513,512,-1,510,512,511,-1,564,570,563,-1,563,570,571,-1,570,564,569,-1,570,569,572,-1,572,569,568,-1,572,568,573,-1,573,568,567,-1,573,567,574,-1,566,575,567,-1,567,575,574,-1,565,576,566,-1,566,576,575,-1,571,576,563,-1,563,576,565,-1,577,168,578,-1,578,168,169,-1,168,577,579,-1,168,579,167,-1,167,579,580,-1,167,580,170,-1,170,580,581,-1,170,581,171,-1,171,581,582,-1,171,582,172,-1,172,582,583,-1,172,583,140,-1,140,583,584,-1,140,584,139,-1,139,584,585,-1,139,585,138,-1,138,585,586,-1,138,586,164,-1,164,586,587,-1,164,587,165,-1,588,166,587,-1,587,166,165,-1,589,173,588,-1,588,173,166,-1,173,589,590,-1,173,590,174,-1,174,590,591,-1,174,591,158,-1,592,159,591,-1,591,159,158,-1,593,160,592,-1,592,160,159,-1,160,593,594,-1,160,594,137,-1,137,594,595,-1,137,595,136,-1,136,595,596,-1,136,596,127,-1,127,596,597,-1,127,597,128,-1,128,597,598,-1,128,598,129,-1,129,598,599,-1,129,599,130,-1,130,599,600,-1,130,600,131,-1,131,600,601,-1,131,601,132,-1,132,601,602,-1,132,602,175,-1,175,602,603,-1,175,603,176,-1,176,603,604,-1,176,604,177,-1,177,604,605,-1,177,605,149,-1,149,605,606,-1,149,606,150,-1,150,606,607,-1,150,607,151,-1,151,607,608,-1,151,608,152,-1,152,608,609,-1,152,609,153,-1,153,609,610,-1,153,610,178,-1,178,610,611,-1,178,611,179,-1,612,180,611,-1,611,180,179,-1,188,180,613,-1,613,180,612,-1,188,613,189,-1,189,613,614,-1,189,614,190,-1,190,614,615,-1,190,615,184,-1,184,615,616,-1,184,616,185,-1,185,616,617,-1,185,617,187,-1,187,617,618,-1,187,618,154,-1,154,618,155,-1,155,618,619,-1,155,619,156,-1,156,619,620,-1,156,620,157,-1,157,620,621,-1,157,621,182,-1,622,183,621,-1,621,183,182,-1,183,622,623,-1,183,623,161,-1,161,623,624,-1,161,624,162,-1,162,624,625,-1,162,625,163,-1,163,625,626,-1,163,626,124,-1,124,626,627,-1,124,627,125,-1,125,627,628,-1,125,628,133,-1,133,628,629,-1,133,629,134,-1,134,629,630,-1,134,630,135,-1,135,630,631,-1,135,631,121,-1,121,631,632,-1,121,632,122,-1,122,632,633,-1,122,633,141,-1,141,633,634,-1,141,634,142,-1,142,634,635,-1,142,635,144,-1,144,635,636,-1,144,636,145,-1,145,636,637,-1,145,637,146,-1,638,147,637,-1,637,147,146,-1,639,148,638,-1,638,148,147,-1,640,143,639,-1,639,143,148,-1,143,640,641,-1,143,641,181,-1,181,641,578,-1,181,578,169,-1,642,643,612,-1,612,643,644,-1,614,613,639,-1,589,588,645,-1,614,639,615,-1,625,624,637,-1,613,612,639,-1,639,612,644,-1,639,644,640,-1,640,644,645,-1,640,645,641,-1,641,645,588,-1,641,588,578,-1,578,588,577,-1,646,647,593,-1,593,647,594,-1,594,647,648,-1,594,648,595,-1,624,623,637,-1,637,623,622,-1,637,622,638,-1,638,622,621,-1,638,621,639,-1,639,621,620,-1,639,620,619,-1,581,580,588,-1,588,580,579,-1,588,579,577,-1,593,592,646,-1,646,592,591,-1,646,591,645,-1,645,591,590,-1,645,590,589,-1,595,648,596,-1,596,648,649,-1,596,649,597,-1,628,627,637,-1,637,627,626,-1,637,626,625,-1,650,608,651,-1,651,608,607,-1,651,607,652,-1,652,607,606,-1,652,606,653,-1,653,606,654,-1,642,612,655,-1,655,612,611,-1,655,611,656,-1,656,611,610,-1,656,610,650,-1,650,610,609,-1,650,609,608,-1,636,635,630,-1,630,635,634,-1,630,634,631,-1,631,634,633,-1,631,633,632,-1,587,586,588,-1,588,586,585,-1,588,585,584,-1,584,583,588,-1,588,583,582,-1,588,582,581,-1,597,649,598,-1,598,649,657,-1,598,657,599,-1,599,657,658,-1,599,658,600,-1,600,658,659,-1,600,659,601,-1,616,615,617,-1,617,615,639,-1,617,639,618,-1,618,639,619,-1,636,630,637,-1,637,630,629,-1,637,629,628,-1,659,660,601,-1,601,660,661,-1,601,661,602,-1,602,661,662,-1,602,662,603,-1,603,662,663,-1,603,663,604,-1,604,663,654,-1,604,654,605,-1,605,654,606,-1,655,664,642,-1,642,664,665,-1,664,655,656,-1,664,656,666,-1,666,656,650,-1,666,650,667,-1,667,650,651,-1,667,651,668,-1,668,651,652,-1,668,652,669,-1,669,652,653,-1,669,653,670,-1,670,653,654,-1,670,654,671,-1,671,654,663,-1,671,663,672,-1,672,663,662,-1,672,662,673,-1,673,662,661,-1,673,661,674,-1,674,661,660,-1,674,660,675,-1,675,660,659,-1,675,659,676,-1,676,659,658,-1,676,658,677,-1,677,658,657,-1,677,657,678,-1,678,657,649,-1,678,649,679,-1,679,649,648,-1,679,648,680,-1,680,648,647,-1,680,647,681,-1,681,647,646,-1,681,646,682,-1,645,683,646,-1,646,683,682,-1,644,684,645,-1,645,684,683,-1,684,644,643,-1,684,643,685,-1,685,643,642,-1,685,642,665,-1,686,329,687,-1,687,329,328,-1,329,686,688,-1,329,688,331,-1,331,688,689,-1,331,689,343,-1,343,689,690,-1,343,690,342,-1,691,332,690,-1,690,332,342,-1,692,401,691,-1,691,401,332,-1,401,692,693,-1,401,693,366,-1,366,693,694,-1,366,694,367,-1,367,694,695,-1,367,695,368,-1,368,695,696,-1,368,696,346,-1,346,696,697,-1,346,697,400,-1,400,697,698,-1,400,698,349,-1,349,698,699,-1,349,699,350,-1,350,699,700,-1,350,700,352,-1,352,700,701,-1,352,701,353,-1,353,701,702,-1,353,702,384,-1,384,702,703,-1,384,703,385,-1,704,369,703,-1,703,369,385,-1,705,370,704,-1,704,370,369,-1,706,371,705,-1,705,371,370,-1,371,706,707,-1,371,707,387,-1,387,707,708,-1,387,708,386,-1,709,351,708,-1,708,351,386,-1,710,359,709,-1,709,359,351,-1,359,710,711,-1,359,711,360,-1,360,711,712,-1,360,712,361,-1,361,712,713,-1,361,713,362,-1,362,713,714,-1,362,714,335,-1,335,714,715,-1,335,715,336,-1,336,715,716,-1,336,716,337,-1,337,716,717,-1,337,717,321,-1,321,717,718,-1,321,718,322,-1,322,718,719,-1,322,719,388,-1,388,719,720,-1,388,720,389,-1,389,720,721,-1,389,721,390,-1,722,402,721,-1,721,402,390,-1,402,722,723,-1,402,723,403,-1,403,723,724,-1,403,724,372,-1,725,373,724,-1,724,373,372,-1,373,725,726,-1,373,726,374,-1,374,726,727,-1,374,727,339,-1,339,727,728,-1,339,728,338,-1,338,728,729,-1,338,729,317,-1,317,729,730,-1,317,730,318,-1,318,730,731,-1,318,731,319,-1,319,731,732,-1,319,732,320,-1,320,732,733,-1,320,733,375,-1,375,733,734,-1,375,734,376,-1,376,734,735,-1,376,735,377,-1,377,735,736,-1,377,736,411,-1,411,736,737,-1,411,737,412,-1,738,413,737,-1,737,413,412,-1,413,738,739,-1,413,739,416,-1,416,739,740,-1,416,740,415,-1,741,414,740,-1,740,414,415,-1,414,741,742,-1,414,742,404,-1,404,742,743,-1,404,743,405,-1,405,743,744,-1,405,744,406,-1,406,744,745,-1,406,745,378,-1,378,745,746,-1,378,746,379,-1,379,746,747,-1,379,747,380,-1,380,747,748,-1,380,748,391,-1,391,748,749,-1,391,749,392,-1,392,749,750,-1,392,750,323,-1,323,750,751,-1,323,751,324,-1,324,751,752,-1,324,752,325,-1,325,752,753,-1,325,753,354,-1,354,753,754,-1,354,754,355,-1,355,754,755,-1,355,755,326,-1,326,755,756,-1,326,756,327,-1,327,756,757,-1,327,757,381,-1,381,757,758,-1,381,758,382,-1,759,383,758,-1,758,383,382,-1,383,759,760,-1,383,760,393,-1,393,760,761,-1,393,761,394,-1,762,395,761,-1,761,395,394,-1,395,762,763,-1,395,763,407,-1,407,763,764,-1,407,764,408,-1,765,396,764,-1,764,396,408,-1,396,765,766,-1,396,766,397,-1,397,766,767,-1,397,767,409,-1,409,767,768,-1,409,768,410,-1,769,344,768,-1,768,344,410,-1,770,345,769,-1,769,345,344,-1,345,770,771,-1,345,771,398,-1,398,771,772,-1,398,772,399,-1,399,772,773,-1,399,773,363,-1,363,773,774,-1,363,774,364,-1,364,774,775,-1,364,775,365,-1,365,775,776,-1,365,776,356,-1,356,776,777,-1,356,777,357,-1,357,777,778,-1,357,778,358,-1,358,778,779,-1,358,779,347,-1,347,779,780,-1,347,780,348,-1,348,780,781,-1,348,781,333,-1,782,334,781,-1,781,334,333,-1,334,782,783,-1,334,783,340,-1,340,783,784,-1,340,784,341,-1,785,330,784,-1,784,330,341,-1,785,687,330,-1,330,687,328,-1,722,707,706,-1,690,689,703,-1,722,721,710,-1,710,721,720,-1,738,737,705,-1,705,737,736,-1,705,736,735,-1,785,741,687,-1,687,741,740,-1,707,722,708,-1,708,722,710,-1,708,710,709,-1,729,728,705,-1,705,728,727,-1,705,727,726,-1,749,748,785,-1,785,748,747,-1,726,725,705,-1,705,725,724,-1,705,724,706,-1,706,724,723,-1,706,723,722,-1,735,734,705,-1,705,734,733,-1,705,733,732,-1,689,688,703,-1,703,688,686,-1,703,686,704,-1,773,772,778,-1,781,771,770,-1,713,712,711,-1,686,687,704,-1,704,687,740,-1,704,740,705,-1,705,740,739,-1,705,739,738,-1,695,694,702,-1,702,694,703,-1,691,690,692,-1,692,690,703,-1,692,703,693,-1,693,703,694,-1,785,753,752,-1,744,743,785,-1,785,743,742,-1,785,742,741,-1,778,772,779,-1,785,763,762,-1,720,719,710,-1,710,719,718,-1,710,718,717,-1,732,731,705,-1,705,731,730,-1,705,730,729,-1,762,761,785,-1,785,761,760,-1,785,760,759,-1,717,716,710,-1,710,716,715,-1,710,715,711,-1,711,715,714,-1,711,714,713,-1,752,751,785,-1,785,751,750,-1,785,750,749,-1,771,781,772,-1,772,781,780,-1,772,780,779,-1,777,776,775,-1,770,769,781,-1,781,769,768,-1,781,768,782,-1,782,768,767,-1,782,767,783,-1,783,767,766,-1,783,766,784,-1,784,766,765,-1,784,765,785,-1,785,765,764,-1,785,764,763,-1,759,758,785,-1,785,758,757,-1,785,757,756,-1,702,701,695,-1,695,701,700,-1,695,700,699,-1,747,746,785,-1,785,746,745,-1,785,745,744,-1,777,775,778,-1,778,775,774,-1,778,774,773,-1,756,755,785,-1,785,755,754,-1,785,754,753,-1,698,697,699,-1,699,697,696,-1,699,696,695,-1,786,195,787,-1,787,195,202,-1,788,196,786,-1,786,196,195,-1,789,228,788,-1,788,228,196,-1,228,789,790,-1,228,790,229,-1,229,790,791,-1,229,791,251,-1,251,791,792,-1,251,792,252,-1,252,792,793,-1,252,793,253,-1,253,793,794,-1,253,794,257,-1,257,794,795,-1,257,795,258,-1,258,795,796,-1,258,796,254,-1,254,796,797,-1,254,797,255,-1,255,797,798,-1,255,798,256,-1,256,798,799,-1,256,799,235,-1,235,799,800,-1,235,800,234,-1,234,800,801,-1,234,801,233,-1,233,801,802,-1,233,802,222,-1,222,802,803,-1,222,803,220,-1,220,803,804,-1,220,804,218,-1,218,804,805,-1,218,805,227,-1,227,805,806,-1,227,806,238,-1,238,806,807,-1,238,807,237,-1,237,807,808,-1,237,808,236,-1,236,808,809,-1,236,809,249,-1,249,809,810,-1,249,810,250,-1,250,810,811,-1,250,811,226,-1,226,811,812,-1,226,812,239,-1,239,812,813,-1,239,813,240,-1,240,813,814,-1,240,814,231,-1,231,814,815,-1,231,815,232,-1,232,815,816,-1,232,816,241,-1,241,816,817,-1,241,817,242,-1,242,817,818,-1,242,818,219,-1,819,221,818,-1,818,221,219,-1,820,207,819,-1,819,207,221,-1,207,820,821,-1,207,821,208,-1,208,821,822,-1,208,822,209,-1,209,822,823,-1,209,823,191,-1,191,823,824,-1,191,824,192,-1,192,824,825,-1,192,825,197,-1,197,825,826,-1,197,826,198,-1,198,826,199,-1,199,826,827,-1,199,827,260,-1,260,827,210,-1,210,827,828,-1,210,828,211,-1,211,828,829,-1,211,829,213,-1,213,829,830,-1,213,830,214,-1,214,830,831,-1,214,831,243,-1,243,831,832,-1,243,832,244,-1,244,832,833,-1,244,833,245,-1,245,833,834,-1,245,834,246,-1,246,834,835,-1,246,835,247,-1,247,835,836,-1,247,836,248,-1,248,836,837,-1,248,837,204,-1,204,837,838,-1,204,838,205,-1,205,838,839,-1,205,839,223,-1,223,839,840,-1,223,840,224,-1,224,840,841,-1,224,841,225,-1,225,841,842,-1,225,842,230,-1,230,842,843,-1,230,843,200,-1,200,843,844,-1,200,844,201,-1,201,844,845,-1,201,845,203,-1,203,845,846,-1,203,846,215,-1,215,846,847,-1,215,847,216,-1,848,217,847,-1,847,217,216,-1,848,787,217,-1,217,787,202,-1,788,786,848,-1,848,786,787,-1,789,788,790,-1,790,788,848,-1,790,848,791,-1,791,848,792,-1,832,831,807,-1,847,794,848,-1,848,794,793,-1,848,793,792,-1,807,831,808,-1,808,831,830,-1,808,830,809,-1,809,830,829,-1,809,829,810,-1,810,829,828,-1,810,828,811,-1,811,828,827,-1,811,827,812,-1,812,827,826,-1,812,826,813,-1,813,826,825,-1,813,825,814,-1,814,825,824,-1,814,824,815,-1,815,824,823,-1,815,823,816,-1,816,823,822,-1,816,822,817,-1,817,822,821,-1,817,821,818,-1,818,821,820,-1,818,820,819,-1,805,804,834,-1,847,846,794,-1,794,846,845,-1,794,845,795,-1,795,845,844,-1,795,844,796,-1,796,844,843,-1,796,843,797,-1,807,806,832,-1,832,806,805,-1,832,805,833,-1,833,805,834,-1,843,842,797,-1,797,842,841,-1,797,841,798,-1,798,841,840,-1,798,840,799,-1,799,840,839,-1,799,839,800,-1,800,839,838,-1,800,838,801,-1,801,838,837,-1,801,837,802,-1,802,837,803,-1,803,837,836,-1,803,836,804,-1,804,836,835,-1,804,835,834,-1,849,266,850,-1,850,266,265,-1,850,265,309,-1,266,849,851,-1,266,851,267,-1,267,851,852,-1,267,852,268,-1,268,852,853,-1,268,853,262,-1,854,279,853,-1,853,279,262,-1,279,854,855,-1,279,855,280,-1,280,855,856,-1,280,856,281,-1,281,856,857,-1,281,857,282,-1,282,857,858,-1,282,858,284,-1,284,858,859,-1,284,859,285,-1,285,859,860,-1,285,860,263,-1,263,860,861,-1,263,861,264,-1,264,861,862,-1,264,862,283,-1,283,862,863,-1,283,863,271,-1,271,863,864,-1,271,864,272,-1,272,864,865,-1,272,865,273,-1,273,865,866,-1,273,866,274,-1,274,866,867,-1,274,867,269,-1,269,867,868,-1,269,868,270,-1,270,868,869,-1,270,869,292,-1,292,869,870,-1,292,870,293,-1,293,870,871,-1,293,871,294,-1,294,871,872,-1,294,872,295,-1,295,872,873,-1,295,873,296,-1,296,873,874,-1,296,874,290,-1,290,874,875,-1,290,875,291,-1,291,875,876,-1,291,876,297,-1,877,298,876,-1,876,298,297,-1,878,299,877,-1,877,299,298,-1,299,878,879,-1,299,879,302,-1,302,879,880,-1,302,880,303,-1,303,880,881,-1,303,881,304,-1,304,881,882,-1,304,882,300,-1,300,882,883,-1,300,883,301,-1,301,883,884,-1,301,884,305,-1,305,884,885,-1,305,885,306,-1,306,885,886,-1,306,886,289,-1,289,886,887,-1,289,887,277,-1,277,887,888,-1,277,888,275,-1,275,888,889,-1,275,889,276,-1,890,278,889,-1,889,278,276,-1,891,286,890,-1,890,286,278,-1,286,891,892,-1,286,892,287,-1,287,892,893,-1,287,893,288,-1,894,307,893,-1,893,307,288,-1,307,894,308,-1,308,894,850,-1,308,850,309,-1,864,863,872,-1,872,863,862,-1,872,862,861,-1,861,860,872,-1,872,860,859,-1,872,859,873,-1,873,859,858,-1,873,858,874,-1,891,890,854,-1,854,890,889,-1,854,889,888,-1,858,857,874,-1,874,857,856,-1,874,856,875,-1,875,856,855,-1,850,894,849,-1,849,894,893,-1,849,893,851,-1,851,893,892,-1,851,892,852,-1,852,892,891,-1,852,891,853,-1,853,891,854,-1,888,887,854,-1,854,887,886,-1,854,886,885,-1,866,871,870,-1,871,866,872,-1,872,866,865,-1,872,865,864,-1,885,884,854,-1,854,884,883,-1,854,883,882,-1,882,881,854,-1,854,881,880,-1,854,880,879,-1,879,878,854,-1,854,878,877,-1,854,877,855,-1,855,877,876,-1,855,876,875,-1,870,869,866,-1,866,869,868,-1,866,868,867,-1,575,576,571,-1,571,570,572,-1,572,573,571,-1,571,573,574,-1,571,574,575,-1,681,682,673,-1,683,684,682,-1,682,684,685,-1,682,685,665,-1,681,673,680,-1,665,664,682,-1,682,664,666,-1,682,666,667,-1,680,673,679,-1,679,673,674,-1,679,674,675,-1,667,668,682,-1,682,668,669,-1,682,669,670,-1,675,676,679,-1,679,676,677,-1,679,677,678,-1,670,671,682,-1,682,671,672,-1,682,672,673,-1,
        ]
    }
}
Shape{
    appearance Appearance {
        material  Material 	{
            diffuseColor 0.6470588235294118 0.6196078431372549 0.5882352941176471
            specularColor 0.45098039215686275 0.43529411764705883 0.4117647058823529
            ambientIntensity 0.2
            transparency 0
            shininess 0.5
        }
    }
    geometry IndexedFaceSet {
        ccw TRUE
        solid FALSE
        coord DEF co Coordinate {
            point [
                2.1161 3.4843 -1.1811, 2.0374 3.4055 -1.5748, 1.8209 3.4843 -1.1811, 1.8996 3.4055 -1.5748, 2.0374 3.2874 -1.5748, 2.1161 3.2087 -1.1811, 1.8209 3.2087 -1.1811, 1.8996 3.2874 -1.5748, 1.8209 3.2087 0.3937, 2.1161 3.2087 0.3937, 2.1161 3.4843 0.3937, 1.8209 3.4843 0.3937, 1.3878 0.5782 7.2507, 2.5689 0.5782 7.2507, 2.5689 0.6355 7.1779, 1.3878 0.6355 7.1779, 2.5689 0.6743 7.0938, 1.3878 0.6743 7.0938, 2.5689 0.6923 7.0029, 1.3878 0.6923 7.0029, 2.5689 0.2467 6.5573, 2.1161 0.2467 6.5573, 2.5689 0.2493 6.6421, 2.1161 0.2493 6.6421, 2.5689 0.2699 6.7243, 2.1161 0.2699 6.7243, 2.5689 0.3077 6.8003, 2.1161 0.3077 6.8003, 2.5689 0.3608 6.8663, 2.1161 0.3608 6.8663, 2.5689 0.166 7.0612, 1.3878 0.166 7.0612, 1.3878 0.0685 6.9376, 2.5689 0.0685 6.9376, 1.3878 0.0027 6.7947, 2.5689 0.0027 6.7947, 1.3878 -0.028 6.6403, 2.5689 -0.028 6.6403, 1.3878 -0.0218 6.483, 2.5689 -0.0218 6.483, 1.3878 0.021 6.3316, 2.5689 0.021 6.3316, 1.8209 0.2467 6.5573, 1.3878 0.2467 6.5573, 1.8209 0.2493 6.6421, 1.3878 0.2493 6.6421, 1.8209 0.2699 6.7243, 1.3878 0.2699 6.7243, 1.8209 0.3077 6.8003, 1.3878 0.3077 6.8003, 1.8209 0.3608 6.8663, 1.3878 0.3608 6.8663, 2.5689 0.3833 6.8888, 2.1161 0.3833 6.8888, 2.5689 0.4808 6.7914, 2.1161 0.4808 6.7914, 1.8209 0.3833 6.8888, 1.3878 0.3833 6.8888, 1.8209 0.4808 6.7914, 1.3878 0.4808 6.7914, 2.5689 0.4139 6.9418, 2.5689 0.4021 6.9133, 2.5689 -0.3544 8.1833, 2.5689 -0.5493 7.9884, 2.5689 0.3833 7.0558, 2.5689 0.4021 7.0314, 2.5689 0.4139 7.0029, 2.5689 0.4179 6.9723, 1.3878 0.4021 6.9133, 1.3878 -0.5493 7.9884, 1.3878 -0.3544 8.1833, 1.3878 0.3833 7.0558, 1.3878 0.4021 7.0314, 1.3878 0.4139 7.0029, 1.3878 0.4179 6.9723, 1.3878 0.4139 6.9418, 2.1161 -2.4213 -1.1811, 2.0374 -2.5 -1.5748, 1.8209 -2.4213 -1.1811, 1.8996 -2.5 -1.5748, 2.0374 -2.6181 -1.5748, 2.1161 -2.6969 -1.1811, 1.8209 -2.6969 -1.1811, 1.8996 -2.6181 -1.5748, 1.8209 -2.6969 0.3937, 2.1161 -2.6969 0.3937, 2.1161 -2.4213 0.3937, 1.8209 -2.4213 0.3937, 1.8209 -2.6904 0.9609, 2.1161 -2.6904 0.9609, 2.1161 -2.6683 1.0368, 1.8209 -2.6683 1.0368, 2.1161 -2.6315 1.1068, 1.8209 -2.6315 1.1068, 2.1161 -2.5815 1.168, 1.8209 -2.5815 1.168, 1.3878 -1.6956 2.221, 2.5689 -1.6956 2.221, 2.5689 -1.6382 2.1483, 1.3878 -1.6382 2.1483, 2.5689 -1.5995 2.0641, 1.3878 -1.5995 2.0641, 2.5689 -1.5814 1.9732, 1.3878 -1.5814 1.9732, 2.5689 -2.5815 1.168, 2.5689 -2.4841 1.0706, 2.1161 -2.4841 1.0706, 1.3878 -2.5815 1.168, 1.8209 -2.4841 1.0706, 1.3878 -2.4841 1.0706, 2.5689 -1.8904 1.8591, 2.5689 -1.8717 1.8836, 2.5689 -1.8599 1.9121, 2.5689 -2.6282 3.1536, 2.5689 -2.823 2.9588, 2.5689 -1.8904 2.0262, 2.5689 -1.8717 2.0017, 2.5689 -1.8599 1.9732, 2.5689 -1.8558 1.9426, 1.3878 -1.8904 1.8591, 1.3878 -1.8717 1.8836, 1.3878 -2.823 2.9588, 1.3878 -2.6282 3.1536, 1.3878 -1.8904 2.0262, 1.3878 -1.8717 2.0017, 1.3878 -1.8599 1.9732, 1.3878 -1.8558 1.9426, 1.3878 -1.8599 1.9121, 1.8209 -2.6421 0.9126, 2.1161 -2.6421 0.9126, 2.1161 -2.6421 0.9126
            ]
        }
        coordIndex [
            0,1,2,-1,2,1,3,-1,1,0,4,-1,4,0,5,-1,2,3,6,-1,6,3,7,-1,6,7,5,-1,5,7,4,-1,6,5,8,-1,8,5,9,-1,1,4,3,-1,3,4,7,-1,10,0,11,-1,11,0,2,-1,5,0,9,-1,9,0,10,-1,11,2,8,-1,8,2,6,-1,12,13,14,-1,12,14,15,-1,15,14,16,-1,15,16,17,-1,17,16,18,-1,17,18,19,-1,20,21,22,-1,22,21,23,-1,22,23,24,-1,24,23,25,-1,24,25,26,-1,26,25,27,-1,26,27,28,-1,28,27,29,-1,30,31,32,-1,30,32,33,-1,33,32,34,-1,33,34,35,-1,35,34,36,-1,35,36,37,-1,37,36,38,-1,37,38,39,-1,39,38,40,-1,39,40,41,-1,42,43,44,-1,44,43,45,-1,44,45,46,-1,46,45,47,-1,46,47,48,-1,48,47,49,-1,48,49,50,-1,50,49,51,-1,41,20,39,-1,39,20,22,-1,28,30,26,-1,26,30,33,-1,26,33,24,-1,24,33,35,-1,24,35,22,-1,22,35,37,-1,22,37,39,-1,31,51,32,-1,32,51,49,-1,32,49,34,-1,34,49,47,-1,34,47,36,-1,36,47,45,-1,36,45,38,-1,38,45,43,-1,38,43,40,-1,52,53,54,-1,54,53,55,-1,56,57,58,-1,58,57,59,-1,18,60,54,-1,54,60,61,-1,54,61,52,-1,62,63,13,-1,13,63,64,-1,13,64,14,-1,14,64,65,-1,14,65,16,-1,16,65,66,-1,16,66,18,-1,18,66,67,-1,18,67,60,-1,59,57,68,-1,59,68,19,-1,69,70,71,-1,71,70,12,-1,71,12,72,-1,72,12,15,-1,72,15,73,-1,73,15,17,-1,73,17,74,-1,74,17,19,-1,74,19,75,-1,75,19,68,-1,46,58,44,-1,44,58,42,-1,46,48,58,-1,58,48,50,-1,58,50,56,-1,53,29,55,-1,55,29,27,-1,27,25,55,-1,55,25,23,-1,55,23,21,-1,63,62,69,-1,69,62,70,-1,63,69,64,-1,64,69,71,-1,56,50,53,-1,53,50,29,-1,53,52,61,-1,68,57,56,-1,56,53,68,-1,68,53,61,-1,68,61,75,-1,75,61,60,-1,75,60,74,-1,74,60,67,-1,74,67,73,-1,73,67,66,-1,73,66,72,-1,72,66,65,-1,72,65,71,-1,71,65,64,-1,30,28,29,-1,30,29,31,-1,31,29,50,-1,31,50,51,-1,62,13,70,-1,70,13,12,-1,76,77,78,-1,78,77,79,-1,77,76,80,-1,80,76,81,-1,78,79,82,-1,82,79,83,-1,82,83,81,-1,81,83,80,-1,82,81,84,-1,84,81,85,-1,77,80,79,-1,79,80,83,-1,86,76,87,-1,87,76,78,-1,81,76,85,-1,85,76,86,-1,87,78,84,-1,84,78,82,-1,88,89,90,-1,88,90,91,-1,91,90,92,-1,91,92,93,-1,93,92,94,-1,93,94,95,-1,96,97,98,-1,96,98,99,-1,99,98,100,-1,99,100,101,-1,101,100,102,-1,101,102,103,-1,104,94,105,-1,105,94,106,-1,95,107,108,-1,108,107,109,-1,104,105,110,-1,110,105,102,-1,110,102,111,-1,111,102,112,-1,113,114,97,-1,97,114,115,-1,97,115,98,-1,98,115,116,-1,98,116,100,-1,100,116,117,-1,100,117,102,-1,102,117,118,-1,102,118,112,-1,109,107,103,-1,103,107,119,-1,103,119,120,-1,121,122,123,-1,123,122,96,-1,123,96,124,-1,124,96,99,-1,124,99,125,-1,125,99,101,-1,125,101,126,-1,126,101,103,-1,126,103,127,-1,127,103,120,-1,93,95,108,-1,93,108,91,-1,91,108,128,-1,91,128,88,-1,89,129,90,-1,90,129,106,-1,90,106,92,-1,92,106,94,-1,114,113,121,-1,121,113,122,-1,114,121,115,-1,115,121,123,-1,94,104,110,-1,94,110,95,-1,95,110,119,-1,95,119,107,-1,119,110,120,-1,120,110,111,-1,120,111,127,-1,127,111,112,-1,127,112,126,-1,126,112,118,-1,126,118,125,-1,125,118,117,-1,125,117,124,-1,124,117,116,-1,124,116,123,-1,123,116,115,-1,113,97,122,-1,122,97,96,-1,
        ]
    }
}